[1206, 274, 89, 1708, 521, 1452, 600, 600, 134, 1685, 1519, 0, 0, 0, 0, 0, 0, 0, 0, 0],
[1206, 274, 136, 1195, 1400, 161, 136, 1223, 1774, 1592, 136, 0, 0, 0, 0, 0, 0, 0, 0, 0],
[1206, 274, 1708, 42, 1140, 1160, 659, 1355, 0, 0, 0, 0, 0, 0, 0, 0, 0, 0, 0, 0],
[1206, 274, 203, 990, 7, 944, 0, 0, 0, 0, 0, 0, 0, 0, 0, 0, 0, 0, 0, 0],
[121, 1503, 1708, 1523, 1281, 201, 565, 1322, 849, 168, 953, 849, 1342, 953, 1523, 136, 0, 0, 0, 0],
[1206, 274, 1369, 1170, 1070, 1686, 854, 67, 1118, 650, 1121, 0, 0, 0, 0, 0, 0, 0, 0, 0],
[1290, 842, 962, 1239, 1040, 724, 1548, 1708, 1400, 1599, 683, 7, 1389, 1290, 842, 0, 0, 0, 0, 0],
[1206, 274, 362, 1002, 944, 1090, 42, 943, 3, 1188, 0, 0, 0, 0, 0, 0, 0, 0, 0, 0],
[1206, 274, 906, 442, 1519, 944, 216, 943, 733, 548, 944, 796, 537, 0, 0, 0, 0, 0, 0, 0],
[1206, 274, 118, 849, 1326, 1120, 859, 0, 0, 0, 0, 0, 0, 0, 0, 0, 0, 0, 0, 0],
[1206, 274, 1382, 1075, 219, 1375, 615, 1206, 0, 0, 0, 0, 0, 0, 0, 0, 0, 0, 0, 0],
[1206, 274, 365, 304, 6, 213, 197, 0, 0, 0, 0, 0, 0, 0, 0, 0, 0, 0, 0, 0],
[1206, 274, 918, 205, 312, 557, 1481, 1323, 1206, 274, 1591, 0, 0, 0, 0, 0, 0, 0, 0, 0],
[1206, 274, 68, 124, 404, 358, 1777, 740, 0, 0, 0, 0, 0, 0, 0, 0, 0, 0, 0, 0],
[1206, 274, 441, 1206, 274, 510, 733, 503, 4, 1257, 215, 0, 0, 0, 0, 0, 0, 0, 0, 0],
[1206, 274, 354, 919, 1241, 1567, 1002, 0, 0, 0, 0, 0, 0, 0, 0, 0, 0, 0, 0, 0],
[1206, 274, 615, 953, 1523, 0, 0, 0, 0, 0, 0, 0, 0, 0, 0, 0, 0, 0, 0, 0],
[1206, 274, 1299, 1264, 1385, 1288, 944, 426, 1199, 1090, 0, 0, 0, 0, 0, 0, 0, 0, 0, 0],
[1290, 842, 365, 1147, 64, 886, 523, 866, 0, 0, 0, 0, 0, 0, 0, 0, 0, 0, 0, 0],
[1206, 274, 134, 600, 980, 0, 0, 0, 0, 0, 0, 0, 0, 0, 0, 0, 0, 0, 0, 0],
[1206, 274, 1536, 860, 1181, 1708, 1523, 919, 484, 866, 219, 1326, 690, 0, 0, 0, 0, 0, 0, 0],
[121, 864, 1369, 824, 354, 1708, 1140, 990, 1281, 201, 565, 849, 168, 953, 849, 1342, 953, 1523, 42, 1775],
[1290, 842, 1260, 866, 1780, 365, 92, 1106, 0, 0, 0, 0, 0, 0, 0, 0, 0, 0, 0, 0],
[1206, 274, 452, 49, 990, 0, 0, 0, 0, 0, 0, 0, 0, 0, 0, 0, 0, 0, 0, 0],
[1206, 274, 376, 1008, 673, 511, 641, 824, 1299, 0, 0, 0, 0, 0, 0, 0, 0, 0, 0, 0],
[1206, 274, 293, 902, 1074, 715, 42, 1398, 1166, 0, 0, 0, 0, 0, 0, 0, 0, 0, 0, 0],
[1206, 274, 849, 1120, 102, 1688, 1756, 0, 0, 0, 0, 0, 0, 0, 0, 0, 0, 0, 0, 0],
[1206, 274, 58, 864, 353, 1741, 1708, 1523, 58, 121, 684, 433, 1688, 1565, 1741, 906, 0, 0, 0, 0],
[1206, 274, 1331, 493, 950, 1696, 433, 479, 548, 241, 0, 0, 0, 0, 0, 0, 0, 0, 0, 0],
[953, 1523, 1708, 523, 866, 1696, 433, 1191, 1589, 343, 0, 0, 0, 0, 0, 0, 0, 0, 0, 0],
[1206, 274, 942, 343, 1702, 1708, 492, 1490, 1738, 754, 711, 684, 433, 1688, 1565, 1741, 0, 0, 0, 0],
[1206, 274, 89, 990, 1634, 362, 185, 42, 1424, 949, 849, 636, 173, 762, 0, 0, 0, 0, 0, 0],
[1290, 842, 1222, 960, 9, 236, 1708, 1672, 228, 25, 497, 1708, 3, 0, 0, 0, 0, 0, 0, 0],
[1206, 274, 1615, 48, 205, 95, 354, 95, 1369, 824, 362, 1708, 1140, 990, 0, 0, 0, 0, 0, 0],
[1206, 274, 21, 791, 411, 621, 504, 856, 0, 0, 0, 0, 0, 0, 0, 0, 0, 0, 0, 0],
[1206, 274, 1238, 190, 780, 1227, 1708, 406, 1120, 1090, 1372, 1071, 1227, 1708, 1786, 0, 0, 0, 0, 0],
[1206, 274, 619, 1206, 274, 1369, 106, 121, 673, 979, 673, 974, 1696, 433, 0, 0, 0, 0, 0, 0],
[1206, 274, 1260, 58, 1306, 1230, 371, 0, 0, 0, 0, 0, 0, 0, 0, 0, 0, 0, 0, 0],
[1290, 842, 18, 459, 323, 673, 33, 365, 0, 0, 0, 0, 0, 0, 0, 0, 0, 0, 0, 0],
[1206, 274, 203, 944, 1106, 58, 1208, 1506, 856, 678, 0, 0, 0, 0, 0, 0, 0, 0, 0, 0],
[1206, 274, 42, 1471, 1567, 1204, 1317, 951, 1708, 1519, 1413, 222, 253, 261, 666, 0, 0, 0, 0, 0],
[1206, 274, 1371, 1708, 708, 1631, 1549, 659, 1355, 365, 0, 0, 0, 0, 0, 0, 0, 0, 0, 0],
[1206, 274, 996, 1730, 1010, 1478, 698, 6, 376, 150, 0, 0, 0, 0, 0, 0, 0, 0, 0, 0],
[1206, 274, 1696, 433, 1484, 1399, 872, 0, 0, 0, 0, 0, 0, 0, 0, 0, 0, 0, 0, 0],
[1206, 274, 1212, 0, 0, 0, 0, 0, 0, 0, 0, 0, 0, 0, 0, 0, 0, 0, 0, 0],
[1206, 274, 1696, 433, 1484, 1399, 0, 0, 0, 0, 0, 0, 0, 0, 0, 0, 0, 0, 0, 0],
[1206, 274, 1227, 872, 1699, 1071, 934, 1288, 849, 1227, 1509, 1075, 1106, 25, 0, 0, 0, 0, 0, 0],
[1206, 274, 58, 370, 856, 1227, 1708, 370, 1469, 25, 1090, 1471, 0, 0, 0, 0, 0, 0, 0, 0],
[1206, 274, 318, 1708, 823, 919, 262, 1425, 832, 42, 1567, 0, 0, 0, 0, 0, 0, 0, 0, 0],
[1206, 274, 1413, 1676, 919, 944, 615, 1206, 274, 0, 0, 0, 0, 0, 0, 0, 0, 0, 0, 0],
[1206, 274, 93, 1188, 919, 1471, 1212, 1193, 1424, 949, 614, 1488, 492, 1622, 1206, 884, 0, 0, 0, 0],
[1206, 274, 919, 1022, 524, 1680, 0, 0, 0, 0, 0, 0, 0, 0, 0, 0, 0, 0, 0, 0],
[1206, 274, 1424, 949, 1708, 908, 872, 1699, 102, 1492, 872, 351, 0, 0, 0, 0, 0, 0, 0, 0],
[1206, 274, 1769, 1495, 1714, 433, 523, 866, 0, 0, 0, 0, 0, 0, 0, 0, 0, 0, 0, 0],
[1206, 274, 1212, 365, 0, 0, 0, 0, 0, 0, 0, 0, 0, 0, 0, 0, 0, 0, 0, 0],
[1206, 274, 1064, 1197, 212, 226, 15, 205, 5, 268, 1715, 1567, 25, 0, 0, 0, 0, 0, 0, 0],
[1206, 274, 0, 0, 0, 0, 0, 0, 0, 0, 0, 0, 0, 0, 0, 0, 0, 0, 0, 0],
[953, 1523, 1708, 523, 1696, 433, 1423, 1140, 990, 1660, 365, 1369, 298, 145, 21, 1390, 0, 0, 0, 0],
[1206, 274, 1391, 744, 1002, 944, 215, 1432, 1712, 1727, 1580, 362, 1786, 0, 0, 0, 0, 0, 0, 0],
[1206, 274, 285, 673, 833, 1676, 1010, 365, 365, 1236, 1128, 744, 1457, 0, 0, 0, 0, 0, 0, 0],
[1206, 274, 953, 31, 919, 759, 507, 720, 339, 0, 0, 0, 0, 0, 0, 0, 0, 0, 0, 0],
[1290, 842, 615, 145, 92, 25, 1661, 647, 1070, 1269, 949, 849, 1657, 0, 0, 0, 0, 0, 0, 0],
[1206, 274, 107, 257, 1022, 62, 654, 205, 673, 365, 1294, 1022, 1763, 654, 205, 673, 365, 1208, 868, 0],
[1206, 274, 615, 849, 953, 1326, 815, 904, 343, 906, 1708, 1314, 881, 944, 642, 1002, 0, 0, 0, 0],
[953, 1523, 1708, 523, 1696, 433, 1369, 1629, 1423, 1140, 990, 365, 1369, 298, 145, 21, 1390, 0, 0, 0],
[1206, 274, 318, 58, 205, 824, 362, 1708, 1554, 42, 25, 941, 1508, 0, 0, 0, 0, 0, 0, 0],
[1206, 274, 121, 273, 879, 1195, 1400, 1250, 1241, 762, 371, 1672, 14, 1676, 1786, 0, 0, 0, 0, 0],
[1206, 274, 21, 953, 1140, 461, 0, 0, 0, 0, 0, 0, 0, 0, 0, 0, 0, 0, 0, 0],
[1206, 274, 1593, 1450, 1383, 218, 856, 919, 944, 990, 1206, 274, 413, 1785, 0, 0, 0, 0, 0, 0],
[1290, 842, 1420, 1780, 990, 365, 11, 1693, 1708, 0, 0, 0, 0, 0, 0, 0, 0, 0, 0, 0],
[1206, 274, 847, 321, 1690, 715, 937, 1398, 1288, 791, 0, 0, 0, 0, 0, 0, 0, 0, 0, 0],
[1206, 274, 1206, 576, 638, 93, 919, 1471, 1708, 1176, 849, 0, 0, 0, 0, 0, 0, 0, 0, 0],
[1206, 274, 185, 848, 1690, 1544, 1708, 1484, 1263, 439, 0, 0, 0, 0, 0, 0, 0, 0, 0, 0],
[1206, 274, 50, 433, 1227, 1391, 379, 1121, 690, 1324, 1121, 1523, 0, 0, 0, 0, 0, 0, 0, 0],
[1206, 274, 441, 6, 58, 1629, 1132, 1086, 706, 715, 0, 0, 0, 0, 0, 0, 0, 0, 0, 0],
[1206, 274, 1217, 1536, 1550, 7, 0, 0, 0, 0, 0, 0, 0, 0, 0, 0, 0, 0, 0, 0],
[1206, 274, 906, 1366, 637, 1708, 953, 459, 1701, 0, 0, 0, 0, 0, 0, 0, 0, 0, 0, 0],
[1206, 274, 475, 1206, 274, 1260, 555, 1708, 1400, 1495, 6, 0, 0, 0, 0, 0, 0, 0, 0, 0],
[1206, 274, 21, 1469, 721, 849, 953, 1523, 1708, 431, 924, 0, 0, 0, 0, 0, 0, 0, 0, 0],
[1206, 274, 21, 1040, 1708, 660, 125, 0, 0, 0, 0, 0, 0, 0, 0, 0, 0, 0, 0, 0],
[1206, 274, 0, 0, 0, 0, 0, 0, 0, 0, 0, 0, 0, 0, 0, 0, 0, 0, 0, 0],
[1206, 274, 588, 849, 953, 0, 0, 0, 0, 0, 0, 0, 0, 0, 0, 0, 0, 0, 0, 0],
[1290, 842, 1634, 1167, 299, 353, 365, 0, 0, 0, 0, 0, 0, 0, 0, 0, 0, 0, 0, 0],
[1206, 274, 1688, 916, 1195, 1400, 1012, 872, 1519, 1708, 585, 479, 1132, 0, 0, 0, 0, 0, 0, 0],
[1206, 274, 58, 493, 950, 1696, 433, 1399, 273, 0, 0, 0, 0, 0, 0, 0, 0, 0, 0, 0],
[1206, 274, 642, 1002, 944, 93, 1466, 0, 0, 0, 0, 0, 0, 0, 0, 0, 0, 0, 0, 0],
[1206, 274, 906, 0, 0, 0, 0, 0, 0, 0, 0, 0, 0, 0, 0, 0, 0, 0, 0, 0],
[1290, 842, 1471, 1319, 25, 365, 42, 391, 1424, 1565, 365, 188, 0, 0, 0, 0, 0, 0, 0, 0],
[1206, 274, 1260, 365, 824, 1565, 365, 0, 0, 0, 0, 0, 0, 0, 0, 0, 0, 0, 0, 0],
[1206, 274, 1002, 196, 0, 0, 0, 0, 0, 0, 0, 0, 0, 0, 0, 0, 0, 0, 0, 0],
[1206, 274, 1614, 4, 1484, 42, 893, 1512, 1188, 1227, 219, 1071, 1075, 1614, 1188, 58, 0, 0, 0, 0],
[1206, 274, 804, 1263, 321, 1672, 717, 953, 1436, 1484, 0, 0, 0, 0, 0, 0, 0, 0, 0, 0],
[1206, 274, 384, 1531, 1120, 3, 856, 1542, 1672, 459, 953, 459, 0, 0, 0, 0, 0, 0, 0, 0],
[1206, 274, 548, 1206, 1545, 1699, 398, 127, 1029, 1043, 1708, 1400, 273, 693, 0, 0, 0, 0, 0, 0],
[1206, 274, 452, 1227, 922, 1106, 283, 0, 0, 0, 0, 0, 0, 0, 0, 0, 0, 0, 0, 0],
[1290, 842, 334, 1290, 842, 849, 953, 1342, 1523, 185, 1403, 245, 882, 953, 459, 1394, 0, 0, 0, 0],
[121, 864, 1708, 1523, 445, 1086, 1369, 824, 354, 1708, 1140, 990, 1281, 201, 565, 0, 0, 0, 0, 0],
[1206, 274, 907, 1206, 274, 1469, 849, 1466, 0, 0, 0, 0, 0, 0, 0, 0, 0, 0, 0, 0],
[1206, 274, 334, 1290, 842, 849, 953, 1342, 1523, 185, 1403, 245, 882, 953, 459, 1394, 0, 0, 0, 0],
[1206, 274, 6, 185, 1619, 1726, 1212, 1176, 274, 908, 1531, 1523, 1369, 0, 0, 0, 0, 0, 0, 0],
[1206, 274, 354, 1355, 1676, 1423, 990, 0, 0, 0, 0, 0, 0, 0, 0, 0, 0, 0, 0, 0],
[1206, 274, 615, 849, 953, 1326, 482, 953, 376, 557, 0, 0, 0, 0, 0, 0, 0, 0, 0, 0],
[1206, 274, 872, 1699, 1369, 1469, 1708, 433, 859, 1288, 976, 767, 0, 0, 0, 0, 0, 0, 0, 0],
[1206, 274, 991, 524, 1090, 1784, 0, 0, 0, 0, 0, 0, 0, 0, 0, 0, 0, 0, 0, 0],
[1206, 274, 1260, 1456, 1143, 21, 1495, 1248, 741, 1482, 381, 1786, 0, 0, 0, 0, 0, 0, 0, 0],
[1206, 274, 886, 872, 1699, 1045, 1371, 219, 1071, 550, 1294, 1075, 0, 0, 0, 0, 0, 0, 0, 0],
[1206, 274, 1760, 548, 617, 1392, 1708, 1045, 6, 42, 1216, 0, 0, 0, 0, 0, 0, 0, 0, 0],
[1206, 274, 1771, 1431, 1002, 1288, 912, 1002, 1708, 744, 833, 0, 0, 0, 0, 0, 0, 0, 0, 0],
[1290, 842, 1260, 365, 0, 0, 0, 0, 0, 0, 0, 0, 0, 0, 0, 0, 0, 0, 0, 0],
[1206, 274, 441, 1761, 891, 58, 849, 1120, 147, 919, 944, 990, 0, 0, 0, 0, 0, 0, 0, 0],
[1206, 274, 556, 1206, 9, 1330, 41, 1491, 237, 963, 1061, 0, 0, 0, 0, 0, 0, 0, 0, 0],
[1206, 274, 708, 921, 642, 1002, 0, 0, 0, 0, 0, 0, 0, 0, 0, 0, 0, 0, 0, 0],
[1206, 274, 1180, 1464, 1241, 25, 1708, 673, 0, 0, 0, 0, 0, 0, 0, 0, 0, 0, 0, 0],
[1206, 274, 1524, 1022, 953, 1523, 1399, 3, 856, 0, 0, 0, 0, 0, 0, 0, 0, 0, 0, 0],
[1206, 274, 321, 919, 1449, 1376, 264, 1310, 1323, 1206, 274, 0, 0, 0, 0, 0, 0, 0, 0, 0],
[1206, 274, 58, 1369, 1690, 1708, 0, 0, 0, 0, 0, 0, 0, 0, 0, 0, 0, 0, 0, 0],
[1206, 274, 923, 1227, 260, 1742, 1484, 1106, 259, 564, 0, 0, 0, 0, 0, 0, 0, 0, 0, 0],
[1290, 842, 1523, 545, 334, 25, 1523, 510, 1399, 872, 1399, 0, 0, 0, 0, 0, 0, 0, 0, 0],
[1206, 274, 1381, 869, 1369, 1629, 1423, 354, 990, 35, 1386, 354, 1672, 107, 1346, 6, 0, 0, 0, 0],
[1206, 274, 1022, 953, 1057, 150, 1070, 611, 1269, 1288, 0, 0, 0, 0, 0, 0, 0, 0, 0, 0],
[1206, 274, 645, 1482, 715, 136, 466, 646, 1206, 1012, 1484, 1502, 960, 0, 0, 0, 0, 0, 0, 0],
[1206, 274, 637, 944, 33, 1712, 0, 0, 0, 0, 0, 0, 0, 0, 0, 0, 0, 0, 0, 0],
[1206, 274, 824, 1692, 1529, 1712, 1066, 0, 0, 0, 0, 0, 0, 0, 0, 0, 0, 0, 0, 0],
[953, 1523, 1708, 523, 1696, 433, 1369, 1629, 1423, 1140, 990, 365, 0, 0, 0, 0, 0, 0, 0, 0],
[1206, 274, 347, 433, 273, 402, 1082, 0, 0, 0, 0, 0, 0, 0, 0, 0, 0, 0, 0, 0],
[519, 953, 1523, 953, 1394, 0, 0, 0, 0, 0, 0, 0, 0, 0, 0, 0, 0, 0, 0, 0],
[1206, 274, 1542, 4, 576, 1392, 433, 1176, 949, 530, 1344, 953, 136, 102, 1002, 0, 0, 0, 0, 0],
[1206, 274, 1098, 291, 1224, 1392, 1195, 1132, 1760, 1180, 1206, 646, 0, 0, 0, 0, 0, 0, 0, 0],
[1206, 274, 12, 177, 1206, 1022, 772, 1467, 1538, 233, 1708, 1400, 673, 1369, 919, 1022, 524, 1680, 615, 0],
[1206, 274, 1708, 285, 944, 0, 0, 0, 0, 0, 0, 0, 0, 0, 0, 0, 0, 0, 0, 0],
[1206, 274, 1170, 872, 1699, 942, 58, 893, 1493, 0, 0, 0, 0, 0, 0, 0, 0, 0, 0, 0],
[1206, 274, 1637, 1523, 1544, 849, 953, 1399, 1227, 801, 990, 0, 0, 0, 0, 0, 0, 0, 0, 0],
[1206, 274, 1195, 81, 1392, 574, 388, 379, 1121, 0, 0, 0, 0, 0, 0, 0, 0, 0, 0, 0],
[1290, 842, 1523, 545, 334, 25, 1523, 510, 1399, 0, 0, 0, 0, 0, 0, 0, 0, 0, 0, 0],
[1206, 274, 864, 1494, 908, 1567, 1604, 354, 0, 0, 0, 0, 0, 0, 0, 0, 0, 0, 0, 0],
[1206, 274, 1180, 1471, 1174, 517, 1780, 1708, 0, 0, 0, 0, 0, 0, 0, 0, 0, 0, 0, 0],
[1206, 274, 1022, 1708, 321, 391, 1476, 150, 1288, 327, 1288, 15, 1090, 61, 859, 944, 0, 0, 0, 0],
[1290, 842, 334, 42, 1331, 0, 0, 0, 0, 0, 0, 0, 0, 0, 0, 0, 0, 0, 0, 0],
[1206, 274, 833, 1121, 418, 1699, 419, 0, 0, 0, 0, 0, 0, 0, 0, 0, 0, 0, 0, 0],
[1290, 842, 302, 777, 816, 25, 1780, 990, 0, 0, 0, 0, 0, 0, 0, 0, 0, 0, 0, 0],
[121, 864, 849, 168, 953, 1523, 331, 905, 0, 0, 0, 0, 0, 0, 0, 0, 0, 0, 0, 0],
[1290, 842, 1195, 1132, 1328, 121, 0, 0, 0, 0, 0, 0, 0, 0, 0, 0, 0, 0, 0, 0],
[1206, 274, 966, 1288, 15, 1248, 548, 0, 0, 0, 0, 0, 0, 0, 0, 0, 0, 0, 0, 0],
[1206, 274, 639, 1180, 1708, 315, 1438, 551, 302, 2, 1180, 1596, 1333, 0, 0, 0, 0, 0, 0, 0],
[121, 864, 1369, 1227, 1106, 433, 1170, 872, 1699, 402, 262, 407, 0, 0, 0, 0, 0, 0, 0, 0],
[1206, 274, 893, 260, 1399, 0, 0, 0, 0, 0, 0, 0, 0, 0, 0, 0, 0, 0, 0, 0],
[1206, 274, 1708, 1523, 1056, 0, 0, 0, 0, 0, 0, 0, 0, 0, 0, 0, 0, 0, 0, 0],
[1206, 274, 874, 1460, 906, 1436, 1523, 0, 0, 0, 0, 0, 0, 0, 0, 0, 0, 0, 0, 0],
[1206, 274, 1708, 1523, 1775, 145, 1176, 1437, 654, 1174, 517, 666, 0, 0, 0, 0, 0, 0, 0, 0],
[1206, 274, 1343, 701, 539, 990, 0, 0, 0, 0, 0, 0, 0, 0, 0, 0, 0, 0, 0, 0],
[1206, 274, 1288, 937, 524, 0, 0, 0, 0, 0, 0, 0, 0, 0, 0, 0, 0, 0, 0, 0],
[1206, 274, 317, 1206, 58, 1288, 1090, 1303, 329, 1760, 1519, 58, 1156, 548, 12, 0, 0, 0, 0, 0],
[1206, 274, 1216, 1132, 1288, 815, 0, 0, 0, 0, 0, 0, 0, 0, 0, 0, 0, 0, 0, 0],
[1206, 274, 735, 510, 1512, 1315, 1206, 1469, 1054, 849, 1326, 1348, 0, 0, 0, 0, 0, 0, 0, 0],
[1206, 274, 384, 172, 0, 0, 0, 0, 0, 0, 0, 0, 0, 0, 0, 0, 0, 0, 0, 0],
[1206, 274, 504, 1708, 654, 365, 365, 365, 0, 0, 0, 0, 0, 0, 0, 0, 0, 0, 0, 0],
[1206, 274, 1492, 1206, 1777, 1071, 1647, 112, 690, 0, 0, 0, 0, 0, 0, 0, 0, 0, 0, 0],
[1206, 274, 354, 943, 1112, 32, 1471, 354, 417, 1024, 354, 417, 822, 42, 1147, 0, 0, 0, 0, 0],
[1206, 274, 715, 358, 1595, 136, 1668, 1699, 1132, 1456, 432, 0, 0, 0, 0, 0, 0, 0, 0, 0],
[1206, 274, 319, 953, 1523, 0, 0, 0, 0, 0, 0, 0, 0, 0, 0, 0, 0, 0, 0, 0],
[1206, 274, 1369, 824, 953, 1780, 354, 283, 1731, 1649, 1168, 0, 0, 0, 0, 0, 0, 0, 0, 0],
[1206, 274, 390, 541, 654, 864, 1271, 0, 0, 0, 0, 0, 0, 0, 0, 0, 0, 0, 0, 0],
[1206, 274, 365, 89, 1676, 0, 0, 0, 0, 0, 0, 0, 0, 0, 0, 0, 0, 0, 0, 0],
[1206, 274, 1288, 1595, 1459, 1126, 1483, 1708, 673, 1288, 1044, 559, 615, 0, 0, 0, 0, 0, 0, 0],
[1206, 274, 299, 689, 145, 1376, 209, 654, 1010, 1523, 1000, 0, 0, 0, 0, 0, 0, 0, 0, 0],
[1206, 274, 751, 1699, 1132, 130, 199, 1270, 1456, 1351, 1348, 1699, 1713, 0, 0, 0, 0, 0, 0, 0],
[1206, 274, 121, 1523, 1484, 273, 1106, 1399, 953, 1523, 1120, 31, 1488, 890, 0, 0, 0, 0, 0, 0],
[1206, 274, 653, 615, 390, 541, 808, 460, 58, 1424, 1271, 0, 0, 0, 0, 0, 0, 0, 0, 0],
[1206, 274, 456, 1236, 0, 0, 0, 0, 0, 0, 0, 0, 0, 0, 0, 0, 0, 0, 0, 0],
[1206, 274, 365, 1708, 1672, 1286, 763, 1567, 943, 0, 0, 0, 0, 0, 0, 0, 0, 0, 0, 0],
[1206, 274, 33, 413, 1022, 1523, 0, 0, 0, 0, 0, 0, 0, 0, 0, 0, 0, 0, 0, 0],
[1206, 274, 351, 1001, 1778, 1400, 218, 990, 1691, 0, 0, 0, 0, 0, 0, 0, 0, 0, 0, 0],
[1290, 842, 1140, 51, 680, 859, 887, 1730, 1345, 430, 0, 0, 0, 0, 0, 0, 0, 0, 0, 0],
[1206, 274, 1288, 53, 695, 1708, 1142, 0, 0, 0, 0, 0, 0, 0, 0, 0, 0, 0, 0, 0],
[1206, 274, 1227, 953, 1565, 365, 673, 0, 0, 0, 0, 0, 0, 0, 0, 0, 0, 0, 0, 0],
[1206, 274, 283, 945, 1708, 1227, 1120, 1432, 386, 1215, 7, 402, 153, 262, 1425, 0, 0, 0, 0, 0],
[1206, 274, 6, 1595, 59, 1708, 1745, 1227, 524, 1708, 673, 0, 0, 0, 0, 0, 0, 0, 0, 0],
[1206, 274, 830, 1355, 1010, 1326, 1708, 0, 0, 0, 0, 0, 0, 0, 0, 0, 0, 0, 0, 0],
[1206, 274, 365, 4, 1512, 1554, 600, 654, 4, 111, 1012, 365, 0, 0, 0, 0, 0, 0, 0, 0],
[1206, 274, 1021, 1188, 1682, 1171, 1251, 1022, 862, 0, 0, 0, 0, 0, 0, 0, 0, 0, 0, 0],
[1206, 274, 569, 864, 673, 0, 0, 0, 0, 0, 0, 0, 0, 0, 0, 0, 0, 0, 0, 0],
[1206, 274, 1708, 1523, 953, 1775, 0, 0, 0, 0, 0, 0, 0, 0, 0, 0, 0, 0, 0, 0],
[1206, 274, 864, 1163, 1708, 391, 121, 0, 0, 0, 0, 0, 0, 0, 0, 0, 0, 0, 0, 0],
[121, 864, 1369, 824, 354, 1708, 1140, 990, 201, 1464, 879, 1392, 1195, 1132, 1400, 1708, 1523, 1775, 0, 0],
[1206, 274, 431, 12, 0, 0, 0, 0, 0, 0, 0, 0, 0, 0, 0, 0, 0, 0, 0, 0],
[1206, 274, 27, 1249, 218, 856, 273, 937, 1398, 1090, 1206, 0, 0, 0, 0, 0, 0, 0, 0, 0],
[1206, 274, 1696, 433, 1775, 0, 0, 0, 0, 0, 0, 0, 0, 0, 0, 0, 0, 0, 0, 0],
[1206, 274, 1349, 169, 1195, 508, 14, 1676, 906, 284, 919, 524, 1680, 0, 0, 0, 0, 0, 0, 0],
[1206, 274, 852, 1703, 433, 1708, 1523, 1174, 517, 25, 919, 972, 25, 0, 0, 0, 0, 0, 0, 0],
[1206, 274, 1010, 1708, 1523, 1056, 0, 0, 0, 0, 0, 0, 0, 0, 0, 0, 0, 0, 0, 0],
[1206, 274, 673, 354, 0, 0, 0, 0, 0, 0, 0, 0, 0, 0, 0, 0, 0, 0, 0, 0],
[1206, 274, 1617, 0, 0, 0, 0, 0, 0, 0, 0, 0, 0, 0, 0, 0, 0, 0, 0, 0],
[1206, 274, 1307, 1576, 1535, 365, 1639, 707, 1502, 0, 0, 0, 0, 0, 0, 0, 0, 0, 0, 0],
[1206, 274, 1521, 1708, 601, 1307, 159, 1593, 979, 784, 1308, 1614, 0, 0, 0, 0, 0, 0, 0, 0],
[1206, 274, 1676, 365, 131, 1241, 42, 15, 0, 0, 0, 0, 0, 0, 0, 0, 0, 0, 0, 0],
[1206, 274, 650, 1119, 433, 685, 1708, 1056, 402, 754, 1024, 849, 1657, 1523, 1056, 0, 0, 0, 0, 0],
[1206, 274, 297, 365, 42, 1786, 1286, 1508, 707, 1495, 1147, 0, 0, 0, 0, 0, 0, 0, 0, 0],
[1206, 274, 295, 335, 1121, 418, 1195, 1132, 1603, 1786, 0, 0, 0, 0, 0, 0, 0, 0, 0, 0],
[1206, 274, 1708, 1471, 1269, 650, 1063, 433, 1241, 53, 1703, 778, 1786, 0, 0, 0, 0, 0, 0, 0],
[1206, 274, 1260, 1206, 997, 1392, 1195, 1132, 1589, 1543, 492, 263, 14, 1676, 0, 0, 0, 0, 0, 0],
[1206, 274, 273, 433, 1523, 0, 0, 0, 0, 0, 0, 0, 0, 0, 0, 0, 0, 0, 0, 0],
[1206, 274, 472, 1708, 1523, 1775, 121, 0, 0, 0, 0, 0, 0, 0, 0, 0, 0, 0, 0, 0],
[1206, 274, 1708, 1523, 1775, 1330, 42, 1469, 849, 953, 343, 1199, 273, 1152, 437, 0, 0, 0, 0, 0],
[1206, 274, 379, 833, 459, 0, 0, 0, 0, 0, 0, 0, 0, 0, 0, 0, 0, 0, 0, 0],
[1206, 274, 1593, 1332, 1224, 1392, 1195, 1132, 1332, 628, 1216, 0, 0, 0, 0, 0, 0, 0, 0, 0],
[1206, 274, 1676, 0, 0, 0, 0, 0, 0, 0, 0, 0, 0, 0, 0, 0, 0, 0, 0, 0],
[1206, 274, 864, 852, 1703, 433, 1708, 1523, 0, 0, 0, 0, 0, 0, 0, 0, 0, 0, 0, 0],
[1206, 274, 27, 1195, 1400, 1288, 265, 568, 513, 67, 0, 0, 0, 0, 0, 0, 0, 0, 0, 0],
[1206, 274, 525, 198, 1344, 274, 1206, 1226, 1377, 0, 0, 0, 0, 0, 0, 0, 0, 0, 0, 0],
[1206, 274, 365, 1708, 391, 862, 1523, 1775, 0, 0, 0, 0, 0, 0, 0, 0, 0, 0, 0, 0],
[1206, 274, 906, 58, 1456, 0, 0, 0, 0, 0, 0, 0, 0, 0, 0, 0, 0, 0, 0, 0],
[1206, 274, 1708, 1741, 1567, 1206, 145, 25, 932, 425, 611, 796, 1269, 849, 953, 1523, 0, 0, 0, 0],
[1206, 274, 1760, 548, 1654, 1009, 6, 0, 0, 0, 0, 0, 0, 0, 0, 0, 0, 0, 0, 0],
[1206, 274, 445, 322, 0, 0, 0, 0, 0, 0, 0, 0, 0, 0, 0, 0, 0, 0, 0, 0],
[1206, 274, 456, 848, 391, 1199, 365, 673, 538, 376, 37, 541, 1392, 1195, 1132, 0, 0, 0, 0, 0],
[1206, 274, 391, 1369, 58, 1371, 829, 491, 1396, 1523, 833, 444, 1369, 391, 1477, 1447, 1288, 351, 0, 0],
[1206, 274, 1369, 1263, 1199, 1423, 365, 1471, 1494, 1554, 0, 0, 0, 0, 0, 0, 0, 0, 0, 0],
[1206, 274, 1471, 765, 1024, 365, 1199, 659, 25, 1195, 1400, 0, 0, 0, 0, 0, 0, 0, 0, 0],
[1206, 274, 1038, 1471, 708, 0, 0, 0, 0, 0, 0, 0, 0, 0, 0, 0, 0, 0, 0, 0],
[1206, 274, 82, 1690, 353, 1398, 693, 121, 433, 0, 0, 0, 0, 0, 0, 0, 0, 0, 0, 0],
[1206, 274, 150, 1022, 67, 1545, 319, 1227, 1708, 555, 472, 1124, 1355, 815, 1531, 1519, 583, 524, 0, 0],
[1206, 274, 1174, 517, 1399, 849, 1657, 0, 0, 0, 0, 0, 0, 0, 0, 0, 0, 0, 0, 0],
[1206, 274, 1149, 1369, 960, 949, 1494, 0, 0, 0, 0, 0, 0, 0, 0, 0, 0, 0, 0, 0],
[1206, 274, 1606, 218, 990, 1638, 1195, 116, 1484, 1492, 203, 185, 1232, 937, 730, 0, 0, 0, 0, 0],
[1206, 274, 1122, 1399, 1323, 1392, 1195, 1132, 332, 1385, 318, 0, 0, 0, 0, 0, 0, 0, 0, 0],
[1206, 274, 1045, 273, 33, 144, 0, 0, 0, 0, 0, 0, 0, 0, 0, 0, 0, 0, 0, 0],
[1206, 274, 441, 1176, 1708, 391, 0, 0, 0, 0, 0, 0, 0, 0, 0, 0, 0, 0, 0, 0],
[1206, 274, 1063, 433, 1204, 517, 1399, 1634, 0, 0, 0, 0, 0, 0, 0, 0, 0, 0, 0, 0],
[1206, 274, 431, 271, 1452, 1676, 223, 224, 864, 0, 0, 0, 0, 0, 0, 0, 0, 0, 0, 0],
[1206, 274, 919, 524, 1680, 0, 0, 0, 0, 0, 0, 0, 0, 0, 0, 0, 0, 0, 0, 0],
[1206, 274, 1676, 0, 0, 0, 0, 0, 0, 0, 0, 0, 0, 0, 0, 0, 0, 0, 0, 0],
[1206, 274, 1174, 517, 1708, 1523, 121, 0, 0, 0, 0, 0, 0, 0, 0, 0, 0, 0, 0, 0],
[1206, 274, 1212, 6, 1614, 1471, 1756, 1229, 1676, 849, 1657, 953, 58, 1492, 1544, 849, 0, 0, 0, 0],
[121, 864, 1369, 824, 354, 1140, 990, 201, 1464, 879, 1195, 1132, 1400, 1708, 1523, 1775, 0, 0, 0, 0],
[1206, 274, 1708, 673, 762, 319, 654, 864, 1708, 0, 0, 0, 0, 0, 0, 0, 0, 0, 0, 0],
[1206, 274, 565, 1708, 391, 365, 812, 0, 0, 0, 0, 0, 0, 0, 0, 0, 0, 0, 0, 0],
[1206, 274, 694, 965, 1708, 944, 1060, 305, 0, 0, 0, 0, 0, 0, 0, 0, 0, 0, 0, 0],
[1206, 274, 1708, 1288, 402, 53, 1703, 778, 1269, 942, 0, 0, 0, 0, 0, 0, 0, 0, 0, 0],
[1206, 274, 42, 1147, 365, 484, 937, 1132, 0, 0, 0, 0, 0, 0, 0, 0, 0, 0, 0, 0],
[1206, 274, 1464, 1241, 1371, 1556, 379, 25, 910, 0, 0, 0, 0, 0, 0, 0, 0, 0, 0, 0],
[1206, 274, 1369, 1712, 54, 238, 173, 919, 1230, 944, 385, 0, 0, 0, 0, 0, 0, 0, 0, 0],
[1206, 274, 1623, 492, 1392, 1195, 1132, 472, 443, 1288, 1602, 1369, 728, 484, 1263, 0, 0, 0, 0, 0],
[1206, 274, 27, 1545, 1411, 1169, 251, 13, 1660, 1233, 0, 0, 0, 0, 0, 0, 0, 0, 0, 0],
[1206, 274, 987, 391, 1708, 1139, 376, 1248, 1227, 707, 1761, 1227, 953, 1227, 1106, 188, 0, 0, 0, 0],
[1206, 274, 25, 1471, 1756, 1229, 1676, 0, 0, 0, 0, 0, 0, 0, 0, 0, 0, 0, 0, 0],
[1206, 274, 431, 12, 459, 1710, 1417, 25, 1464, 333, 650, 433, 341, 1171, 0, 0, 0, 0, 0, 0],
[1206, 274, 204, 1206, 191, 9, 944, 504, 1279, 1783, 102, 567, 1452, 1786, 0, 0, 0, 0, 0, 0],
[1206, 274, 1355, 459, 391, 1708, 0, 0, 0, 0, 0, 0, 0, 0, 0, 0, 0, 0, 0, 0],
[1206, 274, 654, 1708, 1523, 121, 920, 864, 0, 0, 0, 0, 0, 0, 0, 0, 0, 0, 0, 0],
[1206, 274, 214, 1471, 1708, 1199, 0, 0, 0, 0, 0, 0, 0, 0, 0, 0, 0, 0, 0, 0],
[1206, 274, 1020, 1380, 25, 563, 763, 1223, 405, 1780, 762, 145, 1786, 0, 0, 0, 0, 0, 0, 0],
[1206, 274, 1708, 1464, 1471, 354, 391, 106, 0, 0, 0, 0, 0, 0, 0, 0, 0, 0, 0, 0],
[1206, 274, 1708, 1400, 762, 14, 439, 887, 1708, 1400, 600, 600, 0, 0, 0, 0, 0, 0, 0, 0],
[1206, 274, 1756, 402, 1174, 517, 1399, 1471, 211, 0, 0, 0, 0, 0, 0, 0, 0, 0, 0, 0],
[1206, 274, 1465, 1098, 205, 1495, 1624, 946, 1384, 0, 0, 0, 0, 0, 0, 0, 0, 0, 0, 0],
[1206, 274, 173, 785, 81, 0, 0, 0, 0, 0, 0, 0, 0, 0, 0, 0, 0, 0, 0, 0],
[1206, 274, 1121, 418, 1206, 274, 1545, 1699, 398, 769, 814, 0, 0, 0, 0, 0, 0, 0, 0, 0],
[1206, 274, 602, 1106, 1708, 391, 0, 0, 0, 0, 0, 0, 0, 0, 0, 0, 0, 0, 0, 0],
[1206, 274, 42, 1471, 1494, 1554, 0, 0, 0, 0, 0, 0, 0, 0, 0, 0, 0, 0, 0, 0],
[1206, 274, 849, 219, 1071, 1523, 949, 859, 0, 0, 0, 0, 0, 0, 0, 0, 0, 0, 0, 0],
[1206, 274, 1355, 1291, 906, 6, 246, 0, 0, 0, 0, 0, 0, 0, 0, 0, 0, 0, 0, 0],
[841, 953, 1394, 519, 953, 1523, 0, 0, 0, 0, 0, 0, 0, 0, 0, 0, 0, 0, 0, 0],
[1206, 274, 459, 754, 1024, 25, 835, 654, 0, 0, 0, 0, 0, 0, 0, 0, 0, 0, 0, 0],
[1206, 274, 1480, 1110, 211, 0, 0, 0, 0, 0, 0, 0, 0, 0, 0, 0, 0, 0, 0, 0],
[1206, 274, 1243, 654, 719, 0, 0, 0, 0, 0, 0, 0, 0, 0, 0, 0, 0, 0, 0, 0],
[1206, 274, 25, 1708, 319, 1715, 1174, 517, 121, 1672, 1307, 601, 0, 0, 0, 0, 0, 0, 0, 0],
[1206, 274, 896, 365, 673, 1199, 1607, 1464, 1090, 53, 1369, 679, 1458, 864, 0, 0, 0, 0, 0, 0],
[1206, 274, 1369, 1690, 1022, 906, 1708, 431, 299, 0, 0, 0, 0, 0, 0, 0, 0, 0, 0, 0],
[1206, 274, 151, 434, 849, 1300, 956, 0, 0, 0, 0, 0, 0, 0, 0, 0, 0, 0, 0, 0],
[1206, 274, 673, 365, 1199, 654, 1010, 1423, 365, 1480, 1676, 1010, 0, 0, 0, 0, 0, 0, 0, 0],
[1206, 274, 1708, 459, 708, 1045, 0, 0, 0, 0, 0, 0, 0, 0, 0, 0, 0, 0, 0, 0],
[1206, 274, 1464, 53, 1760, 25, 1471, 565, 1080, 990, 1199, 0, 0, 0, 0, 0, 0, 0, 0, 0],
[1206, 274, 1708, 602, 53, 1703, 778, 0, 0, 0, 0, 0, 0, 0, 0, 0, 0, 0, 0, 0],
[1206, 274, 1026, 1495, 1147, 990, 365, 673, 1229, 1676, 673, 0, 0, 0, 0, 0, 0, 0, 0, 0],
[1206, 274, 1471, 1250, 1241, 1586, 354, 0, 0, 0, 0, 0, 0, 0, 0, 0, 0, 0, 0, 0],
[1206, 274, 1012, 25, 654, 1629, 234, 365, 680, 1492, 1330, 1010, 1629, 1676, 859, 0, 0, 0, 0, 0],
[1206, 274, 431, 299, 1199, 770, 439, 6, 259, 0, 0, 0, 0, 0, 0, 0, 0, 0, 0, 0],
[1206, 274, 1556, 119, 1446, 817, 1272, 0, 0, 0, 0, 0, 0, 0, 0, 0, 0, 0, 0, 0],
[1206, 274, 319, 1434, 1012, 990, 1392, 1195, 1400, 762, 14, 1676, 1786, 0, 0, 0, 0, 0, 0, 0],
[1206, 274, 920, 1281, 725, 53, 654, 1400, 1241, 323, 1010, 824, 365, 1140, 990, 1606, 0, 0, 0, 0],
[1206, 274, 808, 1675, 556, 501, 1463, 1462, 1708, 673, 1400, 762, 0, 0, 0, 0, 0, 0, 0, 0],
[1206, 274, 134, 1572, 1757, 977, 93, 1400, 0, 0, 0, 0, 0, 0, 0, 0, 0, 0, 0, 0],
[1206, 274, 273, 852, 308, 1399, 717, 1567, 600, 391, 1160, 1090, 459, 0, 0, 0, 0, 0, 0, 0],
[1206, 274, 434, 849, 1300, 408, 295, 1371, 173, 0, 0, 0, 0, 0, 0, 0, 0, 0, 0, 0],
[1206, 274, 1281, 1464, 53, 446, 1471, 0, 0, 0, 0, 0, 0, 0, 0, 0, 0, 0, 0, 0],
[1206, 274, 1421, 1261, 1145, 762, 1124, 1385, 0, 0, 0, 0, 0, 0, 0, 0, 0, 0, 0, 0],
[1206, 274, 1098, 1094, 1708, 601, 823, 919, 1708, 1004, 601, 1307, 0, 0, 0, 0, 0, 0, 0, 0],
[1206, 274, 1195, 422, 0, 0, 0, 0, 0, 0, 0, 0, 0, 0, 0, 0, 0, 0, 0, 0],
[1206, 274, 642, 1471, 754, 822, 1090, 1147, 0, 0, 0, 0, 0, 0, 0, 0, 0, 0, 0, 0],
[121, 864, 849, 168, 953, 1523, 1775, 1107, 201, 0, 0, 0, 0, 0, 0, 0, 0, 0, 0, 0],
[1206, 274, 1605, 1140, 1494, 402, 1174, 1399, 1195, 1400, 1708, 1523, 673, 879, 607, 0, 0, 0, 0, 0],
[1206, 274, 1708, 1176, 737, 497, 102, 1484, 834, 876, 0, 0, 0, 0, 0, 0, 0, 0, 0, 0],
[1206, 274, 1195, 1132, 1672, 1227, 1552, 876, 203, 379, 1121, 1699, 1132, 1786, 0, 0, 0, 0, 0, 0],
[1206, 274, 1369, 860, 1559, 58, 472, 824, 354, 25, 459, 637, 354, 896, 0, 0, 0, 0, 0, 0],
[1206, 274, 979, 1070, 920, 1010, 1708, 1269, 1269, 0, 0, 0, 0, 0, 0, 0, 0, 0, 0, 0],
[1206, 274, 452, 1355, 1001, 615, 1089, 310, 1303, 0, 0, 0, 0, 0, 0, 0, 0, 0, 0, 0],
[1206, 274, 654, 673, 1708, 0, 0, 0, 0, 0, 0, 0, 0, 0, 0, 0, 0, 0, 0, 0],
[1206, 274, 1605, 1140, 1494, 402, 154, 1399, 1195, 1400, 1708, 1523, 673, 879, 607, 0, 0, 0, 0, 0],
[1206, 274, 1492, 937, 1195, 1132, 185, 0, 0, 0, 0, 0, 0, 0, 0, 0, 0, 0, 0, 0],
[1206, 274, 1369, 919, 524, 1680, 1119, 433, 615, 1456, 0, 0, 0, 0, 0, 0, 0, 0, 0, 0],
[1206, 274, 1057, 209, 280, 1708, 479, 241, 0, 0, 0, 0, 0, 0, 0, 0, 0, 0, 0, 0],
[1206, 274, 1471, 1241, 1567, 1480, 1593, 42, 21, 1480, 0, 0, 0, 0, 0, 0, 0, 0, 0, 0],
[1206, 274, 1464, 53, 1471, 290, 0, 0, 0, 0, 0, 0, 0, 0, 0, 0, 0, 0, 0, 0],
[1206, 274, 1195, 422, 0, 0, 0, 0, 0, 0, 0, 0, 0, 0, 0, 0, 0, 0, 0, 0],
[1206, 274, 1023, 1195, 422, 0, 0, 0, 0, 0, 0, 0, 0, 0, 0, 0, 0, 0, 0, 0],
[1206, 274, 159, 459, 1567, 1116, 781, 505, 654, 1010, 74, 1127, 1218, 0, 0, 0, 0, 0, 0, 0],
[1206, 274, 1199, 1471, 1708, 235, 920, 1183, 981, 49, 990, 0, 0, 0, 0, 0, 0, 0, 0, 0],
[1206, 274, 1122, 714, 1284, 1106, 1484, 555, 0, 0, 0, 0, 0, 0, 0, 0, 0, 0, 0, 0],
[1206, 274, 919, 1002, 618, 1002, 968, 967, 1650, 0, 0, 0, 0, 0, 0, 0, 0, 0, 0, 0],
[1206, 274, 1206, 919, 141, 1680, 0, 0, 0, 0, 0, 0, 0, 0, 0, 0, 0, 0, 0, 0],
[1206, 274, 567, 0, 0, 0, 0, 0, 0, 0, 0, 0, 0, 0, 0, 0, 0, 0, 0, 0],
[1206, 274, 365, 0, 0, 0, 0, 0, 0, 0, 0, 0, 0, 0, 0, 0, 0, 0, 0, 0],
[1206, 274, 1399, 273, 1269, 1567, 852, 308, 763, 365, 1253, 0, 0, 0, 0, 0, 0, 0, 0, 0],
[1206, 274, 1171, 876, 1708, 1523, 459, 939, 1593, 942, 862, 508, 0, 0, 0, 0, 0, 0, 0, 0],
[1206, 274, 1276, 177, 1206, 1667, 1276, 1195, 1400, 102, 762, 696, 1288, 944, 1288, 15, 0, 0, 0, 0],
[1206, 274, 1199, 1480, 0, 0, 0, 0, 0, 0, 0, 0, 0, 0, 0, 0, 0, 0, 0, 0],
[1206, 274, 205, 1629, 1423, 365, 1140, 990, 365, 1061, 1010, 365, 33, 115, 0, 0, 0, 0, 0, 0],
[1206, 274, 995, 1477, 1195, 1400, 0, 0, 0, 0, 0, 0, 0, 0, 0, 0, 0, 0, 0, 0],
[1206, 274, 654, 1708, 1523, 773, 53, 1703, 778, 0, 0, 0, 0, 0, 0, 0, 0, 0, 0, 0],
[121, 879, 1392, 1195, 1132, 1400, 1250, 1116, 781, 505, 1369, 824, 354, 1140, 990, 1281, 1464, 53, 1703, 778],
[1206, 274, 1260, 852, 1703, 433, 1708, 1400, 0, 0, 0, 0, 0, 0, 0, 0, 0, 0, 0, 0],
[1206, 274, 370, 1195, 1400, 1119, 433, 0, 0, 0, 0, 0, 0, 0, 0, 0, 0, 0, 0, 0],
[1206, 274, 762, 852, 1703, 433, 0, 0, 0, 0, 0, 0, 0, 0, 0, 0, 0, 0, 0, 0],
[1206, 274, 33, 1098, 742, 410, 0, 0, 0, 0, 0, 0, 0, 0, 0, 0, 0, 0, 0, 0],
[1290, 842, 1369, 1433, 1120, 833, 1288, 0, 0, 0, 0, 0, 0, 0, 0, 0, 0, 0, 0, 0],
[1206, 274, 1026, 1182, 0, 0, 0, 0, 0, 0, 0, 0, 0, 0, 0, 0, 0, 0, 0, 0],
[1206, 274, 733, 772, 342, 1206, 829, 1469, 357, 990, 864, 1530, 886, 357, 990, 715, 134, 0, 0, 0],
[1206, 274, 1355, 379, 1335, 823, 919, 839, 45, 783, 611, 1383, 833, 709, 676, 0, 0, 0, 0, 0],
[1206, 274, 762, 121, 1469, 864, 1206, 0, 0, 0, 0, 0, 0, 0, 0, 0, 0, 0, 0, 0],
[1206, 274, 1218, 1119, 1127, 365, 1057, 205, 1716, 0, 0, 0, 0, 0, 0, 0, 0, 0, 0, 0],
[1206, 274, 1171, 370, 1288, 121, 433, 402, 53, 695, 979, 1288, 1480, 1431, 0, 0, 0, 0, 0, 0],
[1206, 274, 1471, 1708, 1567, 1288, 0, 0, 0, 0, 0, 0, 0, 0, 0, 0, 0, 0, 0, 0],
[1206, 274, 1400, 1063, 433, 0, 0, 0, 0, 0, 0, 0, 0, 0, 0, 0, 0, 0, 0, 0],
[1206, 274, 1690, 601, 1084, 0, 0, 0, 0, 0, 0, 0, 0, 0, 0, 0, 0, 0, 0, 0],
[1206, 274, 225, 906, 548, 1780, 365, 833, 953, 556, 0, 0, 0, 0, 0, 0, 0, 0, 0, 0],
[1206, 274, 1369, 1634, 1708, 601, 492, 156, 852, 1703, 433, 0, 0, 0, 0, 0, 0, 0, 0, 0],
[1206, 274, 69, 1712, 1326, 944, 1018, 30, 1288, 1735, 1140, 990, 376, 583, 121, 0, 0, 0, 0, 0],
[1206, 274, 1399, 391, 1585, 557, 407, 763, 407, 0, 0, 0, 0, 0, 0, 0, 0, 0, 0, 0],
[1206, 274, 1260, 1176, 1272, 215, 613, 1708, 1400, 1012, 1413, 1519, 1617, 1206, 0, 0, 0, 0, 0, 0],
[1206, 274, 459, 1176, 1049, 654, 1355, 717, 1708, 1780, 89, 833, 901, 0, 0, 0, 0, 0, 0, 0],
[1206, 274, 833, 1519, 673, 1694, 170, 499, 1060, 179, 1002, 1519, 683, 1288, 1088, 0, 0, 0, 0, 0],
[1206, 274, 769, 575, 1772, 0, 0, 0, 0, 0, 0, 0, 0, 0, 0, 0, 0, 0, 0, 0],
[1206, 274, 1260, 762, 517, 577, 433, 1708, 1400, 919, 1531, 751, 0, 0, 0, 0, 0, 0, 0, 0],
[1206, 274, 72, 1258, 709, 1061, 1760, 1057, 1224, 50, 1221, 0, 0, 0, 0, 0, 0, 0, 0, 0],
[1206, 274, 953, 1057, 932, 1447, 561, 856, 523, 953, 953, 1057, 1288, 281, 0, 0, 0, 0, 0, 0],
[1290, 842, 1227, 1060, 229, 124, 1397, 600, 1057, 171, 1081, 1614, 1729, 1617, 158, 0, 0, 0, 0, 0],
[953, 1523, 1227, 334, 1657, 1523, 266, 1369, 618, 1059, 953, 459, 594, 1696, 855, 269, 25, 879, 796, 774],
[1206, 274, 1369, 1125, 1581, 297, 1708, 1176, 1522, 1708, 41, 944, 0, 0, 0, 0, 0, 0, 0, 0],
[1206, 274, 942, 1288, 1063, 433, 1025, 1676, 0, 0, 0, 0, 0, 0, 0, 0, 0, 0, 0, 0],
[953, 1523, 1569, 1523, 105, 973, 879, 796, 774, 1583, 274, 695, 523, 76, 1229, 423, 0, 0, 0, 0],
[1206, 274, 1174, 517, 557, 572, 89, 1708, 53, 365, 376, 0, 0, 0, 0, 0, 0, 0, 0, 0],
[953, 1523, 953, 1523, 273, 796, 774, 1583, 274, 695, 523, 76, 1229, 423, 266, 1569, 600, 0, 0, 0],
[1206, 274, 919, 1022, 524, 1680, 0, 0, 0, 0, 0, 0, 0, 0, 0, 0, 0, 0, 0, 0],
[1290, 842, 18, 157, 1196, 762, 319, 1404, 428, 953, 1532, 1176, 0, 0, 0, 0, 0, 0, 0, 0],
[1290, 842, 1260, 1523, 459, 1120, 332, 34, 232, 1002, 1546, 9, 1152, 1051, 1523, 403, 0, 0, 0, 0],
[1206, 274, 459, 673, 834, 823, 1529, 944, 1113, 0, 0, 0, 0, 0, 0, 0, 0, 0, 0, 0],
[1206, 274, 121, 1708, 1400, 1369, 757, 1760, 518, 216, 1586, 1610, 497, 1708, 1371, 1405, 1762, 1630, 0, 0],
[1206, 274, 762, 121, 354, 461, 1631, 1549, 730, 1783, 0, 0, 0, 0, 0, 0, 0, 0, 0, 0],
[1206, 274, 102, 1774, 6, 319, 185, 1577, 0, 0, 0, 0, 0, 0, 0, 0, 0, 0, 0, 0],
[1206, 274, 1708, 1400, 1708, 391, 353, 1274, 121, 0, 0, 0, 0, 0, 0, 0, 0, 0, 0, 0],
[1206, 274, 57, 1764, 1206, 145, 1650, 611, 1006, 0, 0, 0, 0, 0, 0, 0, 0, 0, 0, 0],
[1206, 274, 1268, 1764, 145, 1650, 611, 1672, 1006, 801, 0, 0, 0, 0, 0, 0, 0, 0, 0, 0],
[1290, 842, 654, 479, 1523, 0, 0, 0, 0, 0, 0, 0, 0, 0, 0, 0, 0, 0, 0, 0],
[1206, 274, 615, 1298, 380, 0, 0, 0, 0, 0, 0, 0, 0, 0, 0, 0, 0, 0, 0, 0],
[1206, 274, 836, 0, 0, 0, 0, 0, 0, 0, 0, 0, 0, 0, 0, 0, 0, 0, 0, 0],
[1206, 274, 36, 1206, 1708, 919, 1531, 751, 1690, 0, 0, 0, 0, 0, 0, 0, 0, 0, 0, 0],
[1234, 1503, 1708, 1523, 1523, 1145, 523, 866, 0, 0, 0, 0, 0, 0, 0, 0, 0, 0, 0, 0],
[1206, 274, 1523, 1145, 523, 1263, 1490, 36, 765, 711, 1369, 1424, 1458, 370, 0, 0, 0, 0, 0, 0],
[1206, 274, 517, 308, 1708, 974, 433, 1399, 673, 1064, 0, 0, 0, 0, 0, 0, 0, 0, 0, 0],
[1206, 274, 1323, 876, 0, 0, 0, 0, 0, 0, 0, 0, 0, 0, 0, 0, 0, 0, 0, 0],
[1206, 274, 1523, 1145, 0, 0, 0, 0, 0, 0, 0, 0, 0, 0, 0, 0, 0, 0, 0, 0],
[1206, 274, 33, 413, 0, 0, 0, 0, 0, 0, 0, 0, 0, 0, 0, 0, 0, 0, 0, 0],
[1234, 879, 1708, 1400, 1523, 1145, 870, 633, 1523, 523, 0, 0, 0, 0, 0, 0, 0, 0, 0, 0],
[953, 1523, 1369, 370, 1237, 1523, 136, 0, 0, 0, 0, 0, 0, 0, 0, 0, 0, 0, 0, 0],
[1206, 274, 1070, 1369, 0, 0, 0, 0, 0, 0, 0, 0, 0, 0, 0, 0, 0, 0, 0, 0],
[1290, 842, 1780, 365, 953, 459, 459, 1365, 1120, 1715, 1152, 990, 0, 0, 0, 0, 0, 0, 0, 0],
[953, 1523, 1369, 370, 1523, 1059, 953, 459, 156, 811, 850, 800, 16, 577, 1736, 879, 427, 799, 16, 99],
[1206, 274, 611, 73, 1503, 1665, 1708, 515, 0, 0, 0, 0, 0, 0, 0, 0, 0, 0, 0, 0],
[1206, 274, 1708, 1474, 1096, 402, 1146, 459, 365, 0, 0, 0, 0, 0, 0, 0, 0, 0, 0, 0],
[1206, 274, 431, 452, 1690, 1354, 108, 627, 1354, 1543, 1708, 835, 1220, 0, 0, 0, 0, 0, 0, 0],
[1206, 274, 1708, 459, 211, 1187, 1672, 1213, 1165, 0, 0, 0, 0, 0, 0, 0, 0, 0, 0, 0],
[1206, 274, 849, 1326, 1554, 358, 1519, 896, 1690, 1708, 452, 0, 0, 0, 0, 0, 0, 0, 0, 0],
[1206, 274, 1606, 919, 484, 1690, 1708, 615, 0, 0, 0, 0, 0, 0, 0, 0, 0, 0, 0, 0],
[914, 358, 1519, 274, 1206, 1412, 91, 838, 274, 356, 0, 0, 0, 0, 0, 0, 0, 0, 0, 0],
[1290, 842, 1159, 1423, 1140, 990, 659, 1355, 1012, 1519, 448, 0, 0, 0, 0, 0, 0, 0, 0, 0],
[1290, 842, 1369, 1708, 1022, 1057, 807, 18, 582, 402, 1439, 1621, 1364, 1355, 487, 499, 1672, 1110, 719, 0],
[1206, 274, 58, 1371, 106, 138, 0, 0, 0, 0, 0, 0, 0, 0, 0, 0, 0, 0, 0, 0],
[953, 1523, 600, 463, 484, 168, 1523, 802, 1589, 343, 0, 0, 0, 0, 0, 0, 0, 0, 0, 0],
[953, 1523, 600, 463, 1523, 1255, 673, 879, 1195, 1400, 1751, 25, 1369, 1629, 673, 354, 1269, 0, 0, 0],
[953, 1523, 600, 463, 1523, 673, 879, 1195, 1400, 1751, 25, 1423, 1140, 990, 354, 1629, 1269, 0, 0, 0],
[953, 1523, 463, 1523, 402, 1751, 673, 879, 1195, 1400, 1423, 1140, 990, 354, 255, 1629, 308, 0, 0, 0],
[1290, 842, 1417, 358, 1519, 0, 0, 0, 0, 0, 0, 0, 0, 0, 0, 0, 0, 0, 0, 0],
[1206, 274, 1490, 1586, 1229, 362, 1140, 25, 654, 1099, 1084, 0, 0, 0, 0, 0, 0, 0, 0, 0],
[1206, 274, 1229, 1676, 283, 153, 512, 25, 654, 1057, 0, 0, 0, 0, 0, 0, 0, 0, 0, 0],
[1206, 274, 1605, 1063, 433, 1471, 1752, 365, 1147, 0, 0, 0, 0, 0, 0, 0, 0, 0, 0, 0],
[1206, 274, 919, 524, 1680, 459, 283, 235, 856, 919, 1708, 919, 1508, 919, 1471, 0, 0, 0, 0, 0],
[1206, 274, 1708, 673, 153, 512, 0, 0, 0, 0, 0, 0, 0, 0, 0, 0, 0, 0, 0, 0],
[1206, 274, 1708, 1400, 262, 1425, 1000, 1594, 7, 402, 53, 354, 1780, 274, 0, 0, 0, 0, 0, 0],
[1206, 274, 1708, 1400, 1063, 433, 1708, 0, 0, 0, 0, 0, 0, 0, 0, 0, 0, 0, 0, 0],
[1206, 274, 803, 1574, 654, 539, 1708, 459, 442, 354, 0, 0, 0, 0, 0, 0, 0, 0, 0, 0],
[1206, 274, 1471, 1708, 442, 365, 153, 512, 262, 1425, 472, 1480, 923, 1227, 0, 0, 0, 0, 0, 0],
[1206, 274, 58, 1369, 654, 1462, 1708, 1400, 528, 1131, 683, 615, 0, 0, 0, 0, 0, 0, 0, 0],
[1206, 274, 1091, 1206, 274, 1708, 1523, 919, 1531, 237, 611, 1786, 0, 0, 0, 0, 0, 0, 0, 0],
[1206, 274, 1556, 1010, 321, 1496, 174, 285, 0, 0, 0, 0, 0, 0, 0, 0, 0, 0, 0, 0],
[1290, 842, 1064, 1661, 1289, 1304, 0, 0, 0, 0, 0, 0, 0, 0, 0, 0, 0, 0, 0, 0],
[1206, 274, 469, 1435, 378, 566, 815, 1405, 0, 0, 0, 0, 0, 0, 0, 0, 0, 0, 0, 0],
[1206, 274, 58, 1216, 1355, 58, 21, 1783, 1022, 1523, 229, 856, 808, 1165, 1699, 0, 0, 0, 0, 0],
[1206, 274, 319, 555, 1371, 1774, 166, 1227, 1708, 945, 796, 1774, 1708, 1399, 1371, 1774, 0, 0, 0, 0],
[1206, 274, 121, 944, 685, 0, 0, 0, 0, 0, 0, 0, 0, 0, 0, 0, 0, 0, 0, 0],
[953, 1523, 1523, 1059, 953, 459, 608, 600, 600, 879, 796, 774, 0, 0, 0, 0, 0, 0, 0, 0],
[1206, 274, 673, 654, 1191, 1589, 848, 293, 376, 376, 1589, 1079, 853, 0, 0, 0, 0, 0, 0, 0],
[1206, 274, 1260, 879, 1774, 166, 1708, 459, 1012, 25, 848, 283, 0, 0, 0, 0, 0, 0, 0, 0],
[1206, 274, 89, 1708, 365, 276, 1708, 365, 42, 866, 1523, 0, 0, 0, 0, 0, 0, 0, 0, 0],
[1290, 842, 18, 1397, 494, 919, 953, 841, 953, 733, 1669, 863, 1035, 1669, 674, 1205, 1364, 0, 0, 0],
[1206, 274, 299, 689, 1762, 809, 944, 1117, 1664, 1526, 600, 394, 178, 0, 0, 0, 0, 0, 0, 0],
[1290, 842, 1057, 1600, 1288, 789, 882, 805, 459, 391, 953, 856, 1362, 1355, 1646, 0, 0, 0, 0, 0],
[953, 1523, 1523, 1059, 953, 459, 608, 600, 879, 796, 774, 0, 0, 0, 0, 0, 0, 0, 0, 0],
[1206, 274, 69, 1326, 1712, 121, 0, 0, 0, 0, 0, 0, 0, 0, 0, 0, 0, 0, 0, 0],
[953, 1523, 1523, 1059, 953, 459, 1250, 55, 71, 1569, 0, 0, 0, 0, 0, 0, 0, 0, 0, 0],
[1206, 274, 1511, 86, 0, 0, 0, 0, 0, 0, 0, 0, 0, 0, 0, 0, 0, 0, 0, 0],
[1206, 274, 953, 992, 928, 180, 1350, 1695, 1507, 1405, 1297, 1371, 897, 1495, 923, 1760, 1519, 0, 0, 0],
[1206, 274, 1420, 1760, 709, 833, 1519, 1288, 0, 0, 0, 0, 0, 0, 0, 0, 0, 0, 0, 0],
[1290, 842, 1087, 1041, 158, 1689, 1719, 953, 18, 1537, 229, 0, 0, 0, 0, 0, 0, 0, 0, 0],
[1206, 274, 1612, 163, 1278, 1708, 707, 1492, 866, 401, 864, 0, 0, 0, 0, 0, 0, 0, 0, 0],
[1206, 274, 58, 1216, 0, 0, 0, 0, 0, 0, 0, 0, 0, 0, 0, 0, 0, 0, 0, 0],
[1290, 842, 1760, 689, 1369, 453, 372, 370, 1060, 1506, 1489, 1770, 953, 0, 0, 0, 0, 0, 0, 0],
[1206, 274, 864, 1708, 673, 1060, 920, 1554, 1519, 1061, 0, 0, 0, 0, 0, 0, 0, 0, 0, 0],
[1206, 274, 69, 1326, 1712, 121, 0, 0, 0, 0, 0, 0, 0, 0, 0, 0, 0, 0, 0, 0],
[1206, 274, 977, 864, 1106, 673, 1333, 735, 1497, 27, 1615, 0, 0, 0, 0, 0, 0, 0, 0, 0],
[1206, 274, 354, 1780, 990, 1708, 402, 1174, 517, 14, 362, 0, 0, 0, 0, 0, 0, 0, 0, 0],
[1206, 274, 437, 58, 637, 716, 280, 885, 0, 0, 0, 0, 0, 0, 0, 0, 0, 0, 0, 0],
[1206, 274, 517, 308, 1708, 673, 654, 615, 343, 1002, 0, 0, 0, 0, 0, 0, 0, 0, 0, 0],
[1206, 274, 1708, 1400, 447, 1780, 1763, 726, 354, 654, 1010, 1227, 1565, 354, 0, 0, 0, 0, 0, 0],
[1206, 274, 1708, 1471, 1082, 1106, 974, 433, 42, 866, 935, 0, 0, 0, 0, 0, 0, 0, 0, 0],
[1206, 274, 1577, 0, 0, 0, 0, 0, 0, 0, 0, 0, 0, 0, 0, 0, 0, 0, 0, 0],
[1206, 274, 1288, 815, 0, 0, 0, 0, 0, 0, 0, 0, 0, 0, 0, 0, 0, 0, 0, 0],
[1206, 274, 1553, 0, 0, 0, 0, 0, 0, 0, 0, 0, 0, 0, 0, 0, 0, 0, 0, 0],
[1206, 274, 351, 1022, 1708, 319, 745, 0, 0, 0, 0, 0, 0, 0, 0, 0, 0, 0, 0, 0],
[1206, 274, 1708, 673, 1708, 459, 354, 447, 1106, 654, 0, 0, 0, 0, 0, 0, 0, 0, 0, 0],
[953, 1523, 1523, 1059, 953, 459, 608, 600, 600, 879, 796, 774, 0, 0, 0, 0, 0, 0, 0, 0],
[1206, 274, 58, 1216, 0, 0, 0, 0, 0, 0, 0, 0, 0, 0, 0, 0, 0, 0, 0, 0],
[1206, 274, 1299, 98, 1673, 0, 0, 0, 0, 0, 0, 0, 0, 0, 0, 0, 0, 0, 0, 0],
[1206, 274, 987, 0, 0, 0, 0, 0, 0, 0, 0, 0, 0, 0, 0, 0, 0, 0, 0, 0],
[1206, 274, 987, 130, 762, 98, 1673, 1756, 927, 1120, 0, 0, 0, 0, 0, 0, 0, 0, 0, 0],
[1290, 842, 953, 1523, 0, 0, 0, 0, 0, 0, 0, 0, 0, 0, 0, 0, 0, 0, 0, 0],
[1290, 842, 1547, 306, 1132, 571, 1523, 849, 1656, 1587, 1523, 758, 792, 0, 0, 0, 0, 0, 0, 0],
[1206, 274, 716, 280, 1708, 1400, 569, 891, 673, 365, 365, 0, 0, 0, 0, 0, 0, 0, 0, 0],
[1206, 274, 365, 89, 1708, 1677, 14, 1676, 33, 413, 0, 0, 0, 0, 0, 0, 0, 0, 0, 0],
[1206, 274, 1022, 1106, 1002, 0, 0, 0, 0, 0, 0, 0, 0, 0, 0, 0, 0, 0, 0, 0],
[953, 1523, 973, 1676, 953, 1523, 400, 899, 358, 1519, 0, 0, 0, 0, 0, 0, 0, 0, 0, 0],
[953, 1523, 973, 362, 334, 463, 593, 766, 36, 1523, 400, 899, 358, 1519, 1569, 0, 0, 0, 0, 0],
[953, 1523, 1523, 1059, 953, 459, 1250, 55, 71, 1569, 0, 0, 0, 0, 0, 0, 0, 0, 0, 0],
[1206, 274, 1354, 1708, 1567, 53, 1703, 778, 1410, 1589, 0, 0, 0, 0, 0, 0, 0, 0, 0, 0],
[1290, 842, 956, 0, 0, 0, 0, 0, 0, 0, 0, 0, 0, 0, 0, 0, 0, 0, 0, 0],
[1290, 842, 1273, 1523, 0, 0, 0, 0, 0, 0, 0, 0, 0, 0, 0, 0, 0, 0, 0, 0],
[953, 1523, 1488, 1648, 87, 849, 965, 717, 393, 1523, 1120, 630, 393, 1388, 1468, 682, 1356, 0, 0, 0],
[953, 1523, 1369, 370, 1237, 1523, 156, 279, 796, 811, 850, 800, 136, 0, 0, 0, 0, 0, 0, 0],
[953, 1523, 1369, 370, 1523, 1059, 953, 459, 156, 279, 796, 811, 850, 800, 402, 1422, 1277, 879, 435, 1484],
[1206, 274, 1573, 1002, 944, 912, 615, 1523, 0, 0, 0, 0, 0, 0, 0, 0, 0, 0, 0, 0],
[1206, 274, 942, 46, 1708, 1523, 0, 0, 0, 0, 0, 0, 0, 0, 0, 0, 0, 0, 0, 0],
[1206, 274, 906, 1206, 1176, 906, 395, 560, 121, 433, 673, 1019, 433, 0, 0, 0, 0, 0, 0, 0],
[1206, 274, 1745, 508, 707, 4, 459, 1369, 0, 0, 0, 0, 0, 0, 0, 0, 0, 0, 0, 0],
[1206, 274, 1149, 1369, 789, 1354, 1211, 1206, 1260, 0, 0, 0, 0, 0, 0, 0, 0, 0, 0, 0],
[1206, 274, 696, 825, 148, 892, 516, 989, 121, 1708, 1575, 1565, 0, 0, 0, 0, 0, 0, 0, 0],
[1206, 274, 696, 825, 148, 892, 516, 989, 121, 1708, 1575, 1786, 0, 0, 0, 0, 0, 0, 0, 0],
[1206, 274, 654, 1556, 789, 1354, 1260, 0, 0, 0, 0, 0, 0, 0, 0, 0, 0, 0, 0, 0],
[1206, 274, 1399, 523, 1762, 301, 1708, 17, 1097, 936, 1355, 1722, 1786, 0, 0, 0, 0, 0, 0, 0],
[1206, 274, 106, 794, 58, 459, 673, 17, 1286, 25, 1369, 1436, 539, 0, 0, 0, 0, 0, 0, 0],
[1206, 274, 769, 1106, 1523, 915, 0, 0, 0, 0, 0, 0, 0, 0, 0, 0, 0, 0, 0, 0],
[1206, 274, 365, 1045, 461, 21, 1407, 336, 385, 0, 0, 0, 0, 0, 0, 0, 0, 0, 0, 0],
[1206, 274, 1708, 258, 684, 1, 365, 25, 0, 0, 0, 0, 0, 0, 0, 0, 0, 0, 0, 0],
[1206, 274, 1708, 492, 90, 757, 1354, 1670, 1410, 1090, 1428, 823, 37, 31, 39, 428, 294, 1211, 1206, 0],
[1206, 274, 1708, 4, 459, 256, 957, 1409, 0, 0, 0, 0, 0, 0, 0, 0, 0, 0, 0, 0],
[1206, 274, 351, 906, 0, 0, 0, 0, 0, 0, 0, 0, 0, 0, 0, 0, 0, 0, 0, 0],
[1206, 274, 1354, 944, 719, 121, 723, 1286, 1116, 1241, 505, 856, 376, 1338, 1369, 1393, 270, 0, 0, 0],
[1206, 274, 1634, 1708, 673, 0, 0, 0, 0, 0, 0, 0, 0, 0, 0, 0, 0, 0, 0, 0],
[1206, 274, 391, 770, 1708, 0, 0, 0, 0, 0, 0, 0, 0, 0, 0, 0, 0, 0, 0, 0],
[1206, 274, 906, 1523, 1460, 0, 0, 0, 0, 0, 0, 0, 0, 0, 0, 0, 0, 0, 0, 0],
[1206, 274, 1490, 1708, 708, 402, 53, 695, 1708, 459, 25, 762, 0, 0, 0, 0, 0, 0, 0, 0],
[1206, 274, 58, 391, 1199, 1471, 211, 101, 365, 567, 0, 0, 0, 0, 0, 0, 0, 0, 0, 0],
[1206, 274, 1573, 944, 508, 311, 412, 746, 949, 0, 0, 0, 0, 0, 0, 0, 0, 0, 0, 0],
[1206, 274, 708, 1756, 486, 978, 370, 1272, 717, 25, 0, 0, 0, 0, 0, 0, 0, 0, 0, 0],
[1206, 274, 441, 4, 1708, 391, 859, 459, 462, 873, 60, 0, 0, 0, 0, 0, 0, 0, 0, 0],
[1206, 274, 1565, 365, 1464, 0, 0, 0, 0, 0, 0, 0, 0, 0, 0, 0, 0, 0, 0, 0],
[1206, 274, 919, 524, 1680, 0, 0, 0, 0, 0, 0, 0, 0, 0, 0, 0, 0, 0, 0, 0],
[1206, 274, 1369, 1263, 1392, 709, 1392, 1519, 1303, 58, 102, 1760, 548, 1424, 9, 1531, 1519, 0, 0, 0],
[1206, 274, 58, 959, 1010, 1708, 1400, 1227, 684, 433, 1002, 58, 620, 1098, 0, 0, 0, 0, 0, 0],
[1206, 274, 1756, 565, 1227, 365, 58, 654, 0, 0, 0, 0, 0, 0, 0, 0, 0, 0, 0, 0],
[1206, 274, 1708, 391, 1274, 121, 0, 0, 0, 0, 0, 0, 0, 0, 0, 0, 0, 0, 0, 0],
[1206, 274, 58, 1369, 707, 459, 1780, 25, 1780, 25, 1106, 1400, 959, 21, 1131, 683, 1369, 0, 0, 0],
[1206, 274, 792, 1708, 1119, 433, 391, 0, 0, 0, 0, 0, 0, 0, 0, 0, 0, 0, 0, 0],
[1206, 274, 14, 362, 1288, 984, 0, 0, 0, 0, 0, 0, 0, 0, 0, 0, 0, 0, 0, 0],
[1206, 274, 864, 1369, 391, 1554, 354, 1061, 0, 0, 0, 0, 0, 0, 0, 0, 0, 0, 0, 0],
[1206, 274, 539, 1774, 1708, 1400, 1638, 297, 508, 1708, 1195, 0, 0, 0, 0, 0, 0, 0, 0, 0],
[1206, 274, 121, 1708, 975, 1525, 879, 687, 1618, 1734, 130, 0, 0, 0, 0, 0, 0, 0, 0, 0],
[1206, 274, 1241, 1708, 467, 666, 717, 1708, 365, 1708, 601, 576, 1206, 1267, 307, 1521, 1272, 0, 0, 0],
[1206, 274, 919, 524, 1680, 1369, 0, 0, 0, 0, 0, 0, 0, 0, 0, 0, 0, 0, 0, 0],
[1290, 842, 36, 1187, 1400, 402, 1175, 1007, 1101, 950, 145, 1369, 1148, 1205, 638, 49, 0, 0, 0, 0],
[1206, 274, 1708, 459, 1464, 461, 1531, 848, 258, 1288, 1002, 944, 0, 0, 0, 0, 0, 0, 0, 0],
[1206, 274, 1176, 1022, 1106, 391, 745, 1084, 0, 0, 0, 0, 0, 0, 0, 0, 0, 0, 0, 0],
[1206, 274, 1496, 1187, 1400, 569, 58, 637, 1010, 804, 385, 0, 0, 0, 0, 0, 0, 0, 0, 0],
[1206, 274, 1554, 1708, 1116, 781, 505, 557, 1529, 1712, 4, 1058, 1708, 637, 1712, 0, 0, 0, 0, 0],
[1206, 274, 1026, 906, 953, 1780, 906, 365, 0, 0, 0, 0, 0, 0, 0, 0, 0, 0, 0, 0],
[1206, 274, 833, 607, 1174, 517, 308, 1708, 495, 602, 1081, 808, 840, 1195, 1132, 0, 0, 0, 0, 0],
[1206, 274, 459, 988, 1122, 1121, 1506, 1457, 922, 438, 547, 554, 1351, 0, 0, 0, 0, 0, 0, 0],
[1206, 274, 1708, 1523, 1216, 0, 0, 0, 0, 0, 0, 0, 0, 0, 0, 0, 0, 0, 0, 0],
[1206, 274, 856, 21, 1634, 1529, 944, 259, 944, 524, 1139, 1369, 0, 0, 0, 0, 0, 0, 0, 0],
[1206, 274, 1500, 0, 0, 0, 0, 0, 0, 0, 0, 0, 0, 0, 0, 0, 0, 0, 0, 0],
[1206, 274, 1500, 0, 0, 0, 0, 0, 0, 0, 0, 0, 0, 0, 0, 0, 0, 0, 0, 0],
[1206, 274, 58, 472, 0, 0, 0, 0, 0, 0, 0, 0, 0, 0, 0, 0, 0, 0, 0, 0],
[1206, 274, 1708, 1410, 1428, 367, 804, 353, 1762, 301, 0, 0, 0, 0, 0, 0, 0, 0, 0, 0],
[1206, 274, 398, 48, 205, 1783, 0, 0, 0, 0, 0, 0, 0, 0, 0, 0, 0, 0, 0, 0],
[1206, 274, 502, 1700, 737, 640, 1056, 25, 1519, 598, 1321, 779, 0, 0, 0, 0, 0, 0, 0, 0],
[1206, 274, 833, 1564, 1561, 0, 0, 0, 0, 0, 0, 0, 0, 0, 0, 0, 0, 0, 0, 0],
[1206, 274, 5, 1452, 514, 1355, 1320, 0, 0, 0, 0, 0, 0, 0, 0, 0, 0, 0, 0, 0],
[1206, 274, 1369, 590, 0, 0, 0, 0, 0, 0, 0, 0, 0, 0, 0, 0, 0, 0, 0, 0],
[1206, 274, 1672, 567, 1369, 0, 0, 0, 0, 0, 0, 0, 0, 0, 0, 0, 0, 0, 0, 0],
[1206, 274, 1212, 0, 0, 0, 0, 0, 0, 0, 0, 0, 0, 0, 0, 0, 0, 0, 0, 0],
[1206, 274, 1288, 790, 0, 0, 0, 0, 0, 0, 0, 0, 0, 0, 0, 0, 0, 0, 0, 0],
[1206, 274, 1037, 1354, 937, 36, 1212, 0, 0, 0, 0, 0, 0, 0, 0, 0, 0, 0, 0, 0],
[1290, 842, 1034, 953, 1780, 1355, 365, 365, 1780, 953, 57, 0, 0, 0, 0, 0, 0, 0, 0, 0],
[1290, 842, 401, 106, 619, 1120, 990, 1135, 379, 833, 1786, 0, 0, 0, 0, 0, 0, 0, 0, 0],
[1290, 842, 953, 443, 25, 835, 459, 1190, 1511, 1057, 1780, 549, 1330, 510, 1260, 1206, 274, 0, 0, 0],
[1206, 274, 1641, 1272, 849, 1326, 709, 0, 0, 0, 0, 0, 0, 0, 0, 0, 0, 0, 0, 0],
[1206, 274, 508, 0, 0, 0, 0, 0, 0, 0, 0, 0, 0, 0, 0, 0, 0, 0, 0, 0],
[1206, 274, 1179, 0, 0, 0, 0, 0, 0, 0, 0, 0, 0, 0, 0, 0, 0, 0, 0, 0],
[1206, 274, 1401, 0, 0, 0, 0, 0, 0, 0, 0, 0, 0, 0, 0, 0, 0, 0, 0, 0],
[1206, 274, 376, 0, 0, 0, 0, 0, 0, 0, 0, 0, 0, 0, 0, 0, 0, 0, 0, 0],
[1206, 274, 1471, 1664, 1526, 0, 0, 0, 0, 0, 0, 0, 0, 0, 0, 0, 0, 0, 0, 0],
[1290, 842, 837, 492, 1679, 1471, 92, 25, 1554, 600, 0, 0, 0, 0, 0, 0, 0, 0, 0, 0],
[1206, 274, 1708, 1400, 334, 349, 1712, 0, 0, 0, 0, 0, 0, 0, 0, 0, 0, 0, 0, 0],
[1206, 274, 1392, 1708, 767, 470, 1131, 1708, 1288, 249, 1464, 654, 1010, 1708, 459, 1464, 81, 0, 0, 0],
[1206, 274, 1708, 1400, 517, 577, 433, 688, 0, 0, 0, 0, 0, 0, 0, 0, 0, 0, 0, 0],
[1206, 274, 1708, 767, 461, 720, 823, 1219, 1455, 656, 239, 1410, 0, 0, 0, 0, 0, 0, 0, 0],
[1206, 274, 58, 792, 526, 1469, 486, 1708, 1523, 365, 1304, 14, 1676, 1369, 629, 963, 336, 1260, 0, 0],
[1206, 274, 772, 457, 833, 918, 484, 389, 0, 0, 0, 0, 0, 0, 0, 0, 0, 0, 0, 0],
[1206, 274, 833, 328, 1187, 0, 0, 0, 0, 0, 0, 0, 0, 0, 0, 0, 0, 0, 0, 0],
[1206, 274, 479, 173, 9, 1602, 754, 711, 407, 0, 0, 0, 0, 0, 0, 0, 0, 0, 0, 0],
[1206, 274, 732, 1783, 906, 369, 0, 0, 0, 0, 0, 0, 0, 0, 0, 0, 0, 0, 0, 0],
[1206, 274, 1676, 0, 0, 0, 0, 0, 0, 0, 0, 0, 0, 0, 0, 0, 0, 0, 0, 0],
[1234, 1503, 1708, 1523, 1523, 523, 866, 0, 0, 0, 0, 0, 0, 0, 0, 0, 0, 0, 0, 0],
[1234, 864, 1708, 1400, 1448, 1717, 1523, 1523, 1145, 42, 523, 0, 0, 0, 0, 0, 0, 0, 0, 0],
[1206, 274, 27, 1484, 1288, 1206, 592, 1458, 0, 0, 0, 0, 0, 0, 0, 0, 0, 0, 0, 0],
[1234, 879, 1708, 1400, 1523, 1145, 42, 523, 1523, 273, 0, 0, 0, 0, 0, 0, 0, 0, 0, 0],
[1206, 274, 225, 0, 0, 0, 0, 0, 0, 0, 0, 0, 0, 0, 0, 0, 0, 0, 0, 0],
[1206, 274, 1392, 0, 0, 0, 0, 0, 0, 0, 0, 0, 0, 0, 0, 0, 0, 0, 0, 0],
[1234, 879, 1708, 1400, 1523, 1145, 42, 523, 1523, 273, 0, 0, 0, 0, 0, 0, 0, 0, 0, 0],
[1206, 274, 1780, 990, 659, 424, 1512, 1065, 1037, 1178, 124, 25, 835, 0, 0, 0, 0, 0, 0, 0],
[953, 1523, 1140, 334, 1657, 1523, 266, 1369, 618, 1059, 953, 459, 1683, 855, 269, 25, 879, 796, 774, 0],
[1206, 274, 1708, 673, 974, 433, 763, 3, 1369, 476, 772, 0, 0, 0, 0, 0, 0, 0, 0, 0],
[1290, 842, 441, 911, 83, 118, 173, 1433, 642, 1780, 953, 642, 1002, 944, 1241, 0, 0, 0, 0, 0],
[1206, 274, 1635, 1501, 1321, 294, 1464, 1106, 25, 763, 1369, 998, 385, 0, 0, 0, 0, 0, 0, 0],
[1206, 274, 46, 1708, 1664, 1526, 25, 1533, 1712, 1025, 1676, 0, 0, 0, 0, 0, 0, 0, 0, 0],
[1206, 274, 1056, 308, 1708, 720, 156, 52, 1336, 1494, 461, 1195, 1400, 480, 0, 0, 0, 0, 0, 0],
[1206, 274, 1659, 923, 28, 0, 0, 0, 0, 0, 0, 0, 0, 0, 0, 0, 0, 0, 0, 0],
[1206, 274, 879, 1774, 166, 1708, 255, 673, 734, 1185, 0, 0, 0, 0, 0, 0, 0, 0, 0, 0],
[953, 1523, 1523, 1059, 953, 459, 156, 852, 1342, 796, 1569, 0, 0, 0, 0, 0, 0, 0, 0, 0],
[1206, 274, 1606, 717, 1718, 1359, 0, 0, 0, 0, 0, 0, 0, 0, 0, 0, 0, 0, 0, 0],
[1206, 274, 1469, 864, 717, 1708, 0, 0, 0, 0, 0, 0, 0, 0, 0, 0, 0, 0, 0, 0],
[1206, 274, 960, 238, 1708, 523, 713, 14, 1676, 0, 0, 0, 0, 0, 0, 0, 0, 0, 0, 0],
[1206, 274, 50, 1206, 274, 979, 370, 1272, 990, 1164, 135, 0, 0, 0, 0, 0, 0, 0, 0, 0],
[1206, 274, 1487, 285, 1484, 0, 0, 0, 0, 0, 0, 0, 0, 0, 0, 0, 0, 0, 0, 0],
[1206, 274, 1063, 852, 1703, 974, 517, 577, 1523, 433, 1452, 156, 990, 259, 0, 0, 0, 0, 0, 0],
[953, 1523, 1369, 370, 957, 156, 581, 796, 576, 273, 1523, 862, 953, 459, 0, 0, 0, 0, 0, 0],
[953, 1523, 1369, 370, 879, 1036, 78, 957, 156, 581, 796, 1523, 862, 273, 953, 459, 0, 0, 0, 0],
[1206, 274, 1690, 1774, 1398, 1174, 1212, 0, 0, 0, 0, 0, 0, 0, 0, 0, 0, 0, 0, 0],
[1206, 274, 1708, 1762, 809, 0, 0, 0, 0, 0, 0, 0, 0, 0, 0, 0, 0, 0, 0, 0],
[1206, 274, 744, 81, 603, 0, 0, 0, 0, 0, 0, 0, 0, 0, 0, 0, 0, 0, 0, 0],
[1206, 274, 1615, 1008, 1780, 576, 763, 919, 31, 1708, 1338, 41, 0, 0, 0, 0, 0, 0, 0, 0],
[1206, 274, 1605, 975, 1708, 121, 1125, 1712, 0, 0, 0, 0, 0, 0, 0, 0, 0, 0, 0, 0],
[1206, 274, 1708, 1471, 461, 25, 893, 1002, 1324, 990, 709, 1690, 353, 1398, 0, 0, 0, 0, 0, 0],
[1206, 274, 1708, 673, 391, 461, 354, 763, 3, 856, 309, 1603, 919, 1708, 0, 0, 0, 0, 0, 0],
[1206, 274, 1492, 21, 1634, 1187, 1400, 804, 1708, 461, 391, 0, 0, 0, 0, 0, 0, 0, 0, 0],
[1206, 274, 1063, 433, 1708, 1012, 686, 365, 1712, 295, 0, 0, 0, 0, 0, 0, 0, 0, 0, 0],
[1206, 274, 1369, 510, 1512, 975, 953, 919, 376, 31, 477, 1097, 570, 867, 0, 0, 0, 0, 0, 0],
[1206, 274, 1143, 1304, 197, 0, 0, 0, 0, 0, 0, 0, 0, 0, 0, 0, 0, 0, 0, 0],
[1206, 274, 940, 1708, 495, 1782, 1708, 756, 353, 1410, 1431, 1327, 962, 0, 0, 0, 0, 0, 0, 0],
[1206, 274, 1260, 534, 1445, 26, 1662, 1225, 1625, 142, 683, 927, 328, 994, 0, 0, 0, 0, 0, 0],
[1206, 274, 293, 1392, 866, 266, 319, 577, 1559, 619, 1288, 709, 835, 1398, 1708, 0, 0, 0, 0, 0],
[1206, 274, 1392, 555, 1106, 1399, 1484, 0, 0, 0, 0, 0, 0, 0, 0, 0, 0, 0, 0, 0],
[1523, 273, 796, 774, 723, 849, 266, 1032, 600, 0, 0, 0, 0, 0, 0, 0, 0, 0, 0, 0],
[1206, 274, 1206, 802, 1010, 1118, 1760, 1566, 274, 0, 0, 0, 0, 0, 0, 0, 0, 0, 0, 0],
[1290, 842, 953, 1168, 365, 990, 495, 953, 557, 1120, 319, 1585, 1786, 0, 0, 0, 0, 0, 0, 0],
[1206, 274, 1615, 243, 0, 0, 0, 0, 0, 0, 0, 0, 0, 0, 0, 0, 0, 0, 0, 0],
[1206, 274, 58, 792, 1432, 124, 1288, 451, 1613, 1571, 767, 15, 0, 0, 0, 0, 0, 0, 0, 0],
[1206, 274, 195, 338, 1195, 1400, 1176, 1672, 1765, 191, 369, 0, 0, 0, 0, 0, 0, 0, 0, 0],
[626, 864, 866, 1708, 1523, 1322, 402, 1751, 849, 168, 953, 1523, 42, 1775, 1488, 600, 0, 0, 0, 0],
[953, 1523, 1369, 370, 1523, 913, 156, 94, 796, 879, 1725, 78, 1283, 1342, 0, 0, 0, 0, 0, 0],
[1206, 274, 1260, 17, 1484, 1442, 1195, 1195, 292, 893, 1295, 733, 1214, 0, 0, 0, 0, 0, 0, 0],
[1206, 274, 1714, 433, 1484, 736, 0, 0, 0, 0, 0, 0, 0, 0, 0, 0, 0, 0, 0, 0],
[1206, 274, 365, 7, 1263, 0, 0, 0, 0, 0, 0, 0, 0, 0, 0, 0, 0, 0, 0, 0],
[1206, 274, 1034, 605, 956, 1567, 354, 1061, 1510, 1672, 1286, 1189, 0, 0, 0, 0, 0, 0, 0, 0],
[626, 864, 1708, 1523, 445, 1085, 0, 0, 0, 0, 0, 0, 0, 0, 0, 0, 0, 0, 0, 0],
[1206, 274, 1034, 605, 956, 1567, 354, 1061, 1510, 1672, 1286, 1189, 0, 0, 0, 0, 0, 0, 0, 0],
[1206, 274, 1766, 1751, 1488, 1358, 1743, 667, 1766, 1751, 483, 25, 140, 0, 0, 0, 0, 0, 0, 0],
[1206, 274, 990, 759, 670, 1148, 357, 732, 67, 1239, 1456, 1585, 919, 944, 413, 0, 0, 0, 0, 0],
[1206, 274, 288, 879, 520, 1563, 346, 1357, 646, 0, 0, 0, 0, 0, 0, 0, 0, 0, 0, 0],
[1206, 274, 1122, 1141, 1187, 1400, 0, 0, 0, 0, 0, 0, 0, 0, 0, 0, 0, 0, 0, 0],
[1206, 274, 808, 1158, 786, 443, 833, 283, 782, 1551, 1299, 442, 310, 0, 0, 0, 0, 0, 0, 0],
[1206, 274, 1615, 1188, 1512, 1488, 3, 1086, 89, 715, 833, 93, 1531, 1523, 646, 0, 0, 0, 0, 0],
[841, 953, 1394, 519, 953, 1523, 0, 0, 0, 0, 0, 0, 0, 0, 0, 0, 0, 0, 0, 0],
[1206, 274, 1495, 58, 1490, 1012, 354, 576, 1544, 601, 1307, 1544, 601, 1288, 1227, 953, 0, 0, 0, 0],
[841, 953, 1394, 519, 953, 1523, 0, 0, 0, 0, 0, 0, 0, 0, 0, 0, 0, 0, 0, 0],
[1206, 274, 1620, 21, 1762, 809, 353, 1708, 1139, 0, 0, 0, 0, 0, 0, 0, 0, 0, 0, 0],
[569, 864, 1187, 1400, 1503, 1708, 1523, 445, 1086, 0, 0, 0, 0, 0, 0, 0, 0, 0, 0, 0],
[569, 879, 1187, 1400, 1732, 1392, 1195, 1132, 1369, 824, 354, 1140, 990, 506, 1418, 402, 355, 0, 0, 0],
[1206, 274, 1206, 274, 919, 1456, 1136, 1622, 1400, 1519, 33, 413, 0, 0, 0, 0, 0, 0, 0, 0],
[1206, 274, 1206, 353, 1179, 843, 102, 990, 833, 14, 1676, 663, 663, 1371, 1708, 1400, 0, 0, 0, 0],
[1206, 274, 1732, 1392, 1195, 1400, 8, 0, 0, 0, 0, 0, 0, 0, 0, 0, 0, 0, 0, 0],
[569, 864, 1187, 1400, 1503, 1708, 1523, 445, 1086, 0, 0, 0, 0, 0, 0, 0, 0, 0, 0, 0],
[1206, 274, 1187, 1400, 668, 1355, 365, 1061, 908, 1573, 0, 0, 0, 0, 0, 0, 0, 0, 0, 0],
[1206, 274, 771, 236, 1187, 0, 0, 0, 0, 0, 0, 0, 0, 0, 0, 0, 0, 0, 0, 0],
[569, 879, 1187, 1400, 1732, 1392, 1195, 1132, 1369, 824, 354, 1140, 990, 506, 1418, 402, 355, 0, 0, 0],
[1206, 274, 990, 889, 14, 1676, 980, 1129, 907, 121, 1371, 584, 1371, 1227, 953, 0, 0, 0, 0, 0],
[1206, 274, 616, 616, 17, 48, 578, 576, 361, 1034, 1760, 1106, 762, 731, 0, 0, 0, 0, 0, 0],
[569, 879, 1187, 1400, 1732, 1392, 1195, 1132, 1369, 824, 354, 1140, 990, 506, 1418, 402, 355, 0, 0, 0],
[1206, 274, 637, 1148, 354, 673, 498, 1162, 1011, 717, 859, 866, 0, 0, 0, 0, 0, 0, 0, 0],
[1206, 274, 437, 1582, 46, 1708, 77, 1274, 1355, 1410, 25, 0, 0, 0, 0, 0, 0, 0, 0, 0],
[1290, 842, 1494, 1365, 365, 42, 1351, 623, 0, 0, 0, 0, 0, 0, 0, 0, 0, 0, 0, 0],
[1206, 274, 240, 610, 1392, 1708, 0, 0, 0, 0, 0, 0, 0, 0, 0, 0, 0, 0, 0, 0],
[1206, 274, 58, 1369, 1661, 641, 959, 121, 673, 1131, 683, 0, 0, 0, 0, 0, 0, 0, 0, 0],
[1206, 274, 1606, 654, 1708, 673, 1097, 1241, 672, 637, 234, 365, 1140, 990, 0, 0, 0, 0, 0, 0],
[1206, 274, 1708, 1400, 1116, 781, 505, 710, 654, 1004, 491, 772, 0, 0, 0, 0, 0, 0, 0, 0],
[1206, 274, 1708, 1400, 1567, 710, 654, 1004, 491, 772, 0, 0, 0, 0, 0, 0, 0, 0, 0, 0],
[1206, 274, 1708, 1400, 1567, 0, 0, 0, 0, 0, 0, 0, 0, 0, 0, 0, 0, 0, 0, 0],
[1206, 274, 1424, 601, 1307, 1672, 1769, 619, 919, 719, 856, 1586, 1498, 601, 121, 1494, 0, 0, 0, 0],
[1206, 274, 619, 919, 1057, 1341, 396, 700, 1355, 450, 374, 1081, 139, 856, 1362, 0, 0, 0, 0, 0],
[1290, 842, 969, 1171, 1754, 1120, 900, 1519, 1369, 804, 0, 0, 0, 0, 0, 0, 0, 0, 0, 0],
[953, 1523, 953, 1523, 273, 796, 774, 91, 845, 1032, 0, 0, 0, 0, 0, 0, 0, 0, 0, 0],
[1290, 842, 0, 0, 0, 0, 0, 0, 0, 0, 0, 0, 0, 0, 0, 0, 0, 0, 0, 0],
[1290, 842, 472, 314, 0, 0, 0, 0, 0, 0, 0, 0, 0, 0, 0, 0, 0, 0, 0, 0],
[1206, 274, 815, 463, 365, 673, 1060, 654, 772, 1095, 1465, 0, 0, 0, 0, 0, 0, 0, 0, 0],
[1290, 842, 1260, 802, 802, 735, 1451, 0, 0, 0, 0, 0, 0, 0, 0, 0, 0, 0, 0, 0],
[1206, 274, 786, 320, 1121, 1015, 0, 0, 0, 0, 0, 0, 0, 0, 0, 0, 0, 0, 0, 0],
[1206, 274, 58, 472, 58, 1503, 952, 0, 0, 0, 0, 0, 0, 0, 0, 0, 0, 0, 0, 0],
[1206, 274, 852, 1703, 433, 523, 713, 580, 864, 0, 0, 0, 0, 0, 0, 0, 0, 0, 0, 0],
[1206, 274, 974, 433, 1079, 421, 1400, 0, 0, 0, 0, 0, 0, 0, 0, 0, 0, 0, 0, 0],
[1206, 274, 1260, 6, 1148, 943, 449, 1090, 1592, 471, 1626, 0, 0, 0, 0, 0, 0, 0, 0, 0],
[1206, 274, 263, 1000, 1594, 0, 0, 0, 0, 0, 0, 0, 0, 0, 0, 0, 0, 0, 0, 0],
[1206, 274, 58, 1495, 1206, 906, 0, 0, 0, 0, 0, 0, 0, 0, 0, 0, 0, 0, 0, 0],
[1206, 274, 1337, 569, 654, 1059, 25, 601, 576, 1516, 1642, 816, 1712, 274, 0, 0, 0, 0, 0, 0],
[1206, 274, 815, 0, 0, 0, 0, 0, 0, 0, 0, 0, 0, 0, 0, 0, 0, 0, 0, 0],
[1206, 274, 1400, 0, 0, 0, 0, 0, 0, 0, 0, 0, 0, 0, 0, 0, 0, 0, 0, 0],
[1206, 274, 1001, 888, 1398, 0, 0, 0, 0, 0, 0, 0, 0, 0, 0, 0, 0, 0, 0, 0],
[1206, 274, 1780, 1708, 1355, 1012, 354, 1012, 354, 0, 0, 0, 0, 0, 0, 0, 0, 0, 0, 0],
[1206, 274, 1227, 618, 539, 1708, 1484, 0, 0, 0, 0, 0, 0, 0, 0, 0, 0, 0, 0, 0],
[1206, 274, 22, 1484, 889, 1052, 96, 793, 849, 1326, 0, 0, 0, 0, 0, 0, 0, 0, 0, 0],
[1206, 274, 615, 1755, 953, 110, 0, 0, 0, 0, 0, 0, 0, 0, 0, 0, 0, 0, 0, 0],
[1206, 274, 1064, 1690, 673, 1398, 289, 1056, 1119, 433, 1655, 0, 0, 0, 0, 0, 0, 0, 0, 0],
[1206, 274, 716, 848, 973, 16, 577, 1640, 1060, 0, 0, 0, 0, 0, 0, 0, 0, 0, 0, 0],
[1206, 274, 977, 0, 0, 0, 0, 0, 0, 0, 0, 0, 0, 0, 0, 0, 0, 0, 0, 0],
[1206, 274, 919, 1022, 1708, 944, 1355, 1554, 371, 0, 0, 0, 0, 0, 0, 0, 0, 0, 0, 0],
[1290, 842, 1260, 1002, 953, 1356, 1176, 1002, 489, 673, 1152, 0, 0, 0, 0, 0, 0, 0, 0, 0],
[1206, 274, 654, 779, 673, 459, 0, 0, 0, 0, 0, 0, 0, 0, 0, 0, 0, 0, 0, 0],
[1206, 274, 642, 861, 1708, 459, 990, 1293, 754, 1024, 1174, 517, 459, 1704, 354, 0, 0, 0, 0, 0],
[1290, 842, 1260, 18, 21, 1406, 1152, 1356, 0, 0, 0, 0, 0, 0, 0, 0, 0, 0, 0, 0],
[1206, 274, 1708, 459, 391, 354, 418, 919, 580, 106, 762, 0, 0, 0, 0, 0, 0, 0, 0, 0],
[1290, 842, 1260, 953, 1246, 18, 1330, 675, 953, 459, 738, 675, 1259, 580, 106, 1249, 1002, 495, 0, 0],
[1290, 842, 1260, 1766, 303, 489, 673, 953, 332, 34, 57, 1008, 1242, 970, 1025, 580, 998, 0, 0, 0],
[1206, 274, 919, 412, 1680, 1139, 0, 0, 0, 0, 0, 0, 0, 0, 0, 0, 0, 0, 0, 0],
[1206, 274, 1206, 42, 808, 965, 975, 1485, 1013, 1369, 359, 185, 1195, 1132, 0, 0, 0, 0, 0, 0],
[1206, 274, 1106, 1523, 1325, 1480, 1780, 990, 900, 709, 1672, 14, 1676, 1299, 603, 0, 0, 0, 0, 0],
[1206, 274, 1723, 188, 120, 1227, 1699, 1109, 1531, 0, 0, 0, 0, 0, 0, 0, 0, 0, 0, 0],
[1206, 274, 1371, 579, 236, 218, 611, 237, 1708, 375, 1420, 166, 1318, 1228, 601, 0, 0, 0, 0, 0],
[1206, 274, 673, 1780, 89, 1708, 1097, 1116, 781, 505, 25, 1708, 375, 1181, 544, 0, 0, 0, 0, 0],
[1206, 274, 960, 891, 1325, 603, 379, 433, 1464, 1567, 919, 0, 0, 0, 0, 0, 0, 0, 0, 0],
[1206, 274, 1206, 848, 962, 990, 145, 1512, 1188, 0, 0, 0, 0, 0, 0, 0, 0, 0, 0, 0],
[1206, 274, 1206, 1188, 1531, 1523, 0, 0, 0, 0, 0, 0, 0, 0, 0, 0, 0, 0, 0, 0],
[1206, 274, 1708, 461, 365, 1187, 1780, 1286, 763, 0, 0, 0, 0, 0, 0, 0, 0, 0, 0, 0],
[1206, 274, 1100, 0, 0, 0, 0, 0, 0, 0, 0, 0, 0, 0, 0, 0, 0, 0, 0, 0],
[1206, 274, 33, 413, 1145, 607, 409, 0, 0, 0, 0, 0, 0, 0, 0, 0, 0, 0, 0, 0],
[1206, 274, 673, 42, 762, 121, 654, 0, 0, 0, 0, 0, 0, 0, 0, 0, 0, 0, 0, 0],
[1206, 274, 569, 864, 1708, 1523, 1415, 186, 16, 1328, 1322, 849, 953, 1523, 42, 0, 0, 0, 0, 0],
[1206, 274, 788, 1456, 1164, 363, 1106, 320, 1708, 1672, 865, 1357, 0, 0, 0, 0, 0, 0, 0, 0],
[1206, 274, 1690, 1570, 433, 1309, 1392, 833, 0, 0, 0, 0, 0, 0, 0, 0, 0, 0, 0, 0],
[1206, 274, 1371, 362, 673, 944, 615, 641, 93, 187, 345, 815, 1786, 0, 0, 0, 0, 0, 0, 0],
[1206, 274, 185, 1123, 963, 644, 257, 1035, 1708, 1780, 3, 1274, 1512, 1188, 1216, 1523, 0, 0, 0, 0],
[1206, 274, 1708, 1741, 14, 1676, 650, 1519, 0, 0, 0, 0, 0, 0, 0, 0, 0, 0, 0, 0],
[1206, 274, 14, 1676, 0, 0, 0, 0, 0, 0, 0, 0, 0, 0, 0, 0, 0, 0, 0, 0],
[1206, 274, 1288, 815, 102, 1688, 1577, 14, 1676, 524, 0, 0, 0, 0, 0, 0, 0, 0, 0, 0],
[1206, 274, 1614, 1375, 1471, 220, 0, 0, 0, 0, 0, 0, 0, 0, 0, 0, 0, 0, 0, 0],
[1206, 274, 456, 58, 1591, 1022, 753, 1531, 0, 0, 0, 0, 0, 0, 0, 0, 0, 0, 0, 0],
[1206, 274, 1022, 575, 1369, 0, 0, 0, 0, 0, 0, 0, 0, 0, 0, 0, 0, 0, 0, 0],
[1206, 274, 0, 0, 0, 0, 0, 0, 0, 0, 0, 0, 0, 0, 0, 0, 0, 0, 0, 0],
[1206, 274, 1471, 1708, 612, 624, 1422, 1277, 354, 868, 1004, 949, 1227, 1699, 296, 524, 0, 0, 0, 0],
[1206, 274, 615, 1176, 730, 234, 879, 1708, 459, 365, 0, 0, 0, 0, 0, 0, 0, 0, 0, 0],
[1206, 274, 680, 990, 1288, 98, 866, 1163, 42, 866, 0, 0, 0, 0, 0, 0, 0, 0, 0, 0],
[1206, 274, 1593, 73, 782, 1712, 673, 0, 0, 0, 0, 0, 0, 0, 0, 0, 0, 0, 0, 0],
[1206, 274, 1064, 413, 508, 1195, 1132, 14, 1676, 1351, 0, 0, 0, 0, 0, 0, 0, 0, 0, 0],
[1206, 274, 1369, 804, 506, 1763, 726, 354, 42, 1374, 654, 673, 919, 524, 1680, 0, 0, 0, 0, 0],
[1206, 274, 982, 0, 0, 0, 0, 0, 0, 0, 0, 0, 0, 0, 0, 0, 0, 0, 0, 0],
[1206, 274, 1151, 254, 44, 365, 930, 25, 1174, 517, 1415, 186, 0, 0, 0, 0, 0, 0, 0, 0],
[1206, 274, 1114, 4, 1405, 963, 1708, 1042, 876, 1519, 0, 0, 0, 0, 0, 0, 0, 0, 0, 0],
[1206, 274, 1471, 1708, 1307, 365, 1708, 391, 1056, 1763, 726, 701, 1288, 0, 0, 0, 0, 0, 0, 0],
[1206, 274, 1272, 944, 293, 338, 1496, 1010, 808, 556, 1106, 0, 0, 0, 0, 0, 0, 0, 0, 0],
[1206, 274, 68, 974, 433, 919, 1734, 1199, 297, 365, 1140, 990, 1060, 646, 1266, 1627, 0, 0, 0, 0],
[1206, 274, 297, 25, 517, 577, 433, 1111, 297, 354, 680, 1416, 707, 824, 459, 0, 0, 0, 0, 0],
[1206, 274, 319, 841, 1174, 517, 1106, 888, 9, 1780, 717, 1523, 919, 237, 0, 0, 0, 0, 0, 0],
[1206, 274, 1585, 557, 407, 1174, 517, 763, 0, 0, 0, 0, 0, 0, 0, 0, 0, 0, 0, 0],
[1206, 274, 246, 1288, 1003, 1708, 673, 365, 354, 624, 1082, 1634, 1002, 539, 0, 0, 0, 0, 0, 0],
[1206, 274, 1206, 274, 431, 653, 203, 654, 1195, 1400, 1369, 1227, 1699, 42, 25, 974, 0, 0, 0, 0],
[1206, 274, 189, 441, 1385, 1161, 524, 58, 1022, 1434, 0, 0, 0, 0, 0, 0, 0, 0, 0, 0],
[1206, 274, 1206, 354, 974, 974, 319, 468, 459, 25, 1708, 42, 89, 25, 0, 0, 0, 0, 0, 0],
[1206, 274, 949, 117, 654, 1398, 814, 1002, 1239, 949, 354, 14, 362, 833, 0, 0, 0, 0, 0, 0],
[1206, 274, 1684, 1712, 1780, 365, 1708, 0, 0, 0, 0, 0, 0, 0, 0, 0, 0, 0, 0, 0],
[1206, 274, 354, 1488, 89, 1708, 1025, 1676, 1371, 295, 0, 0, 0, 0, 0, 0, 0, 0, 0, 0],
[1206, 274, 849, 1326, 0, 0, 0, 0, 0, 0, 0, 0, 0, 0, 0, 0, 0, 0, 0, 0],
[1206, 274, 572, 762, 581, 1708, 1057, 40, 891, 1573, 919, 1708, 0, 0, 0, 0, 0, 0, 0, 0],
[1206, 274, 942, 1063, 433, 1574, 0, 0, 0, 0, 0, 0, 0, 0, 0, 0, 0, 0, 0, 0],
[1206, 274, 535, 0, 0, 0, 0, 0, 0, 0, 0, 0, 0, 0, 0, 0, 0, 0, 0, 0],
[1206, 274, 919, 1156, 524, 1680, 0, 0, 0, 0, 0, 0, 0, 0, 0, 0, 0, 0, 0, 0],
[1206, 274, 1565, 833, 0, 0, 0, 0, 0, 0, 0, 0, 0, 0, 0, 0, 0, 0, 0, 0],
[1206, 274, 909, 504, 402, 1067, 813, 821, 365, 637, 960, 949, 805, 1207, 25, 4, 1264, 0, 0, 0],
[1206, 274, 1708, 1400, 1288, 1001, 130, 0, 0, 0, 0, 0, 0, 0, 0, 0, 0, 0, 0, 0],
[1206, 274, 189, 58, 1161, 524, 58, 21, 1758, 188, 0, 0, 0, 0, 0, 0, 0, 0, 0, 0],
[1206, 274, 1619, 0, 0, 0, 0, 0, 0, 0, 0, 0, 0, 0, 0, 0, 0, 0, 0, 0],
[1206, 274, 189, 441, 1161, 524, 58, 1313, 231, 0, 0, 0, 0, 0, 0, 0, 0, 0, 0, 0],
[1206, 274, 1227, 365, 1140, 1174, 517, 1422, 1277, 1106, 459, 941, 0, 0, 0, 0, 0, 0, 0, 0],
[1206, 274, 9, 188, 1153, 586, 492, 0, 0, 0, 0, 0, 0, 0, 0, 0, 0, 0, 0, 0],
[1206, 274, 891, 9, 1022, 1187, 1400, 1708, 1400, 1195, 1400, 524, 104, 542, 946, 0, 0, 0, 0, 0],
[1206, 274, 576, 1392, 25, 1672, 1031, 1180, 833, 1690, 129, 1132, 379, 0, 0, 0, 0, 0, 0, 0],
[1206, 274, 762, 1763, 726, 1708, 1471, 0, 0, 0, 0, 0, 0, 0, 0, 0, 0, 0, 0, 0],
[1206, 274, 653, 906, 917, 0, 0, 0, 0, 0, 0, 0, 0, 0, 0, 0, 0, 0, 0, 0],
[1206, 274, 969, 218, 856, 1419, 601, 1105, 1780, 762, 0, 0, 0, 0, 0, 0, 0, 0, 0, 0],
[1206, 274, 31, 1708, 3, 1724, 1424, 856, 990, 805, 942, 1139, 459, 894, 611, 0, 0, 0, 0, 0],
[1206, 274, 70, 1352, 1708, 601, 1307, 1538, 1698, 942, 0, 0, 0, 0, 0, 0, 0, 0, 0, 0],
[1206, 274, 31, 1708, 3, 1724, 1424, 856, 990, 805, 942, 1139, 459, 894, 611, 0, 0, 0, 0, 0],
[1206, 274, 70, 1352, 1708, 601, 1307, 1538, 1698, 942, 0, 0, 0, 0, 0, 0, 0, 0, 0, 0],
[1206, 274, 615, 523, 866, 664, 1227, 311, 1708, 673, 0, 0, 0, 0, 0, 0, 0, 0, 0, 0],
[1206, 274, 1254, 1634, 1173, 75, 165, 1496, 1573, 1495, 524, 0, 0, 0, 0, 0, 0, 0, 0, 0],
[1206, 274, 121, 1708, 402, 528, 427, 1364, 1715, 1012, 25, 1369, 998, 0, 0, 0, 0, 0, 0, 0]
[1372, 1406, 538, 1669, 581, 1085, 237, 322, 0, 0, 0, 0, 0, 0, 0, 0, 0, 0, 0, 0],
[1372, 1406, 950, 215, 1291, 1300, 1061, 126, 1329, 1181, 110, 1094, 0, 0, 0, 0, 0, 0, 0, 0],
[1372, 1406, 752, 1121, 580, 1371, 1157, 1522, 1442, 1642, 0, 0, 0, 0, 0, 0, 0, 0, 0, 0],
[1372, 1406, 1475, 1199, 1372, 764, 334, 1635, 870, 1724, 0, 0, 0, 0, 0, 0, 0, 0, 0, 0],
[1372, 1406, 126, 814, 0, 0, 0, 0, 0, 0, 0, 0, 0, 0, 0, 0, 0, 0, 0, 0],
[1372, 1406, 283, 1550, 690, 1224, 0, 0, 0, 0, 0, 0, 0, 0, 0, 0, 0, 0, 0, 0],
[1372, 1406, 458, 1569, 1308, 211, 829, 1213, 1379, 602, 1326, 1275, 1250, 0, 0, 0, 0, 0, 0, 0],
[1372, 1406, 1285, 638, 1372, 458, 1569, 1308, 652, 164, 1085, 237, 0, 0, 0, 0, 0, 0, 0, 0],
[1372, 1406, 141, 404, 141, 1048, 237, 1372, 449, 1142, 1529, 0, 0, 0, 0, 0, 0, 0, 0, 0],
[1372, 1406, 738, 1142, 1341, 1105, 1558, 184, 0, 0, 0, 0, 0, 0, 0, 0, 0, 0, 0, 0],
[1372, 1406, 1566, 1213, 425, 920, 611, 1157, 176, 767, 1522, 649, 618, 1086, 611, 0, 0, 0, 0, 0],
[497, 602, 419, 1668, 1353, 602, 545, 1468, 497, 717, 1141, 602, 497, 717, 469, 1052, 143, 890, 462, 1205],
[497, 602, 419, 1419, 328, 497, 602, 43, 1490, 1205, 707, 0, 0, 0, 0, 0, 0, 0, 0, 0],
[497, 602, 334, 1099, 497, 602, 1185, 1456, 1661, 805, 629, 683, 0, 0, 0, 0, 0, 0, 0, 0],
[1372, 1406, 993, 284, 538, 1085, 1116, 284, 284, 402, 284, 402, 1181, 1372, 0, 0, 0, 0, 0, 0],
[1372, 1406, 676, 0, 0, 0, 0, 0, 0, 0, 0, 0, 0, 0, 0, 0, 0, 0, 0, 0],
[1372, 1406, 766, 929, 1372, 80, 702, 250, 0, 0, 0, 0, 0, 0, 0, 0, 0, 0, 0, 0],
[1372, 1406, 762, 611, 178, 186, 1501, 316, 568, 935, 186, 0, 0, 0, 0, 0, 0, 0, 0, 0],
[1372, 1406, 284, 538, 1085, 1616, 456, 1275, 450, 1003, 802, 1141, 1330, 401, 1277, 0, 0, 0, 0, 0],
[1628, 180, 425, 165, 497, 602, 1523, 0, 0, 0, 0, 0, 0, 0, 0, 0, 0, 0, 0, 0],
[1372, 1406, 646, 1355, 0, 0, 0, 0, 0, 0, 0, 0, 0, 0, 0, 0, 0, 0, 0, 0],
[1372, 1406, 374, 1216, 242, 835, 835, 0, 0, 0, 0, 0, 0, 0, 0, 0, 0, 0, 0, 0],
[1372, 1406, 1199, 184, 1371, 186, 467, 467, 561, 458, 1500, 1628, 905, 0, 0, 0, 0, 0, 0, 0],
[1372, 1406, 134, 911, 743, 260, 1057, 611, 1669, 541, 1117, 0, 0, 0, 0, 0, 0, 0, 0, 0],
[1372, 1406, 159, 1292, 602, 1639, 869, 938, 0, 0, 0, 0, 0, 0, 0, 0, 0, 0, 0, 0],
[1372, 1406, 1125, 1090, 184, 249, 1399, 1391, 1754, 1577, 1689, 1089, 791, 1658, 0, 0, 0, 0, 0, 0],
[1372, 1406, 1372, 1157, 1336, 611, 1498, 1285, 1071, 1258, 1178, 171, 0, 0, 0, 0, 0, 0, 0, 0],
[1372, 1406, 1780, 315, 717, 270, 1777, 0, 0, 0, 0, 0, 0, 0, 0, 0, 0, 0, 0, 0],
[1372, 1406, 762, 611, 1628, 0, 0, 0, 0, 0, 0, 0, 0, 0, 0, 0, 0, 0, 0, 0],
[1372, 1406, 611, 1498, 1285, 1617, 0, 0, 0, 0, 0, 0, 0, 0, 0, 0, 0, 0, 0, 0],
[1372, 1406, 1348, 761, 0, 0, 0, 0, 0, 0, 0, 0, 0, 0, 0, 0, 0, 0, 0, 0],
[1372, 1406, 223, 611, 0, 0, 0, 0, 0, 0, 0, 0, 0, 0, 0, 0, 0, 0, 0, 0],
[1372, 1406, 248, 611, 1758, 993, 793, 1310, 869, 1239, 1135, 71, 287, 863, 403, 1018, 0, 0, 0, 0],
[1372, 1406, 1315, 1774, 1003, 0, 0, 0, 0, 0, 0, 0, 0, 0, 0, 0, 0, 0, 0, 0],
[1372, 1406, 906, 742, 0, 0, 0, 0, 0, 0, 0, 0, 0, 0, 0, 0, 0, 0, 0, 0],
[1372, 1406, 398, 973, 835, 1522, 189, 1717, 195, 0, 0, 0, 0, 0, 0, 0, 0, 0, 0, 0],
[1372, 1406, 950, 1120, 237, 998, 1072, 237, 1372, 0, 0, 0, 0, 0, 0, 0, 0, 0, 0, 0],
[1372, 1406, 1169, 671, 906, 611, 717, 646, 717, 646, 1522, 1169, 906, 1181, 290, 0, 0, 0, 0, 0],
[178, 180, 611, 602, 1421, 1717, 738, 0, 0, 0, 0, 0, 0, 0, 0, 0, 0, 0, 0, 0],
[1372, 1406, 327, 1522, 812, 451, 1113, 1013, 380, 1372, 0, 0, 0, 0, 0, 0, 0, 0, 0, 0],
[1372, 1406, 327, 1522, 812, 451, 1113, 1013, 380, 1372, 1566, 611, 184, 1522, 915, 0, 0, 0, 0, 0],
[178, 1169, 1549, 611, 1550, 1056, 1328, 1090, 1421, 1717, 309, 1777, 237, 611, 602, 495, 0, 0, 0, 0],
[1372, 1406, 0, 0, 0, 0, 0, 0, 0, 0, 0, 0, 0, 0, 0, 0, 0, 0, 0, 0],
[1372, 1406, 906, 248, 1018, 1583, 1281, 0, 0, 0, 0, 0, 0, 0, 0, 0, 0, 0, 0, 0],
[1372, 1406, 1118, 1442, 1616, 237, 1491, 568, 1442, 159, 211, 0, 0, 0, 0, 0, 0, 0, 0, 0],
[1372, 1406, 659, 819, 766, 929, 520, 1526, 137, 673, 404, 0, 0, 0, 0, 0, 0, 0, 0, 0],
[1372, 1406, 1182, 415, 1090, 118, 1500, 0, 0, 0, 0, 0, 0, 0, 0, 0, 0, 0, 0, 0],
[178, 1169, 1549, 611, 1550, 1056, 1328, 1090, 1421, 1717, 309, 1777, 237, 611, 602, 495, 0, 0, 0, 0],
[1372, 1406, 950, 118, 1500, 3, 1150, 168, 1465, 0, 0, 0, 0, 0, 0, 0, 0, 0, 0, 0],
[1372, 1406, 237, 1777, 0, 0, 0, 0, 0, 0, 0, 0, 0, 0, 0, 0, 0, 0, 0, 0],
[1372, 1406, 963, 456, 1523, 0, 0, 0, 0, 0, 0, 0, 0, 0, 0, 0, 0, 0, 0, 0],
[1372, 1406, 1376, 611, 646, 824, 1754, 1577, 178, 1398, 184, 304, 906, 1398, 1330, 7, 0, 0, 0, 0],
[1372, 1406, 1371, 112, 1104, 1157, 611, 1616, 1730, 0, 0, 0, 0, 0, 0, 0, 0, 0, 0, 0],
[1372, 1406, 1315, 1694, 1739, 0, 0, 0, 0, 0, 0, 0, 0, 0, 0, 0, 0, 0, 0, 0],
[1372, 1406, 1300, 0, 0, 0, 0, 0, 0, 0, 0, 0, 0, 0, 0, 0, 0, 0, 0, 0],
[1372, 1406, 284, 1744, 1616, 1730, 1341, 0, 0, 0, 0, 0, 0, 0, 0, 0, 0, 0, 0, 0],
[1372, 1406, 1710, 1090, 74, 717, 304, 0, 0, 0, 0, 0, 0, 0, 0, 0, 0, 0, 0, 0],
[1372, 1406, 1169, 906, 0, 0, 0, 0, 0, 0, 0, 0, 0, 0, 0, 0, 0, 0, 0, 0],
[1372, 1406, 251, 476, 690, 0, 0, 0, 0, 0, 0, 0, 0, 0, 0, 0, 0, 0, 0, 0],
[1372, 1406, 161, 174, 165, 0, 0, 0, 0, 0, 0, 0, 0, 0, 0, 0, 0, 0, 0, 0],
[1372, 1406, 252, 447, 1063, 1199, 178, 0, 0, 0, 0, 0, 0, 0, 0, 0, 0, 0, 0, 0],
[1372, 1406, 1720, 1283, 1048, 1053, 140, 1498, 184, 56, 758, 0, 0, 0, 0, 0, 0, 0, 0, 0],
[1372, 1406, 1343, 242, 1199, 1255, 293, 404, 611, 237, 0, 0, 0, 0, 0, 0, 0, 0, 0, 0],
[1372, 1406, 1739, 1715, 1089, 944, 0, 0, 0, 0, 0, 0, 0, 0, 0, 0, 0, 0, 0, 0],
[1372, 1406, 702, 630, 717, 242, 717, 1572, 1628, 0, 0, 0, 0, 0, 0, 0, 0, 0, 0, 0],
[1372, 1406, 43, 1053, 3, 1150, 144, 72, 3, 1150, 1780, 717, 1056, 1689, 0, 0, 0, 0, 0, 0],
[1372, 1406, 1244, 1777, 237, 284, 538, 1085, 1616, 1557, 942, 1372, 820, 1352, 0, 0, 0, 0, 0, 0],
[1372, 1406, 184, 3, 1150, 835, 184, 0, 0, 0, 0, 0, 0, 0, 0, 0, 0, 0, 0, 0],
[1372, 1406, 918, 1203, 1717, 1500, 1658, 0, 0, 0, 0, 0, 0, 0, 0, 0, 0, 0, 0, 0],
[1372, 1406, 1464, 0, 0, 0, 0, 0, 0, 0, 0, 0, 0, 0, 0, 0, 0, 0, 0, 0],
[1372, 1406, 1545, 126, 1075, 633, 245, 564, 308, 732, 1712, 1199, 0, 0, 0, 0, 0, 0, 0, 0],
[1372, 1406, 430, 1549, 497, 726, 802, 0, 0, 0, 0, 0, 0, 0, 0, 0, 0, 0, 0, 0],
[1372, 1406, 1631, 1628, 1398, 1780, 906, 841, 447, 630, 827, 410, 0, 0, 0, 0, 0, 0, 0, 0],
[1372, 1406, 1687, 1169, 726, 1549, 835, 0, 0, 0, 0, 0, 0, 0, 0, 0, 0, 0, 0, 0],
[1372, 1406, 1098, 766, 756, 495, 665, 1086, 885, 935, 751, 0, 0, 0, 0, 0, 0, 0, 0, 0],
[1372, 1406, 487, 1490, 377, 1112, 421, 0, 0, 0, 0, 0, 0, 0, 0, 0, 0, 0, 0, 0],
[1372, 1406, 611, 1784, 384, 0, 0, 0, 0, 0, 0, 0, 0, 0, 0, 0, 0, 0, 0, 0],
[178, 1169, 906, 1433, 1090, 611, 1550, 1056, 1421, 1717, 309, 1777, 237, 1717, 611, 602, 495, 0, 0, 0],
[1372, 1406, 766, 798, 1628, 824, 454, 1573, 1756, 1780, 652, 717, 0, 0, 0, 0, 0, 0, 0, 0],
[1372, 1406, 1710, 1777, 237, 0, 0, 0, 0, 0, 0, 0, 0, 0, 0, 0, 0, 0, 0, 0],
[1372, 1406, 924, 82, 1561, 924, 684, 242, 1756, 1413, 0, 0, 0, 0, 0, 0, 0, 0, 0, 0],
[1372, 1406, 891, 611, 942, 751, 404, 0, 0, 0, 0, 0, 0, 0, 0, 0, 0, 0, 0, 0],
[1372, 1406, 222, 1689, 824, 348, 583, 144, 1461, 885, 0, 0, 0, 0, 0, 0, 0, 0, 0, 0],
[1372, 1406, 752, 184, 232, 284, 538, 1085, 1116, 0, 0, 0, 0, 0, 0, 0, 0, 0, 0, 0],
[1372, 1406, 1568, 611, 237, 380, 614, 803, 935, 1118, 1056, 0, 0, 0, 0, 0, 0, 0, 0, 0],
[1372, 1406, 806, 41, 611, 636, 381, 42, 1701, 352, 1580, 1027, 570, 611, 1102, 326, 0, 0, 0, 0],
[1372, 1406, 618, 72, 3, 1150, 835, 1372, 1406, 1363, 72, 1372, 1003, 0, 0, 0, 0, 0, 0, 0],
[1372, 1406, 236, 835, 184, 309, 611, 237, 3, 1150, 0, 0, 0, 0, 0, 0, 0, 0, 0, 0],
[1372, 1406, 846, 1628, 1573, 1086, 1780, 766, 826, 1281, 1199, 1018, 0, 0, 0, 0, 0, 0, 0, 0],
[1372, 1406, 273, 1774, 1352, 725, 1317, 617, 236, 0, 0, 0, 0, 0, 0, 0, 0, 0, 0, 0],
[1372, 1406, 211, 467, 1294, 0, 0, 0, 0, 0, 0, 0, 0, 0, 0, 0, 0, 0, 0, 0],
[1372, 1406, 1386, 924, 611, 717, 1363, 72, 0, 0, 0, 0, 0, 0, 0, 0, 0, 0, 0, 0],
[1372, 1406, 1475, 819, 0, 0, 0, 0, 0, 0, 0, 0, 0, 0, 0, 0, 0, 0, 0, 0],
[1372, 1406, 766, 929, 0, 0, 0, 0, 0, 0, 0, 0, 0, 0, 0, 0, 0, 0, 0, 0],
[1372, 1406, 501, 803, 935, 1481, 1003, 0, 0, 0, 0, 0, 0, 0, 0, 0, 0, 0, 0, 0],
[1372, 1406, 1481, 680, 652, 250, 659, 819, 0, 0, 0, 0, 0, 0, 0, 0, 0, 0, 0, 0],
[178, 309, 1777, 237, 906, 1433, 1090, 611, 1550, 1056, 1421, 1717, 284, 538, 1085, 1116, 0, 0, 0, 0],
[1372, 1406, 1118, 1056, 457, 835, 835, 835, 835, 1021, 0, 0, 0, 0, 0, 0, 0, 0, 0, 0],
[1372, 1406, 1447, 1179, 1417, 412, 497, 602, 118, 0, 0, 0, 0, 0, 0, 0, 0, 0, 0, 0],
[1372, 1406, 1118, 497, 717, 985, 835, 497, 1558, 1508, 0, 0, 0, 0, 0, 0, 0, 0, 0, 0],
[1372, 1406, 1702, 1196, 496, 0, 0, 0, 0, 0, 0, 0, 0, 0, 0, 0, 0, 0, 0, 0],
[1372, 1406, 1021, 611, 1118, 1056, 1199, 0, 0, 0, 0, 0, 0, 0, 0, 0, 0, 0, 0, 0],
[1372, 1406, 669, 611, 1417, 835, 1724, 1577, 530, 935, 0, 0, 0, 0, 0, 0, 0, 0, 0, 0],
[1372, 1406, 190, 1744, 1170, 1196, 1580, 970, 1283, 1580, 1362, 1616, 0, 0, 0, 0, 0, 0, 0, 0],
[1372, 1406, 1724, 1003, 308, 902, 734, 0, 0, 0, 0, 0, 0, 0, 0, 0, 0, 0, 0, 0],
[1372, 1406, 715, 436, 659, 819, 1217, 611, 68, 469, 144, 1333, 1475, 819, 0, 0, 0, 0, 0, 0],
[1372, 1406, 715, 951, 1138, 1090, 0, 0, 0, 0, 0, 0, 0, 0, 0, 0, 0, 0, 0, 0],
[1372, 1406, 630, 1118, 1687, 611, 715, 824, 424, 1090, 808, 885, 457, 0, 0, 0, 0, 0, 0, 0],
[497, 602, 906, 7, 621, 1385, 143, 454, 750, 1684, 602, 1123, 0, 0, 0, 0, 0, 0, 0, 0],
[497, 602, 906, 7, 602, 824, 848, 175, 454, 750, 1684, 309, 875, 1699, 510, 626, 0, 0, 0, 0],
[497, 602, 906, 7, 602, 824, 1750, 175, 454, 750, 1684, 309, 1570, 875, 59, 626, 0, 0, 0, 0],
[497, 602, 906, 7, 602, 824, 1750, 175, 454, 750, 1684, 309, 875, 1699, 510, 626, 0, 0, 0, 0],
[1372, 1406, 1525, 1467, 1063, 248, 1466, 789, 1574, 0, 0, 0, 0, 0, 0, 0, 0, 0, 0, 0],
[1372, 1406, 250, 1401, 977, 611, 1417, 835, 1199, 732, 1031, 1413, 0, 0, 0, 0, 0, 0, 0, 0],
[1372, 1406, 906, 447, 751, 611, 1573, 717, 1158, 542, 717, 1049, 590, 345, 0, 0, 0, 0, 0, 0],
[1372, 1406, 906, 1410, 681, 611, 315, 1543, 1056, 1236, 611, 1461, 1158, 723, 717, 611, 0, 0, 0, 0],
[1372, 1406, 762, 214, 935, 611, 409, 824, 1071, 1258, 1030, 1099, 646, 0, 0, 0, 0, 0, 0, 0],
[1372, 1406, 1582, 982, 1637, 446, 214, 935, 0, 0, 0, 0, 0, 0, 0, 0, 0, 0, 0, 0],
[1032, 81, 1179, 220, 1605, 497, 717, 1128, 196, 127, 195, 209, 1230, 443, 0, 0, 0, 0, 0, 0],
[1372, 1406, 541, 611, 602, 1275, 1085, 891, 539, 1213, 425, 611, 602, 1707, 649, 891, 0, 0, 0, 0],
[1372, 1406, 906, 1128, 1744, 1115, 497, 1118, 1090, 1431, 1003, 1558, 827, 1463, 273, 1056, 0, 0, 0, 0],
[1372, 1406, 449, 1754, 1577, 1449, 1355, 1551, 1078, 1168, 1573, 223, 0, 0, 0, 0, 0, 0, 0, 0],
[1372, 1406, 1732, 835, 1533, 935, 486, 1355, 299, 313, 835, 236, 0, 0, 0, 0, 0, 0, 0, 0],
[497, 602, 416, 511, 1089, 497, 1056, 602, 1185, 835, 864, 195, 0, 0, 0, 0, 0, 0, 0, 0],
[1372, 1406, 184, 1371, 293, 1099, 1724, 0, 0, 0, 0, 0, 0, 0, 0, 0, 0, 0, 0, 0],
[1372, 1406, 536, 1090, 1617, 160, 1445, 611, 1498, 1285, 1156, 835, 236, 42, 0, 0, 0, 0, 0, 0],
[1372, 1406, 912, 618, 1399, 1391, 1754, 1577, 835, 1087, 867, 49, 1099, 190, 669, 0, 0, 0, 0, 0],
[1372, 1406, 1777, 237, 1724, 143, 890, 636, 935, 0, 0, 0, 0, 0, 0, 0, 0, 0, 0, 0],
[1372, 1406, 1413, 602, 1757, 153, 1669, 16, 1669, 1758, 0, 0, 0, 0, 0, 0, 0, 0, 0, 0],
[1372, 1406, 92, 1645, 250, 1454, 706, 1128, 1290, 0, 0, 0, 0, 0, 0, 0, 0, 0, 0, 0],
[1372, 1406, 1594, 599, 1089, 1498, 0, 0, 0, 0, 0, 0, 0, 0, 0, 0, 0, 0, 0, 0],
[1372, 1406, 619, 1141, 427, 760, 1237, 1420, 434, 603, 826, 951, 1413, 0, 0, 0, 0, 0, 0, 0],
[1372, 1406, 822, 1639, 1413, 659, 1518, 782, 1089, 627, 1566, 1481, 0, 0, 0, 0, 0, 0, 0, 0],
[1372, 1406, 871, 447, 1628, 906, 1068, 0, 0, 0, 0, 0, 0, 0, 0, 0, 0, 0, 0, 0],
[1372, 1406, 184, 1310, 1689, 0, 0, 0, 0, 0, 0, 0, 0, 0, 0, 0, 0, 0, 0, 0],
[1372, 1406, 474, 0, 0, 0, 0, 0, 0, 0, 0, 0, 0, 0, 0, 0, 0, 0, 0, 0],
[1372, 1406, 1298, 1196, 968, 1765, 661, 966, 1118, 835, 1656, 1086, 611, 0, 0, 0, 0, 0, 0, 0],
[1372, 1406, 611, 1330, 1063, 1206, 1309, 1086, 1132, 0, 0, 0, 0, 0, 0, 0, 0, 0, 0, 0],
[1372, 1406, 1481, 770, 835, 1524, 1445, 0, 0, 0, 0, 0, 0, 0, 0, 0, 0, 0, 0, 0],
[1372, 1406, 652, 717, 1187, 1056, 143, 751, 1479, 611, 1424, 1489, 1637, 169, 835, 1066, 0, 0, 0, 0],
[1372, 1406, 273, 756, 649, 1118, 835, 611, 961, 921, 524, 1118, 1689, 835, 1781, 0, 0, 0, 0, 0],
[1372, 1406, 611, 1365, 1067, 1780, 0, 0, 0, 0, 0, 0, 0, 0, 0, 0, 0, 0, 0, 0],
[1372, 1406, 821, 1755, 1744, 611, 1765, 1048, 1031, 257, 0, 0, 0, 0, 0, 0, 0, 0, 0, 0],
[1372, 1406, 1288, 1500, 598, 1099, 514, 126, 885, 906, 427, 1417, 497, 0, 0, 0, 0, 0, 0, 0],
[1372, 1406, 1631, 1681, 770, 1056, 248, 1631, 611, 1616, 273, 0, 0, 0, 0, 0, 0, 0, 0, 0],
[1372, 1406, 229, 638, 0, 0, 0, 0, 0, 0, 0, 0, 0, 0, 0, 0, 0, 0, 0, 0],
[1372, 1406, 1698, 1425, 275, 611, 49, 1099, 1085, 237, 0, 0, 0, 0, 0, 0, 0, 0, 0, 0],
[1372, 1406, 1481, 418, 1056, 1275, 1522, 507, 885, 1609, 1099, 710, 0, 0, 0, 0, 0, 0, 0, 0],
[497, 602, 906, 7, 1432, 875, 1649, 1385, 602, 444, 1014, 1123, 0, 0, 0, 0, 0, 0, 0, 0],
[1372, 1406, 1309, 611, 631, 1399, 980, 449, 611, 1413, 0, 0, 0, 0, 0, 0, 0, 0, 0, 0],
[497, 602, 906, 7, 602, 444, 1014, 175, 309, 875, 1163, 143, 848, 730, 1183, 0, 0, 0, 0, 0],
[1372, 1406, 1120, 334, 237, 1558, 159, 1072, 237, 1372, 0, 0, 0, 0, 0, 0, 0, 0, 0, 0],
[1372, 1406, 1315, 1774, 1372, 1426, 326, 931, 1543, 1739, 184, 1736, 0, 0, 0, 0, 0, 0, 0, 0],
[1372, 1406, 333, 995, 698, 0, 0, 0, 0, 0, 0, 0, 0, 0, 0, 0, 0, 0, 0, 0],
[1372, 1406, 387, 1372, 702, 1242, 1730, 0, 0, 0, 0, 0, 0, 0, 0, 0, 0, 0, 0, 0],
[1372, 1406, 549, 680, 250, 1, 819, 0, 0, 0, 0, 0, 0, 0, 0, 0, 0, 0, 0, 0],
[1372, 1406, 1636, 1753, 235, 1632, 1371, 1501, 316, 767, 1231, 241, 544, 0, 0, 0, 0, 0, 0, 0],
[1372, 1406, 1033, 842, 632, 1199, 0, 0, 0, 0, 0, 0, 0, 0, 0, 0, 0, 0, 0, 0],
[1372, 1406, 1438, 1105, 1724, 120, 338, 0, 0, 0, 0, 0, 0, 0, 0, 0, 0, 0, 0, 0],
[1372, 1406, 782, 1430, 1724, 0, 0, 0, 0, 0, 0, 0, 0, 0, 0, 0, 0, 0, 0, 0],
[1372, 1406, 883, 811, 1125, 1090, 1281, 1774, 0, 0, 0, 0, 0, 0, 0, 0, 0, 0, 0, 0],
[1372, 1406, 611, 184, 1628, 683, 1199, 766, 929, 1372, 702, 988, 732, 602, 464, 0, 0, 0, 0, 0],
[1372, 1406, 1157, 1489, 611, 1780, 0, 0, 0, 0, 0, 0, 0, 0, 0, 0, 0, 0, 0, 0],
[1372, 1406, 611, 315, 1724, 0, 0, 0, 0, 0, 0, 0, 0, 0, 0, 0, 0, 0, 0, 0],
[1372, 1406, 1196, 125, 1281, 404, 611, 1757, 779, 1372, 1406, 602, 909, 0, 0, 0, 0, 0, 0, 0],
[1372, 1406, 1169, 326, 1178, 171, 466, 0, 0, 0, 0, 0, 0, 0, 0, 0, 0, 0, 0, 0],
[1372, 1406, 619, 466, 1689, 1178, 171, 906, 1169, 326, 0, 0, 0, 0, 0, 0, 0, 0, 0, 0],
[1372, 1406, 1118, 118, 193, 935, 1752, 1369, 611, 728, 0, 0, 0, 0, 0, 0, 0, 0, 0, 0],
[1372, 1406, 1157, 427, 690, 1268, 248, 1744, 1756, 1085, 611, 237, 333, 1738, 0, 0, 0, 0, 0, 0],
[1372, 1406, 869, 1522, 1018, 50, 319, 1187, 611, 237, 661, 304, 0, 0, 0, 0, 0, 0, 0, 0],
[1372, 1406, 538, 1777, 237, 1085, 1669, 42, 384, 509, 1614, 0, 0, 0, 0, 0, 0, 0, 0, 0],
[1372, 1406, 729, 890, 636, 935, 824, 1754, 1577, 1756, 924, 0, 0, 0, 0, 0, 0, 0, 0, 0],
[1032, 81, 100, 1021, 1056, 71, 662, 1707, 646, 54, 0, 0, 0, 0, 0, 0, 0, 0, 0, 0],
[1372, 1406, 191, 1372, 314, 538, 1136, 1351, 63, 1550, 0, 0, 0, 0, 0, 0, 0, 0, 0, 0],
[1372, 1406, 869, 1213, 425, 476, 1485, 1739, 1106, 0, 0, 0, 0, 0, 0, 0, 0, 0, 0, 0],
[1372, 1406, 184, 946, 71, 1378, 1199, 1281, 404, 791, 1281, 54, 1372, 447, 1334, 0, 0, 0, 0, 0],
[1372, 1406, 130, 1436, 705, 1744, 489, 1756, 1566, 211, 705, 384, 0, 0, 0, 0, 0, 0, 0, 0],
[1372, 1406, 1502, 184, 237, 308, 1523, 829, 184, 717, 1009, 542, 0, 0, 0, 0, 0, 0, 0, 0],
[1372, 1406, 969, 1440, 618, 848, 1003, 1777, 646, 824, 3, 642, 1498, 0, 0, 0, 0, 0, 0, 0],
[1372, 1406, 169, 1586, 195, 1056, 195, 54, 1508, 1481, 0, 0, 0, 0, 0, 0, 0, 0, 0, 0],
[1372, 1406, 1406, 279, 1511, 328, 30, 1406, 279, 740, 328, 6, 58, 602, 0, 0, 0, 0, 0, 0],
[497, 602, 906, 7, 656, 341, 668, 1183, 1389, 1349, 1385, 602, 1123, 0, 0, 0, 0, 0, 0, 0],
[1372, 1406, 684, 195, 548, 1108, 0, 0, 0, 0, 0, 0, 0, 0, 0, 0, 0, 0, 0, 0],
[1372, 1406, 782, 154, 384, 1164, 924, 684, 242, 62, 0, 0, 0, 0, 0, 0, 0, 0, 0, 0],
[1372, 1406, 333, 1522, 951, 1345, 1300, 1372, 1762, 802, 1537, 0, 0, 0, 0, 0, 0, 0, 0, 0],
[1372, 1406, 1522, 1783, 50, 0, 0, 0, 0, 0, 0, 0, 0, 0, 0, 0, 0, 0, 0, 0],
[1372, 1406, 653, 2, 786, 994, 611, 237, 1669, 652, 924, 802, 390, 0, 0, 0, 0, 0, 0, 0],
[1372, 1406, 1522, 1018, 50, 0, 0, 0, 0, 0, 0, 0, 0, 0, 0, 0, 0, 0, 0, 0],
[1372, 1406, 722, 1398, 1777, 237, 1085, 237, 611, 237, 0, 0, 0, 0, 0, 0, 0, 0, 0, 0],
[1372, 1406, 1129, 366, 1479, 1074, 1687, 1129, 1413, 38, 0, 0, 0, 0, 0, 0, 0, 0, 0, 0],
[1372, 1406, 1148, 1372, 611, 1500, 824, 1635, 1048, 1178, 171, 906, 234, 0, 0, 0, 0, 0, 0, 0],
[1372, 1406, 184, 242, 1369, 1413, 856, 126, 1199, 1371, 49, 1099, 1726, 0, 0, 0, 0, 0, 0, 0],
[1372, 1406, 187, 237, 829, 913, 1330, 756, 840, 1287, 1048, 717, 1232, 0, 0, 0, 0, 0, 0, 0],
[1372, 1406, 1372, 1406, 1021, 1352, 1543, 1056, 611, 237, 1613, 1372, 520, 0, 0, 0, 0, 0, 0, 0],
[1372, 1406, 1545, 248, 1372, 906, 0, 0, 0, 0, 0, 0, 0, 0, 0, 0, 0, 0, 0, 0],
[1372, 1406, 339, 1305, 1689, 42, 495, 0, 0, 0, 0, 0, 0, 0, 0, 0, 0, 0, 0, 0],
[1372, 1406, 1281, 1619, 1199, 702, 118, 1413, 702, 479, 55, 54, 356, 0, 0, 0, 0, 0, 0, 0],
[1372, 1406, 1281, 1619, 118, 1413, 702, 479, 55, 54, 356, 0, 0, 0, 0, 0, 0, 0, 0, 0],
[1372, 1406, 1481, 518, 766, 518, 783, 0, 0, 0, 0, 0, 0, 0, 0, 0, 0, 0, 0, 0],
[497, 602, 906, 7, 656, 341, 668, 1183, 1516, 309, 875, 1699, 602, 175, 0, 0, 0, 0, 0, 0],
[1032, 81, 762, 0, 0, 0, 0, 0, 0, 0, 0, 0, 0, 0, 0, 0, 0, 0, 0, 0],
[497, 602, 906, 7, 656, 341, 668, 1183, 824, 1183, 1516, 309, 875, 1699, 602, 43, 0, 0, 0, 0],
[1372, 1406, 380, 1777, 237, 1754, 1577, 0, 0, 0, 0, 0, 0, 0, 0, 0, 0, 0, 0, 0],
[1372, 1406, 1522, 232, 974, 184, 1739, 1157, 447, 1580, 1522, 232, 0, 0, 0, 0, 0, 0, 0, 0],
[1372, 1406, 1767, 538, 0, 0, 0, 0, 0, 0, 0, 0, 0, 0, 0, 0, 0, 0, 0, 0],
[1372, 1406, 1372, 1406, 1121, 1777, 0, 0, 0, 0, 0, 0, 0, 0, 0, 0, 0, 0, 0, 0],
[1372, 1406, 1372, 392, 1553, 1545, 1596, 1625, 351, 1082, 477, 0, 0, 0, 0, 0, 0, 0, 0, 0],
[1372, 1406, 863, 793, 906, 970, 1115, 1500, 1481, 441, 0, 0, 0, 0, 0, 0, 0, 0, 0, 0],
[1372, 1406, 1372, 1406, 702, 1056, 639, 49, 1658, 1141, 1048, 384, 132, 970, 752, 248, 195, 195, 304, 0],
[1372, 1406, 171, 1608, 1628, 824, 454, 982, 912, 1617, 1689, 664, 71, 604, 0, 0, 0, 0, 0, 0],
[1372, 1406, 1133, 0, 0, 0, 0, 0, 0, 0, 0, 0, 0, 0, 0, 0, 0, 0, 0, 0],
[1372, 1406, 1372, 1406, 1344, 1031, 82, 867, 1669, 611, 1175, 1141, 649, 0, 0, 0, 0, 0, 0, 0],
[1372, 1406, 1271, 507, 1188, 1031, 42, 0, 0, 0, 0, 0, 0, 0, 0, 0, 0, 0, 0, 0],
[1372, 1406, 1398, 906, 248, 1765, 1255, 611, 1708, 1765, 1707, 184, 1153, 0, 0, 0, 0, 0, 0, 0],
[1372, 1406, 1077, 518, 0, 0, 0, 0, 0, 0, 0, 0, 0, 0, 0, 0, 0, 0, 0, 0],
[1032, 81, 229, 1179, 497, 1118, 1371, 806, 10, 0, 0, 0, 0, 0, 0, 0, 0, 0, 0, 0],
[1372, 1406, 1199, 184, 1371, 1398, 184, 0, 0, 0, 0, 0, 0, 0, 0, 0, 0, 0, 0, 0],
[1372, 1406, 537, 1317, 927, 486, 0, 0, 0, 0, 0, 0, 0, 0, 0, 0, 0, 0, 0, 0],
[1372, 1406, 1003, 1522, 868, 684, 126, 732, 49, 1099, 547, 720, 0, 0, 0, 0, 0, 0, 0, 0],
[1372, 1406, 864, 104, 0, 0, 0, 0, 0, 0, 0, 0, 0, 0, 0, 0, 0, 0, 0, 0],
[1372, 1406, 883, 436, 0, 0, 0, 0, 0, 0, 0, 0, 0, 0, 0, 0, 0, 0, 0, 0],
[1628, 1169, 906, 1613, 1133, 232, 611, 1550, 1056, 1256, 1421, 1628, 1371, 0, 0, 0, 0, 0, 0, 0],
[1372, 1406, 1219, 1710, 482, 0, 0, 0, 0, 0, 0, 0, 0, 0, 0, 0, 0, 0, 0, 0],
[1372, 1406, 987, 1553, 222, 384, 906, 954, 195, 1722, 646, 751, 0, 0, 0, 0, 0, 0, 0, 0],
[1372, 1406, 1269, 0, 0, 0, 0, 0, 0, 0, 0, 0, 0, 0, 0, 0, 0, 0, 0, 0],
[1372, 1406, 1583, 746, 1583, 54, 0, 0, 0, 0, 0, 0, 0, 0, 0, 0, 0, 0, 0, 0],
[1372, 1406, 1031, 42, 211, 1510, 688, 890, 636, 935, 1754, 1577, 0, 0, 0, 0, 0, 0, 0, 0],
[1372, 1406, 1676, 49, 753, 0, 0, 0, 0, 0, 0, 0, 0, 0, 0, 0, 0, 0, 0, 0],
[1372, 1406, 1710, 1690, 1550, 1056, 1031, 42, 334, 1421, 1003, 1689, 0, 0, 0, 0, 0, 0, 0, 0],
[1372, 1406, 259, 646, 54, 1056, 0, 0, 0, 0, 0, 0, 0, 0, 0, 0, 0, 0, 0, 0],
[1372, 1406, 681, 1481, 1561, 0, 0, 0, 0, 0, 0, 0, 0, 0, 0, 0, 0, 0, 0, 0],
[1372, 1406, 1710, 0, 0, 0, 0, 0, 0, 0, 0, 0, 0, 0, 0, 0, 0, 0, 0, 0],
[1372, 1406, 1265, 1724, 1523, 1627, 23, 0, 0, 0, 0, 0, 0, 0, 0, 0, 0, 0, 0, 0],
[1628, 309, 1777, 1598, 237, 455, 1421, 1031, 1689, 42, 334, 1628, 611, 602, 1421, 1371, 0, 0, 0, 0],
[1372, 1406, 476, 1485, 1522, 88, 0, 0, 0, 0, 0, 0, 0, 0, 0, 0, 0, 0, 0, 0],
[1372, 1406, 49, 1099, 126, 619, 471, 1118, 1056, 447, 307, 538, 669, 0, 0, 0, 0, 0, 0, 0],
[1372, 1406, 1531, 4, 1765, 611, 1053, 1671, 1635, 0, 0, 0, 0, 0, 0, 0, 0, 0, 0, 0],
[1372, 1406, 250, 1121, 307, 1304, 0, 0, 0, 0, 0, 0, 0, 0, 0, 0, 0, 0, 0, 0],
[1372, 1406, 950, 652, 924, 1704, 611, 0, 0, 0, 0, 0, 0, 0, 0, 0, 0, 0, 0, 0],
[1372, 1406, 658, 658, 0, 0, 0, 0, 0, 0, 0, 0, 0, 0, 0, 0, 0, 0, 0, 0],
[1372, 1406, 611, 1522, 1287, 16, 1413, 791, 1566, 1739, 568, 1413, 684, 242, 1689, 0, 0, 0, 0, 0],
[1032, 81, 497, 1322, 919, 1642, 0, 0, 0, 0, 0, 0, 0, 0, 0, 0, 0, 0, 0, 0],
[1372, 1406, 1534, 1021, 1127, 284, 538, 1085, 1116, 883, 1561, 0, 0, 0, 0, 0, 0, 0, 0, 0],
[1372, 1406, 614, 1257, 302, 0, 0, 0, 0, 0, 0, 0, 0, 0, 0, 0, 0, 0, 0, 0],
[1372, 1406, 1329, 611, 708, 384, 1705, 233, 384, 1372, 1686, 0, 0, 0, 0, 0, 0, 0, 0, 0],
[1372, 1406, 1490, 1731, 194, 1600, 1201, 0, 0, 0, 0, 0, 0, 0, 0, 0, 0, 0, 0, 0],
[1372, 1406, 1386, 951, 602, 1256, 0, 0, 0, 0, 0, 0, 0, 0, 0, 0, 0, 0, 0, 0],
[1372, 1406, 1522, 1744, 1018, 50, 618, 760, 1237, 835, 0, 0, 0, 0, 0, 0, 0, 0, 0, 0],
[1372, 1406, 906, 417, 1246, 1224, 338, 154, 1669, 307, 1543, 1188, 795, 0, 0, 0, 0, 0, 0, 0],
[1372, 1406, 1522, 951, 1345, 1372, 0, 0, 0, 0, 0, 0, 0, 0, 0, 0, 0, 0, 0, 0],
[1032, 81, 762, 0, 0, 0, 0, 0, 0, 0, 0, 0, 0, 0, 0, 0, 0, 0, 0, 0],
[1372, 1406, 65, 611, 1616, 340, 680, 256, 378, 437, 1338, 1003, 1669, 0, 0, 0, 0, 0, 0, 0],
[1372, 1406, 274, 1777, 126, 352, 0, 0, 0, 0, 0, 0, 0, 0, 0, 0, 0, 0, 0, 0],
[1372, 1406, 350, 308, 1129, 38, 0, 0, 0, 0, 0, 0, 0, 0, 0, 0, 0, 0, 0, 0],
[1372, 1406, 1048, 368, 879, 1315, 1694, 1244, 1739, 0, 0, 0, 0, 0, 0, 0, 0, 0, 0, 0],
[1372, 1406, 570, 1018, 0, 0, 0, 0, 0, 0, 0, 0, 0, 0, 0, 0, 0, 0, 0, 0],
[1372, 1406, 711, 1003, 1616, 1247, 846, 1006, 1413, 1764, 43, 1261, 792, 306, 0, 0, 0, 0, 0, 0],
[1372, 1406, 1148, 702, 162, 1433, 1121, 404, 1475, 1441, 420, 306, 0, 0, 0, 0, 0, 0, 0, 0],
[1372, 1406, 284, 538, 1085, 1116, 86, 1491, 0, 0, 0, 0, 0, 0, 0, 0, 0, 0, 0, 0],
[1372, 1406, 237, 237, 93, 26, 538, 1085, 0, 0, 0, 0, 0, 0, 0, 0, 0, 0, 0, 0],
[1372, 1406, 1500, 1090, 1399, 1391, 486, 1199, 906, 1130, 233, 1056, 0, 0, 0, 0, 0, 0, 0, 0],
[497, 602, 731, 1630, 866, 497, 1485, 802, 1619, 649, 942, 1272, 683, 195, 195, 1701, 1202, 0, 0, 0],
[1372, 1406, 436, 436, 669, 1359, 93, 1094, 538, 1085, 1116, 1168, 159, 13, 13, 0, 0, 0, 0, 0],
[1372, 1406, 1048, 1056, 802, 611, 1631, 497, 1585, 449, 1003, 1329, 408, 320, 1296, 1631, 0, 0, 0, 0],
[497, 602, 602, 545, 497, 717, 143, 1293, 1473, 1282, 468, 0, 0, 0, 0, 0, 0, 0, 0, 0],
[1032, 81, 1372, 1406, 497, 126, 1281, 0, 0, 0, 0, 0, 0, 0, 0, 0, 0, 0, 0, 0],
[1372, 1406, 1169, 199, 1690, 1090, 1281, 404, 835, 536, 1190, 1359, 1125, 1371, 211, 991, 0, 0, 0, 0],
[1372, 1406, 1743, 304, 178, 1573, 973, 632, 53, 910, 678, 1754, 1404, 1372, 1406, 0, 0, 0, 0, 0],
[1372, 1406, 1545, 44, 422, 1598, 284, 538, 1085, 1116, 1558, 882, 237, 1424, 1777, 237, 0, 0, 0, 0],
[1372, 1406, 943, 702, 1054, 638, 0, 0, 0, 0, 0, 0, 0, 0, 0, 0, 0, 0, 0, 0],
[1372, 1406, 580, 245, 1460, 248, 1279, 1003, 0, 0, 0, 0, 0, 0, 0, 0, 0, 0, 0, 0],
[1372, 1406, 26, 1042, 384, 0, 0, 0, 0, 0, 0, 0, 0, 0, 0, 0, 0, 0, 0, 0],
[1372, 1406, 766, 929, 1751, 1329, 1694, 1713, 111, 3, 1150, 1099, 835, 0, 0, 0, 0, 0, 0, 0],
[1372, 1406, 1577, 530, 935, 486, 1363, 1086, 1025, 0, 0, 0, 0, 0, 0, 0, 0, 0, 0, 0],
[1372, 1406, 49, 223, 0, 0, 0, 0, 0, 0, 0, 0, 0, 0, 0, 0, 0, 0, 0, 0],
[1372, 1406, 1148, 684, 503, 510, 611, 1765, 0, 0, 0, 0, 0, 0, 0, 0, 0, 0, 0, 0],
[1628, 180, 611, 602, 1256, 1421, 1757, 779, 0, 0, 0, 0, 0, 0, 0, 0, 0, 0, 0, 0],
[1372, 1406, 453, 935, 1718, 1573, 1550, 530, 236, 951, 0, 0, 0, 0, 0, 0, 0, 0, 0, 0],
[1372, 1406, 600, 242, 1056, 611, 184, 47, 835, 942, 1057, 425, 863, 1152, 1281, 1117, 0, 0, 0, 0],
[1372, 1406, 973, 1419, 1398, 184, 309, 611, 448, 71, 199, 1371, 1056, 1550, 0, 0, 0, 0, 0, 0],
[1372, 1406, 1421, 1363, 1398, 1341, 989, 1142, 633, 0, 0, 0, 0, 0, 0, 0, 0, 0, 0, 0],
[1372, 1406, 1421, 1363, 1398, 1341, 1755, 1415, 633, 0, 0, 0, 0, 0, 0, 0, 0, 0, 0, 0],
[1372, 1406, 1148, 883, 517, 846, 1085, 1116, 307, 0, 0, 0, 0, 0, 0, 0, 0, 0, 0, 0],
[1372, 1406, 993, 1616, 0, 0, 0, 0, 0, 0, 0, 0, 0, 0, 0, 0, 0, 0, 0, 0],
[1372, 1406, 1376, 1372, 538, 829, 1710, 1543, 1188, 1777, 237, 1563, 0, 0, 0, 0, 0, 0, 0, 0],
[1372, 1406, 1566, 840, 1739, 1057, 1597, 0, 0, 0, 0, 0, 0, 0, 0, 0, 0, 0, 0, 0],
[1372, 1406, 857, 702, 1196, 0, 0, 0, 0, 0, 0, 0, 0, 0, 0, 0, 0, 0, 0, 0],
[1372, 1406, 248, 1765, 561, 619, 611, 0, 0, 0, 0, 0, 0, 0, 0, 0, 0, 0, 0, 0],
[1372, 1406, 248, 1765, 561, 619, 288, 0, 0, 0, 0, 0, 0, 0, 0, 0, 0, 0, 0, 0],
[1372, 1406, 307, 284, 1142, 0, 0, 0, 0, 0, 0, 0, 0, 0, 0, 0, 0, 0, 0, 0],
[1372, 1406, 187, 1541, 1777, 237, 1085, 237, 187, 1018, 1291, 0, 0, 0, 0, 0, 0, 0, 0, 0],
[1372, 1406, 380, 178, 486, 3, 1150, 486, 940, 488, 618, 713, 1090, 1086, 0, 0, 0, 0, 0, 0],
[1372, 1406, 1641, 1085, 384, 1398, 1669, 0, 0, 0, 0, 0, 0, 0, 0, 0, 0, 0, 0, 0],
[1372, 1406, 891, 1579, 801, 1654, 522, 1687, 1056, 1728, 0, 0, 0, 0, 0, 0, 0, 0, 0, 0],
[1372, 1406, 1765, 611, 1398, 404, 898, 1671, 1754, 1577, 0, 0, 0, 0, 0, 0, 0, 0, 0, 0],
[1372, 1406, 835, 1730, 835, 236, 1763, 1078, 649, 1460, 0, 0, 0, 0, 0, 0, 0, 0, 0, 0],
[1372, 1406, 380, 1549, 1550, 1056, 1577, 530, 935, 824, 3, 1150, 766, 0, 0, 0, 0, 0, 0, 0],
[1372, 1406, 1777, 237, 747, 586, 1275, 897, 236, 1233, 76, 375, 353, 0, 0, 0, 0, 0, 0, 0],
[1372, 1406, 641, 284, 1085, 1116, 0, 0, 0, 0, 0, 0, 0, 0, 0, 0, 0, 0, 0, 0],
[1372, 1406, 1672, 848, 186, 1695, 1413, 1459, 611, 570, 218, 1646, 646, 0, 0, 0, 0, 0, 0, 0],
[1372, 1406, 1546, 245, 1281, 0, 0, 0, 0, 0, 0, 0, 0, 0, 0, 0, 0, 0, 0, 0],
[1372, 1406, 250, 1213, 7, 486, 3, 1150, 631, 1689, 589, 0, 0, 0, 0, 0, 0, 0, 0, 0],
[1372, 1406, 1479, 1744, 1474, 680, 1371, 535, 153, 1204, 475, 1403, 1479, 0, 0, 0, 0, 0, 0, 0],
[1372, 1406, 1157, 1390, 1056, 797, 1188, 26, 236, 1626, 835, 318, 0, 0, 0, 0, 0, 0, 0, 0],
[1372, 1406, 770, 680, 1056, 611, 1056, 868, 0, 0, 0, 0, 0, 0, 0, 0, 0, 0, 0, 0],
[1372, 1406, 1141, 1306, 248, 611, 384, 1504, 1168, 630, 646, 404, 1737, 0, 0, 0, 0, 0, 0, 0],
[1372, 1406, 702, 959, 352, 611, 611, 1498, 1516, 0, 0, 0, 0, 0, 0, 0, 0, 0, 0, 0],
[1372, 1406, 1371, 1213, 602, 1426, 649, 1426, 1642, 184, 1318, 586, 1654, 0, 0, 0, 0, 0, 0, 0],
[1372, 1406, 1756, 1756, 1529, 1756, 0, 0, 0, 0, 0, 0, 0, 0, 0, 0, 0, 0, 0, 0],
[1372, 1406, 745, 1548, 262, 1031, 1359, 1165, 1008, 1744, 1169, 1164, 298, 464, 318, 0, 0, 0, 0, 0],
[1372, 1406, 1628, 1169, 309, 1777, 237, 906, 1433, 1090, 611, 1550, 1056, 1256, 1421, 1372, 237, 0, 0, 0],
[1372, 1406, 945, 765, 799, 0, 0, 0, 0, 0, 0, 0, 0, 0, 0, 0, 0, 0, 0, 0],
[1372, 1406, 1168, 1374, 1254, 187, 974, 1372, 1213, 0, 0, 0, 0, 0, 0, 0, 0, 0, 0, 0],
[1372, 1406, 1628, 309, 1777, 237, 906, 1522, 611, 1489, 1045, 944, 37, 0, 0, 0, 0, 0, 0, 0],
[1372, 1406, 1379, 823, 531, 1168, 615, 874, 1097, 413, 1264, 447, 1341, 936, 0, 0, 0, 0, 0, 0],
[1628, 1169, 309, 1777, 237, 906, 1433, 1090, 611, 1550, 1056, 1256, 1421, 284, 538, 1085, 1116, 0, 0, 0],
[1372, 1406, 1372, 1018, 1724, 1207, 1664, 337, 1724, 284, 1146, 1018, 924, 1089, 62, 0, 0, 0, 0, 0],
[1372, 1406, 1307, 183, 425, 462, 497, 602, 0, 0, 0, 0, 0, 0, 0, 0, 0, 0, 0, 0],
[1372, 1406, 184, 1754, 1577, 3, 1150, 766, 0, 0, 0, 0, 0, 0, 0, 0, 0, 0, 0, 0],
[1372, 1406, 1671, 1784, 284, 1550, 1056, 1099, 835, 0, 0, 0, 0, 0, 0, 0, 0, 0, 0, 0],
[1372, 1406, 1095, 0, 0, 0, 0, 0, 0, 0, 0, 0, 0, 0, 0, 0, 0, 0, 0, 0],
[1372, 1406, 756, 1168, 307, 1372, 819, 766, 0, 0, 0, 0, 0, 0, 0, 0, 0, 0, 0, 0],
[1372, 1406, 1481, 36, 611, 848, 1689, 180, 118, 935, 1046, 0, 0, 0, 0, 0, 0, 0, 0, 0],
[1372, 1406, 835, 1679, 611, 835, 724, 55, 486, 1508, 0, 0, 0, 0, 0, 0, 0, 0, 0, 0],
[1372, 1406, 1084, 630, 1733, 1745, 1522, 1129, 929, 928, 142, 0, 0, 0, 0, 0, 0, 0, 0, 0],
[1372, 1406, 538, 0, 0, 0, 0, 0, 0, 0, 0, 0, 0, 0, 0, 0, 0, 0, 0, 0],
[1372, 1406, 16, 1371, 764, 1209, 404, 1345, 464, 1352, 1315, 0, 0, 0, 0, 0, 0, 0, 0, 0],
[1372, 1406, 950, 756, 1047, 93, 1381, 748, 1521, 426, 1287, 0, 0, 0, 0, 0, 0, 0, 0, 0],
[1372, 1406, 1074, 464, 1500, 193, 935, 1208, 1445, 439, 1533, 935, 397, 1309, 0, 0, 0, 0, 0, 0],
[1372, 1406, 835, 724, 486, 236, 835, 1558, 992, 42, 0, 0, 0, 0, 0, 0, 0, 0, 0, 0],
[1372, 1406, 309, 538, 1085, 1116, 1710, 32, 1669, 184, 611, 0, 0, 0, 0, 0, 0, 0, 0, 0],
[1372, 1406, 71, 380, 184, 1577, 530, 935, 0, 0, 0, 0, 0, 0, 0, 0, 0, 0, 0, 0],
[1372, 1406, 611, 602, 646, 1709, 916, 0, 0, 0, 0, 0, 0, 0, 0, 0, 0, 0, 0, 0],
[1372, 1406, 337, 919, 659, 338, 242, 1199, 1500, 1704, 1777, 1548, 352, 0, 0, 0, 0, 0, 0, 0],
[1372, 1406, 1094, 864, 1524, 379, 1229, 0, 0, 0, 0, 0, 0, 0, 0, 0, 0, 0, 0, 0],
[1372, 1406, 1078, 649, 1291, 1085, 1616, 1398, 1543, 1632, 0, 0, 0, 0, 0, 0, 0, 0, 0, 0],
[309, 448, 824, 1754, 1577, 505, 1550, 824, 439, 1074, 1500, 611, 144, 1339, 1445, 824, 1470, 0, 0, 0],
[1372, 1406, 611, 1417, 1533, 935, 835, 49, 1099, 1063, 1168, 0, 0, 0, 0, 0, 0, 0, 0, 0],
[1372, 1406, 1078, 649, 184, 1199, 309, 1085, 1669, 756, 1506, 965, 0, 0, 0, 0, 0, 0, 0, 0],
[1372, 1406, 904, 749, 1434, 1595, 1574, 594, 604, 0, 0, 0, 0, 0, 0, 0, 0, 0, 0, 0],
[1372, 1406, 307, 1744, 538, 1085, 1616, 1418, 238, 891, 16, 902, 1413, 96, 1616, 0, 0, 0, 0, 0],
[1372, 1406, 1724, 1619, 1413, 1401, 1739, 1724, 0, 0, 0, 0, 0, 0, 0, 0, 0, 0, 0, 0],
[1372, 1406, 376, 1548, 1205, 448, 906, 1522, 1018, 50, 0, 0, 0, 0, 0, 0, 0, 0, 0, 0],
[1372, 1406, 1372, 1406, 1105, 98, 1253, 702, 580, 542, 1516, 611, 1616, 0, 0, 0, 0, 0, 0, 0],
[1372, 1406, 1141, 538, 1085, 1116, 11, 121, 1398, 60, 1257, 121, 0, 0, 0, 0, 0, 0, 0, 0],
[1372, 1406, 1629, 1018, 602, 522, 9, 630, 1056, 967, 1093, 0, 0, 0, 0, 0, 0, 0, 0, 0],
[1372, 1406, 1628, 732, 652, 1586, 1099, 1479, 0, 0, 0, 0, 0, 0, 0, 0, 0, 0, 0, 0],
[1372, 1406, 1413, 903, 184, 1107, 1522, 507, 1372, 1188, 1066, 0, 0, 0, 0, 0, 0, 0, 0, 0],
[1372, 1406, 1437, 497, 0, 0, 0, 0, 0, 0, 0, 0, 0, 0, 0, 0, 0, 0, 0, 0],
[1372, 1406, 16, 1550, 1628, 1255, 1054, 1586, 1352, 309, 611, 384, 0, 0, 0, 0, 0, 0, 0, 0],
[1372, 1406, 1767, 102, 638, 173, 0, 0, 0, 0, 0, 0, 0, 0, 0, 0, 0, 0, 0, 0],
[1372, 1406, 760, 1237, 43, 1085, 1616, 1744, 1577, 530, 935, 43, 31, 538, 1085, 1616, 0, 0, 0, 0],
[1372, 1406, 1371, 1029, 1508, 611, 457, 1223, 1522, 1018, 50, 0, 0, 0, 0, 0, 0, 0, 0, 0],
[1372, 1406, 1744, 1577, 530, 935, 1398, 1756, 242, 1689, 717, 1090, 184, 242, 1689, 309, 1499, 0, 0, 0],
[1372, 1406, 506, 618, 611, 835, 236, 0, 0, 0, 0, 0, 0, 0, 0, 0, 0, 0, 0, 0],
[1372, 1406, 1371, 1029, 1508, 611, 457, 1223, 0, 0, 0, 0, 0, 0, 0, 0, 0, 0, 0, 0],
[1372, 1406, 1777, 237, 1628, 43, 178, 611, 1573, 1777, 1090, 1070, 0, 0, 0, 0, 0, 0, 0, 0],
[1372, 1406, 1413, 550, 903, 1413, 611, 1329, 0, 0, 0, 0, 0, 0, 0, 0, 0, 0, 0, 0],
[1372, 1406, 1372, 1406, 1493, 702, 871, 0, 0, 0, 0, 0, 0, 0, 0, 0, 0, 0, 0, 0],
[1372, 1406, 648, 0, 0, 0, 0, 0, 0, 0, 0, 0, 0, 0, 0, 0, 0, 0, 0, 0],
[1372, 1406, 1754, 1577, 1128, 779, 869, 0, 0, 0, 0, 0, 0, 0, 0, 0, 0, 0, 0, 0],
[1372, 1406, 1142, 493, 0, 0, 0, 0, 0, 0, 0, 0, 0, 0, 0, 0, 0, 0, 0, 0],
[1372, 1406, 1404, 630, 717, 648, 464, 94, 538, 1085, 1567, 0, 0, 0, 0, 0, 0, 0, 0, 0],
[1372, 1406, 1481, 1423, 1194, 1485, 1244, 1329, 263, 680, 1522, 1018, 50, 0, 0, 0, 0, 0, 0, 0],
[1372, 1406, 152, 147, 357, 346, 230, 1168, 1406, 0, 0, 0, 0, 0, 0, 0, 0, 0, 0, 0],
[1372, 1406, 702, 126, 384, 1031, 0, 0, 0, 0, 0, 0, 0, 0, 0, 0, 0, 0, 0, 0],
[1372, 1406, 0, 0, 0, 0, 0, 0, 0, 0, 0, 0, 0, 0, 0, 0, 0, 0, 0, 0],
[1372, 1406, 1554, 1616, 653, 2, 1247, 836, 1564, 0, 0, 0, 0, 0, 0, 0, 0, 0, 0, 0],
[1372, 1406, 1372, 717, 1756, 891, 0, 0, 0, 0, 0, 0, 0, 0, 0, 0, 0, 0, 0, 0],
[1628, 309, 1777, 237, 906, 1433, 1090, 611, 1550, 1056, 1256, 1421, 284, 538, 1085, 1116, 0, 0, 0, 0],
[1372, 1406, 1479, 1320, 440, 1196, 1754, 1577, 0, 0, 0, 0, 0, 0, 0, 0, 0, 0, 0, 0],
[1372, 1406, 960, 1613, 448, 536, 619, 633, 242, 1579, 0, 0, 0, 0, 0, 0, 0, 0, 0, 0],
[1372, 1406, 993, 993, 242, 1199, 0, 0, 0, 0, 0, 0, 0, 0, 0, 0, 0, 0, 0, 0],
[309, 1613, 448, 824, 1421, 1445, 505, 1550, 824, 439, 1074, 1500, 1419, 611, 824, 1470, 0, 0, 0, 0],
[1372, 1406, 611, 646, 1780, 717, 242, 1400, 184, 1317, 1591, 896, 0, 0, 0, 0, 0, 0, 0, 0],
[1372, 1406, 356, 1199, 1401, 1110, 634, 1569, 0, 0, 0, 0, 0, 0, 0, 0, 0, 0, 0, 0],
[1372, 1406, 756, 1281, 404, 1496, 0, 0, 0, 0, 0, 0, 0, 0, 0, 0, 0, 0, 0, 0],
[1372, 1406, 595, 584, 0, 0, 0, 0, 0, 0, 0, 0, 0, 0, 0, 0, 0, 0, 0, 0],
[1372, 1406, 1775, 1622, 207, 399, 1324, 1622, 0, 0, 0, 0, 0, 0, 0, 0, 0, 0, 0, 0],
[1372, 1406, 826, 184, 1401, 1390, 935, 0, 0, 0, 0, 0, 0, 0, 0, 0, 0, 0, 0, 0],
[1372, 1406, 448, 1616, 237, 0, 0, 0, 0, 0, 0, 0, 0, 0, 0, 0, 0, 0, 0, 0],
[1372, 1406, 1419, 611, 824, 454, 982, 448, 0, 0, 0, 0, 0, 0, 0, 0, 0, 0, 0, 0],
[1372, 1406, 448, 309, 0, 0, 0, 0, 0, 0, 0, 0, 0, 0, 0, 0, 0, 0, 0, 0],
[309, 1613, 448, 824, 1421, 1445, 505, 1550, 824, 439, 1074, 1500, 1419, 611, 824, 1470, 0, 0, 0, 0],
[1372, 1406, 12, 35, 1481, 818, 904, 90, 312, 0, 0, 0, 0, 0, 0, 0, 0, 0, 0, 0],
[1372, 1406, 1425, 802, 1413, 618, 1628, 1756, 1090, 0, 0, 0, 0, 0, 0, 0, 0, 0, 0, 0],
[1372, 1406, 126, 633, 1510, 0, 0, 0, 0, 0, 0, 0, 0, 0, 0, 0, 0, 0, 0, 0],
[1372, 1406, 1481, 827, 649, 924, 897, 618, 510, 611, 41, 1014, 0, 0, 0, 0, 0, 0, 0, 0],
[1372, 1406, 1372, 1740, 245, 447, 223, 0, 0, 0, 0, 0, 0, 0, 0, 0, 0, 0, 0, 0],
[1372, 1406, 248, 611, 273, 0, 0, 0, 0, 0, 0, 0, 0, 0, 0, 0, 0, 0, 0, 0],
[1372, 1406, 1653, 308, 1425, 1510, 633, 684, 16, 0, 0, 0, 0, 0, 0, 0, 0, 0, 0, 0],
[1372, 1406, 611, 184, 193, 935, 638, 1510, 333, 1301, 0, 0, 0, 0, 0, 0, 0, 0, 0, 0],
[1372, 1406, 1628, 338, 404, 673, 83, 919, 234, 449, 1017, 1055, 0, 0, 0, 0, 0, 0, 0, 0],
[1372, 1406, 538, 611, 631, 333, 1601, 628, 739, 0, 0, 0, 0, 0, 0, 0, 0, 0, 0, 0]