[990, 131, 1116, 720, 245, 1422, 235, 235, 383, 451, 1142, 0, 0, 0, 0, 0, 0, 0, 0, 0],
[990, 131, 707, 1361, 1491, 95, 707, 404, 739, 591, 707, 0, 0, 0, 0, 0, 0, 0, 0, 0],
[990, 131, 720, 595, 653, 793, 1471, 1496, 0, 0, 0, 0, 0, 0, 0, 0, 0, 0, 0, 0],
[990, 131, 1215, 1591, 598, 515, 0, 0, 0, 0, 0, 0, 0, 0, 0, 0, 0, 0, 0, 0],
[1430, 710, 720, 392, 158, 348, 59, 1239, 1589, 257, 967, 1589, 1295, 967, 392, 707, 0, 0, 0, 0],
[990, 131, 321, 892, 743, 489, 887, 965, 48, 4, 364, 0, 0, 0, 0, 0, 0, 0, 0, 0],
[715, 1446, 1133, 1243, 693, 800, 652, 720, 1491, 106, 633, 598, 1401, 715, 1446, 0, 0, 0, 0, 0],
[990, 131, 1308, 1588, 515, 1166, 595, 1533, 1268, 629, 0, 0, 0, 0, 0, 0, 0, 0, 0, 0],
[990, 131, 1058, 168, 1142, 515, 1089, 1533, 932, 783, 515, 170, 102, 0, 0, 0, 0, 0, 0, 0],
[990, 131, 481, 1589, 1288, 386, 1328, 0, 0, 0, 0, 0, 0, 0, 0, 0, 0, 0, 0, 0],
[990, 131, 332, 224, 145, 617, 280, 990, 0, 0, 0, 0, 0, 0, 0, 0, 0, 0, 0, 0],
[990, 131, 124, 186, 1349, 468, 955, 0, 0, 0, 0, 0, 0, 0, 0, 0, 0, 0, 0, 0],
[990, 131, 1224, 938, 1388, 796, 471, 842, 990, 131, 1555, 0, 0, 0, 0, 0, 0, 0, 0, 0],
[990, 131, 1252, 768, 819, 144, 154, 847, 0, 0, 0, 0, 0, 0, 0, 0, 0, 0, 0, 0],
[990, 131, 809, 990, 131, 29, 932, 1080, 1600, 9, 1190, 0, 0, 0, 0, 0, 0, 0, 0, 0],
[990, 131, 209, 1574, 730, 450, 1588, 0, 0, 0, 0, 0, 0, 0, 0, 0, 0, 0, 0, 0],
[990, 131, 280, 967, 392, 0, 0, 0, 0, 0, 0, 0, 0, 0, 0, 0, 0, 0, 0, 0],
[990, 131, 1182, 523, 384, 859, 515, 820, 806, 1166, 0, 0, 0, 0, 0, 0, 0, 0, 0, 0],
[715, 1446, 124, 725, 506, 1607, 1273, 923, 0, 0, 0, 0, 0, 0, 0, 0, 0, 0, 0, 0],
[990, 131, 383, 235, 966, 0, 0, 0, 0, 0, 0, 0, 0, 0, 0, 0, 0, 0, 0, 0],
[990, 131, 1585, 1220, 63, 720, 392, 1574, 446, 923, 145, 1288, 219, 0, 0, 0, 0, 0, 0, 0],
[1430, 931, 321, 1530, 209, 720, 653, 1591, 158, 348, 59, 1589, 257, 967, 1589, 1295, 967, 392, 595, 749],
[715, 1446, 831, 923, 879, 124, 223, 875, 0, 0, 0, 0, 0, 0, 0, 0, 0, 0, 0, 0],
[990, 131, 1470, 136, 1591, 0, 0, 0, 0, 0, 0, 0, 0, 0, 0, 0, 0, 0, 0, 0],
[990, 131, 1186, 1015, 138, 279, 798, 1530, 1182, 0, 0, 0, 0, 0, 0, 0, 0, 0, 0, 0],
[990, 131, 1433, 1016, 409, 493, 595, 922, 180, 0, 0, 0, 0, 0, 0, 0, 0, 0, 0, 0],
[990, 131, 1589, 386, 1407, 945, 442, 0, 0, 0, 0, 0, 0, 0, 0, 0, 0, 0, 0, 0],
[990, 131, 1265, 931, 1143, 504, 720, 392, 1265, 1430, 522, 971, 945, 1623, 504, 1058, 0, 0, 0, 0],
[990, 131, 1173, 434, 250, 542, 971, 84, 783, 460, 0, 0, 0, 0, 0, 0, 0, 0, 0, 0],
[967, 392, 720, 1273, 923, 542, 971, 97, 1125, 507, 0, 0, 0, 0, 0, 0, 0, 0, 0, 0],
[990, 131, 1325, 507, 627, 720, 1279, 1282, 1562, 200, 1435, 522, 971, 945, 1623, 504, 0, 0, 0, 0],
[990, 131, 1116, 1591, 169, 1308, 30, 595, 103, 1027, 1589, 634, 395, 1083, 0, 0, 0, 0, 0, 0],
[715, 1446, 56, 78, 935, 804, 720, 1392, 1094, 661, 909, 720, 1268, 0, 0, 0, 0, 0, 0, 0],
[990, 131, 593, 1070, 938, 1020, 209, 1020, 321, 1530, 1308, 720, 653, 1591, 0, 0, 0, 0, 0, 0],
[990, 131, 719, 1200, 1543, 1370, 1140, 104, 0, 0, 0, 0, 0, 0, 0, 0, 0, 0, 0, 0],
[990, 131, 237, 1396, 1036, 823, 720, 305, 386, 1166, 1226, 1063, 823, 720, 1338, 0, 0, 0, 0, 0],
[990, 131, 987, 990, 131, 321, 599, 1430, 138, 155, 138, 1093, 542, 971, 0, 0, 0, 0, 0, 0],
[990, 131, 831, 1265, 420, 230, 271, 0, 0, 0, 0, 0, 0, 0, 0, 0, 0, 0, 0, 0],
[715, 1446, 917, 772, 318, 138, 189, 124, 0, 0, 0, 0, 0, 0, 0, 0, 0, 0, 0, 0],
[990, 131, 1215, 515, 875, 1265, 130, 1164, 104, 1352, 0, 0, 0, 0, 0, 0, 0, 0, 0, 0],
[990, 131, 595, 393, 450, 1023, 1191, 548, 720, 1142, 1414, 23, 464, 655, 1305, 0, 0, 0, 0, 0],
[990, 131, 426, 720, 51, 85, 1495, 1471, 1496, 124, 0, 0, 0, 0, 0, 0, 0, 0, 0, 0],
[990, 131, 273, 439, 172, 811, 1409, 1349, 1186, 1044, 0, 0, 0, 0, 0, 0, 0, 0, 0, 0],
[990, 131, 542, 971, 512, 573, 174, 0, 0, 0, 0, 0, 0, 0, 0, 0, 0, 0, 0, 0],
[990, 131, 557, 0, 0, 0, 0, 0, 0, 0, 0, 0, 0, 0, 0, 0, 0, 0, 0, 0],
[990, 131, 542, 971, 512, 573, 0, 0, 0, 0, 0, 0, 0, 0, 0, 0, 0, 0, 0, 0],
[990, 131, 823, 174, 865, 1063, 838, 859, 1589, 823, 903, 224, 875, 661, 0, 0, 0, 0, 0, 0],
[990, 131, 1265, 1033, 104, 823, 720, 1033, 343, 661, 1166, 393, 0, 0, 0, 0, 0, 0, 0, 0],
[990, 131, 920, 720, 228, 1574, 1030, 980, 73, 595, 450, 0, 0, 0, 0, 0, 0, 0, 0, 0],
[990, 131, 1414, 1218, 1574, 515, 280, 990, 131, 0, 0, 0, 0, 0, 0, 0, 0, 0, 0, 0],
[990, 131, 206, 629, 1574, 393, 557, 367, 103, 1027, 1240, 1082, 1279, 956, 990, 252, 0, 0, 0, 0],
[990, 131, 1574, 166, 1464, 1185, 0, 0, 0, 0, 0, 0, 0, 0, 0, 0, 0, 0, 0, 0],
[990, 131, 103, 1027, 720, 1501, 174, 865, 1407, 1254, 174, 123, 0, 0, 0, 0, 0, 0, 0, 0],
[990, 131, 991, 666, 673, 971, 1273, 923, 0, 0, 0, 0, 0, 0, 0, 0, 0, 0, 0, 0],
[990, 131, 557, 124, 0, 0, 0, 0, 0, 0, 0, 0, 0, 0, 0, 0, 0, 0, 0, 0],
[990, 131, 674, 857, 1091, 963, 765, 938, 544, 911, 913, 450, 661, 0, 0, 0, 0, 0, 0, 0],
[990, 131, 0, 0, 0, 0, 0, 0, 0, 0, 0, 0, 0, 0, 0, 0, 0, 0, 0, 0],
[967, 392, 720, 1273, 542, 971, 960, 653, 1591, 435, 124, 321, 1257, 1326, 719, 1167, 0, 0, 0, 0],
[990, 131, 915, 220, 1588, 515, 1190, 323, 191, 1321, 561, 1308, 1450, 0, 0, 0, 0, 0, 0, 0],
[990, 131, 792, 138, 1313, 1218, 172, 124, 124, 907, 1556, 220, 488, 0, 0, 0, 0, 0, 0, 0],
[990, 131, 967, 1046, 1574, 1453, 926, 997, 1333, 0, 0, 0, 0, 0, 0, 0, 0, 0, 0, 0],
[715, 1446, 280, 1326, 223, 661, 969, 1051, 743, 571, 1027, 1589, 1184, 0, 0, 0, 0, 0, 0, 0],
[990, 131, 651, 433, 166, 615, 509, 938, 138, 124, 210, 166, 682, 509, 938, 138, 124, 130, 1177, 0],
[990, 131, 280, 1589, 967, 1288, 246, 647, 507, 1058, 720, 142, 1225, 515, 486, 1588, 0, 0, 0, 0],
[967, 392, 720, 1273, 542, 971, 321, 1397, 960, 653, 1591, 124, 321, 1257, 1326, 719, 1167, 0, 0, 0],
[990, 131, 920, 1265, 938, 1530, 1308, 720, 944, 595, 661, 1593, 1410, 0, 0, 0, 0, 0, 0, 0],
[990, 131, 1430, 1131, 107, 1361, 1491, 1311, 730, 1083, 271, 1392, 930, 1218, 746, 0, 0, 0, 0, 0],
[990, 131, 719, 967, 653, 275, 0, 0, 0, 0, 0, 0, 0, 0, 0, 0, 0, 0, 0, 0],
[990, 131, 1350, 1290, 589, 1024, 104, 1574, 515, 1591, 990, 131, 1156, 12, 0, 0, 0, 0, 0, 0],
[715, 1446, 1289, 879, 1591, 124, 82, 939, 720, 0, 0, 0, 0, 0, 0, 0, 0, 0, 0, 0],
[990, 131, 581, 747, 814, 493, 750, 922, 859, 1200, 0, 0, 0, 0, 0, 0, 0, 0, 0, 0],
[990, 131, 990, 1235, 1009, 206, 1574, 393, 720, 217, 1589, 0, 0, 0, 0, 0, 0, 0, 0, 0],
[990, 131, 30, 88, 814, 630, 720, 512, 6, 475, 0, 0, 0, 0, 0, 0, 0, 0, 0, 0],
[990, 131, 58, 971, 823, 915, 1108, 364, 219, 1202, 364, 392, 0, 0, 0, 0, 0, 0, 0, 0],
[990, 131, 809, 1349, 1265, 1397, 1611, 1329, 921, 493, 0, 0, 0, 0, 0, 0, 0, 0, 0, 0],
[990, 131, 1348, 1585, 1000, 598, 0, 0, 0, 0, 0, 0, 0, 0, 0, 0, 0, 0, 0, 0],
[990, 131, 1058, 173, 313, 720, 967, 772, 726, 0, 0, 0, 0, 0, 0, 0, 0, 0, 0, 0],
[990, 131, 626, 990, 131, 831, 253, 720, 1491, 666, 1349, 0, 0, 0, 0, 0, 0, 0, 0, 0],
[990, 131, 719, 343, 390, 1589, 967, 392, 720, 849, 490, 0, 0, 0, 0, 0, 0, 0, 0, 0],
[990, 131, 719, 693, 720, 291, 1369, 0, 0, 0, 0, 0, 0, 0, 0, 0, 0, 0, 0, 0],
[990, 131, 0, 0, 0, 0, 0, 0, 0, 0, 0, 0, 0, 0, 0, 0, 0, 0, 0, 0],
[990, 131, 1219, 1589, 967, 0, 0, 0, 0, 0, 0, 0, 0, 0, 0, 0, 0, 0, 0, 0],
[715, 1446, 169, 1432, 13, 1143, 124, 0, 0, 0, 0, 0, 0, 0, 0, 0, 0, 0, 0, 0],
[990, 131, 945, 1441, 1361, 1491, 1127, 174, 1142, 720, 605, 84, 1611, 0, 0, 0, 0, 0, 0, 0],
[990, 131, 1265, 434, 250, 542, 971, 573, 1131, 0, 0, 0, 0, 0, 0, 0, 0, 0, 0, 0],
[990, 131, 486, 1588, 515, 206, 1277, 0, 0, 0, 0, 0, 0, 0, 0, 0, 0, 0, 0, 0],
[990, 131, 1058, 0, 0, 0, 0, 0, 0, 0, 0, 0, 0, 0, 0, 0, 0, 0, 0, 0],
[715, 1446, 393, 465, 661, 124, 595, 706, 103, 1623, 124, 452, 0, 0, 0, 0, 0, 0, 0, 0],
[990, 131, 831, 124, 1530, 1623, 124, 0, 0, 0, 0, 0, 0, 0, 0, 0, 0, 0, 0, 0],
[990, 131, 1588, 1270, 0, 0, 0, 0, 0, 0, 0, 0, 0, 0, 0, 0, 0, 0, 0, 0],
[990, 131, 1144, 1600, 512, 595, 398, 1216, 629, 823, 145, 1063, 224, 1144, 629, 1265, 0, 0, 0, 0],
[990, 131, 992, 6, 747, 1392, 26, 967, 910, 512, 0, 0, 0, 0, 0, 0, 0, 0, 0, 0],
[990, 131, 574, 183, 386, 1268, 104, 184, 1392, 772, 967, 772, 0, 0, 0, 0, 0, 0, 0, 0],
[990, 131, 783, 990, 1301, 865, 226, 320, 334, 25, 720, 1491, 1131, 482, 0, 0, 0, 0, 0, 0],
[990, 131, 1470, 823, 919, 875, 101, 0, 0, 0, 0, 0, 0, 0, 0, 0, 0, 0, 0, 0],
[715, 1446, 1078, 715, 1446, 1589, 967, 1295, 392, 30, 1342, 701, 1478, 967, 772, 576, 0, 0, 0, 0],
[1430, 931, 720, 392, 754, 1329, 321, 1530, 209, 720, 653, 1591, 158, 348, 59, 0, 0, 0, 0, 0],
[990, 131, 1042, 990, 131, 343, 1589, 1277, 0, 0, 0, 0, 0, 0, 0, 0, 0, 0, 0, 0],
[990, 131, 1078, 715, 1446, 1589, 967, 1295, 392, 30, 1342, 701, 1478, 967, 772, 576, 0, 0, 0, 0],
[990, 131, 1349, 30, 575, 225, 557, 217, 131, 1501, 183, 392, 321, 0, 0, 0, 0, 0, 0, 0],
[990, 131, 209, 1496, 1218, 960, 1591, 0, 0, 0, 0, 0, 0, 0, 0, 0, 0, 0, 0, 0],
[990, 131, 280, 1589, 967, 1288, 70, 967, 1186, 796, 0, 0, 0, 0, 0, 0, 0, 0, 0, 0],
[990, 131, 174, 865, 321, 343, 720, 971, 1328, 859, 976, 540, 0, 0, 0, 0, 0, 0, 0, 0],
[990, 131, 688, 1464, 1166, 973, 0, 0, 0, 0, 0, 0, 0, 0, 0, 0, 0, 0, 0, 0],
[990, 131, 831, 1610, 717, 719, 666, 1109, 873, 125, 949, 983, 0, 0, 0, 0, 0, 0, 0, 0],
[990, 131, 1607, 174, 865, 1234, 426, 145, 1063, 1073, 210, 224, 0, 0, 0, 0, 0, 0, 0, 0],
[990, 131, 1570, 783, 1031, 262, 720, 1234, 1349, 595, 196, 0, 0, 0, 0, 0, 0, 0, 0, 0],
[990, 131, 1554, 1582, 1588, 859, 1590, 1588, 720, 220, 1313, 0, 0, 0, 0, 0, 0, 0, 0, 0],
[715, 1446, 831, 124, 0, 0, 0, 0, 0, 0, 0, 0, 0, 0, 0, 0, 0, 0, 0, 0],
[990, 131, 809, 880, 199, 1265, 1589, 386, 1032, 1574, 515, 1591, 0, 0, 0, 0, 0, 0, 0, 0],
[990, 131, 1162, 990, 935, 1472, 872, 415, 623, 396, 1497, 0, 0, 0, 0, 0, 0, 0, 0, 0],
[990, 131, 51, 159, 486, 1588, 0, 0, 0, 0, 0, 0, 0, 0, 0, 0, 0, 0, 0, 0],
[990, 131, 1175, 1508, 730, 661, 720, 138, 0, 0, 0, 0, 0, 0, 0, 0, 0, 0, 0, 0],
[990, 131, 1318, 166, 967, 392, 573, 1268, 104, 0, 0, 0, 0, 0, 0, 0, 0, 0, 0, 0],
[990, 131, 747, 1574, 1014, 900, 1227, 1271, 842, 990, 131, 0, 0, 0, 0, 0, 0, 0, 0, 0],
[990, 131, 1265, 321, 814, 720, 0, 0, 0, 0, 0, 0, 0, 0, 0, 0, 0, 0, 0, 0],
[990, 131, 1148, 823, 834, 1434, 512, 875, 1475, 1040, 0, 0, 0, 0, 0, 0, 0, 0, 0, 0],
[715, 1446, 392, 1017, 1078, 661, 392, 29, 573, 174, 573, 0, 0, 0, 0, 0, 0, 0, 0, 0],
[990, 131, 978, 69, 321, 1397, 960, 209, 1591, 583, 1376, 209, 1392, 651, 985, 1349, 0, 0, 0, 0],
[990, 131, 166, 967, 197, 1044, 743, 34, 571, 859, 0, 0, 0, 0, 0, 0, 0, 0, 0, 0],
[990, 131, 93, 125, 493, 707, 35, 283, 990, 1127, 512, 808, 78, 0, 0, 0, 0, 0, 0, 0],
[990, 131, 313, 515, 189, 191, 0, 0, 0, 0, 0, 0, 0, 0, 0, 0, 0, 0, 0, 0],
[990, 131, 1530, 1467, 94, 191, 625, 0, 0, 0, 0, 0, 0, 0, 0, 0, 0, 0, 0, 0],
[967, 392, 720, 1273, 542, 971, 321, 1397, 960, 653, 1591, 124, 0, 0, 0, 0, 0, 0, 0, 0],
[990, 131, 538, 971, 1131, 1568, 311, 0, 0, 0, 0, 0, 0, 0, 0, 0, 0, 0, 0, 0],
[899, 967, 392, 967, 576, 0, 0, 0, 0, 0, 0, 0, 0, 0, 0, 0, 0, 0, 0, 0],
[990, 131, 184, 1600, 1235, 262, 971, 217, 1027, 1045, 1330, 967, 707, 1407, 1588, 0, 0, 0, 0, 0],
[990, 131, 1417, 1079, 1147, 262, 1361, 1611, 1570, 1175, 990, 283, 0, 0, 0, 0, 0, 0, 0, 0],
[990, 131, 864, 1386, 990, 166, 192, 363, 545, 1499, 720, 1491, 138, 321, 1574, 166, 1464, 1185, 280, 0],
[990, 131, 720, 792, 515, 0, 0, 0, 0, 0, 0, 0, 0, 0, 0, 0, 0, 0, 0, 0],
[990, 131, 892, 174, 865, 1325, 1265, 398, 1540, 0, 0, 0, 0, 0, 0, 0, 0, 0, 0, 0],
[990, 131, 147, 392, 630, 1589, 967, 573, 823, 752, 1591, 0, 0, 0, 0, 0, 0, 0, 0, 0],
[990, 131, 1361, 491, 262, 1322, 1447, 1108, 364, 0, 0, 0, 0, 0, 0, 0, 0, 0, 0, 0],
[715, 1446, 392, 1017, 1078, 661, 392, 29, 573, 0, 0, 0, 0, 0, 0, 0, 0, 0, 0, 0],
[990, 131, 931, 650, 1501, 450, 863, 209, 0, 0, 0, 0, 0, 0, 0, 0, 0, 0, 0, 0],
[990, 131, 1175, 393, 1060, 933, 879, 720, 0, 0, 0, 0, 0, 0, 0, 0, 0, 0, 0, 0],
[990, 131, 166, 720, 747, 706, 1087, 1044, 859, 160, 859, 765, 1166, 606, 1328, 515, 0, 0, 0, 0],
[715, 1446, 1078, 595, 1173, 0, 0, 0, 0, 0, 0, 0, 0, 0, 0, 0, 0, 0, 0, 0],
[990, 131, 1313, 364, 284, 865, 207, 0, 0, 0, 0, 0, 0, 0, 0, 0, 0, 0, 0, 0],
[715, 1446, 1069, 1391, 1535, 661, 879, 1591, 0, 0, 0, 0, 0, 0, 0, 0, 0, 0, 0, 0],
[1430, 931, 1589, 257, 967, 392, 8, 1012, 0, 0, 0, 0, 0, 0, 0, 0, 0, 0, 0, 0],
[715, 1446, 1361, 1611, 830, 1430, 0, 0, 0, 0, 0, 0, 0, 0, 0, 0, 0, 0, 0, 0],
[990, 131, 272, 859, 765, 1109, 783, 0, 0, 0, 0, 0, 0, 0, 0, 0, 0, 0, 0, 0],
[990, 131, 359, 1175, 720, 1296, 1084, 925, 1069, 408, 1175, 1001, 889, 0, 0, 0, 0, 0, 0, 0],
[1430, 931, 321, 823, 875, 971, 892, 174, 865, 1568, 1030, 874, 0, 0, 0, 0, 0, 0, 0, 0],
[990, 131, 398, 834, 573, 0, 0, 0, 0, 0, 0, 0, 0, 0, 0, 0, 0, 0, 0, 0],
[990, 131, 720, 392, 1577, 0, 0, 0, 0, 0, 0, 0, 0, 0, 0, 0, 0, 0, 0, 0],
[990, 131, 1179, 1502, 1058, 910, 392, 0, 0, 0, 0, 0, 0, 0, 0, 0, 0, 0, 0, 0],
[990, 131, 720, 392, 749, 1326, 217, 947, 509, 1060, 933, 1305, 0, 0, 0, 0, 0, 0, 0, 0],
[990, 131, 91, 202, 1591, 0, 0, 0, 0, 0, 0, 0, 0, 0, 0, 0, 0, 0, 0, 0],
[990, 131, 859, 750, 1464, 0, 0, 0, 0, 0, 0, 0, 0, 0, 0, 0, 0, 0, 0, 0],
[990, 131, 1113, 990, 1265, 859, 1166, 852, 745, 1570, 1142, 1265, 351, 783, 864, 0, 0, 0, 0, 0],
[990, 131, 196, 1611, 859, 246, 0, 0, 0, 0, 0, 0, 0, 0, 0, 0, 0, 0, 0, 0],
[990, 131, 463, 29, 1216, 1085, 990, 343, 472, 1589, 1288, 610, 0, 0, 0, 0, 0, 0, 0, 0],
[990, 131, 574, 554, 0, 0, 0, 0, 0, 0, 0, 0, 0, 0, 0, 0, 0, 0, 0, 0],
[990, 131, 1140, 720, 509, 124, 124, 124, 0, 0, 0, 0, 0, 0, 0, 0, 0, 0, 0, 0],
[990, 131, 1254, 990, 154, 1063, 1068, 757, 219, 0, 0, 0, 0, 0, 0, 0, 0, 0, 0, 0],
[990, 131, 209, 1533, 337, 613, 393, 209, 443, 1096, 209, 443, 1440, 595, 725, 0, 0, 0, 0, 0],
[990, 131, 493, 144, 788, 707, 890, 865, 1611, 1610, 373, 0, 0, 0, 0, 0, 0, 0, 0, 0],
[990, 131, 1274, 967, 392, 0, 0, 0, 0, 0, 0, 0, 0, 0, 0, 0, 0, 0, 0, 0],
[990, 131, 321, 1530, 967, 879, 209, 101, 1169, 177, 807, 0, 0, 0, 0, 0, 0, 0, 0, 0],
[990, 131, 686, 1419, 509, 931, 430, 0, 0, 0, 0, 0, 0, 0, 0, 0, 0, 0, 0, 0],
[990, 131, 124, 1116, 1218, 0, 0, 0, 0, 0, 0, 0, 0, 0, 0, 0, 0, 0, 0, 0],
[990, 131, 859, 788, 596, 98, 1007, 720, 138, 859, 108, 586, 280, 0, 0, 0, 0, 0, 0, 0],
[990, 131, 13, 1300, 1326, 900, 676, 509, 172, 392, 432, 0, 0, 0, 0, 0, 0, 0, 0, 0],
[990, 131, 989, 865, 1611, 449, 400, 344, 1610, 248, 610, 865, 1451, 0, 0, 0, 0, 0, 0, 0],
[990, 131, 1430, 392, 512, 1131, 875, 573, 967, 392, 386, 1046, 1082, 346, 0, 0, 0, 0, 0, 0],
[990, 131, 1412, 280, 686, 1419, 304, 127, 1265, 103, 430, 0, 0, 0, 0, 0, 0, 0, 0, 0],
[990, 131, 520, 907, 0, 0, 0, 0, 0, 0, 0, 0, 0, 0, 0, 0, 0, 0, 0, 0],
[990, 131, 124, 720, 1392, 1596, 1381, 450, 1533, 0, 0, 0, 0, 0, 0, 0, 0, 0, 0, 0],
[990, 131, 189, 1156, 166, 392, 0, 0, 0, 0, 0, 0, 0, 0, 0, 0, 0, 0, 0, 0],
[990, 131, 123, 198, 1258, 1491, 1024, 1591, 533, 0, 0, 0, 0, 0, 0, 0, 0, 0, 0, 0],
[715, 1446, 653, 780, 1581, 1328, 692, 439, 141, 588, 0, 0, 0, 0, 0, 0, 0, 0, 0, 0],
[990, 131, 859, 1506, 1088, 720, 1542, 0, 0, 0, 0, 0, 0, 0, 0, 0, 0, 0, 0, 0],
[990, 131, 823, 967, 1623, 124, 138, 0, 0, 0, 0, 0, 0, 0, 0, 0, 0, 0, 0, 0],
[990, 131, 101, 1209, 720, 823, 386, 323, 1504, 762, 598, 1568, 1064, 1030, 980, 0, 0, 0, 0, 0],
[990, 131, 1349, 788, 744, 720, 567, 823, 1464, 720, 138, 0, 0, 0, 0, 0, 0, 0, 0, 0],
[990, 131, 709, 1496, 172, 1288, 720, 0, 0, 0, 0, 0, 0, 0, 0, 0, 0, 0, 0, 0],
[990, 131, 124, 1600, 1216, 944, 235, 509, 1600, 1228, 1127, 124, 0, 0, 0, 0, 0, 0, 0, 0],
[990, 131, 1155, 629, 529, 517, 570, 166, 232, 0, 0, 0, 0, 0, 0, 0, 0, 0, 0, 0],
[990, 131, 1448, 931, 138, 0, 0, 0, 0, 0, 0, 0, 0, 0, 0, 0, 0, 0, 0, 0],
[990, 131, 720, 392, 967, 749, 0, 0, 0, 0, 0, 0, 0, 0, 0, 0, 0, 0, 0, 0],
[990, 131, 931, 716, 720, 706, 1430, 0, 0, 0, 0, 0, 0, 0, 0, 0, 0, 0, 0, 0],
[1430, 931, 321, 1530, 209, 720, 653, 1591, 348, 1508, 107, 262, 1361, 1611, 1491, 720, 392, 749, 0, 0],
[990, 131, 849, 864, 0, 0, 0, 0, 0, 0, 0, 0, 0, 0, 0, 0, 0, 0, 0, 0],
[990, 131, 1095, 115, 1024, 104, 1131, 750, 922, 1166, 990, 0, 0, 0, 0, 0, 0, 0, 0, 0],
[990, 131, 542, 971, 749, 0, 0, 0, 0, 0, 0, 0, 0, 0, 0, 0, 0, 0, 0, 0],
[990, 131, 328, 893, 1361, 187, 930, 1218, 1058, 49, 1574, 1464, 1185, 0, 0, 0, 0, 0, 0, 0],
[990, 131, 317, 835, 971, 720, 392, 1060, 933, 661, 1574, 1013, 661, 0, 0, 0, 0, 0, 0, 0],
[990, 131, 172, 720, 392, 1577, 0, 0, 0, 0, 0, 0, 0, 0, 0, 0, 0, 0, 0, 0],
[990, 131, 138, 209, 0, 0, 0, 0, 0, 0, 0, 0, 0, 0, 0, 0, 0, 0, 0, 0],
[990, 131, 741, 0, 0, 0, 0, 0, 0, 0, 0, 0, 0, 0, 0, 0, 0, 0, 0, 0],
[990, 131, 1482, 1319, 855, 124, 1609, 1111, 808, 0, 0, 0, 0, 0, 0, 0, 0, 0, 0, 0],
[990, 131, 773, 720, 412, 1482, 827, 1350, 155, 319, 24, 1144, 0, 0, 0, 0, 0, 0, 0, 0],
[990, 131, 1218, 124, 229, 730, 595, 765, 0, 0, 0, 0, 0, 0, 0, 0, 0, 0, 0, 0],
[990, 131, 4, 684, 971, 1048, 720, 1577, 1568, 200, 1096, 1589, 1184, 392, 1577, 0, 0, 0, 0, 0],
[990, 131, 1292, 124, 595, 1596, 1410, 666, 725, 0, 0, 0, 0, 0, 0, 0, 0, 0, 0, 0],
[990, 131, 1566, 1484, 364, 284, 1361, 1611, 1578, 1532, 0, 0, 0, 0, 0, 0, 0, 0, 0, 0],
[990, 131, 720, 393, 571, 4, 1117, 971, 730, 1506, 835, 957, 1057, 0, 0, 0, 0, 0, 0, 0],
[990, 131, 831, 990, 763, 262, 1361, 1611, 1125, 467, 1279, 1230, 930, 1218, 0, 0, 0, 0, 0, 0],
[990, 131, 1131, 971, 392, 0, 0, 0, 0, 0, 0, 0, 0, 0, 0, 0, 0, 0, 0, 0],
[990, 131, 1262, 720, 392, 749, 1430, 0, 0, 0, 0, 0, 0, 0, 0, 0, 0, 0, 0, 0],
[990, 131, 720, 392, 749, 1472, 595, 343, 1589, 967, 507, 806, 1131, 774, 1614, 0, 0, 0, 0, 0],
[990, 131, 1108, 1313, 772, 0, 0, 0, 0, 0, 0, 0, 0, 0, 0, 0, 0, 0, 0, 0],
[990, 131, 1350, 1603, 1147, 262, 1361, 1611, 1603, 53, 196, 0, 0, 0, 0, 0, 0, 0, 0, 0],
[990, 131, 1218, 0, 0, 0, 0, 0, 0, 0, 0, 0, 0, 0, 0, 0, 0, 0, 0, 0],
[990, 131, 931, 317, 835, 971, 720, 392, 0, 0, 0, 0, 0, 0, 0, 0, 0, 0, 0, 0],
[990, 131, 1095, 1361, 1491, 859, 660, 826, 498, 965, 0, 0, 0, 0, 0, 0, 0, 0, 0, 0],
[990, 131, 1544, 366, 1330, 131, 990, 685, 1429, 0, 0, 0, 0, 0, 0, 0, 0, 0, 0, 0],
[990, 131, 124, 720, 706, 232, 392, 749, 0, 0, 0, 0, 0, 0, 0, 0, 0, 0, 0, 0],
[990, 131, 1058, 1265, 1610, 0, 0, 0, 0, 0, 0, 0, 0, 0, 0, 0, 0, 0, 0, 0],
[990, 131, 720, 504, 450, 990, 1326, 661, 1222, 986, 34, 170, 571, 1589, 967, 392, 0, 0, 0, 0],
[990, 131, 1570, 783, 1505, 356, 1349, 0, 0, 0, 0, 0, 0, 0, 0, 0, 0, 0, 0, 0],
[990, 131, 754, 211, 0, 0, 0, 0, 0, 0, 0, 0, 0, 0, 0, 0, 0, 0, 0, 0],
[990, 131, 520, 88, 706, 806, 124, 138, 639, 1186, 1602, 1419, 262, 1361, 1611, 0, 0, 0, 0, 0],
[990, 131, 706, 321, 1265, 426, 860, 609, 1039, 392, 1313, 1245, 321, 706, 526, 1141, 859, 123, 0, 0],
[990, 131, 321, 6, 806, 960, 124, 393, 650, 944, 0, 0, 0, 0, 0, 0, 0, 0, 0, 0],
[990, 131, 393, 1283, 1096, 124, 806, 1471, 661, 1361, 1491, 0, 0, 0, 0, 0, 0, 0, 0, 0],
[990, 131, 1516, 393, 51, 0, 0, 0, 0, 0, 0, 0, 0, 0, 0, 0, 0, 0, 0, 0],
[990, 131, 494, 814, 1143, 922, 482, 1430, 971, 0, 0, 0, 0, 0, 0, 0, 0, 0, 0, 0],
[990, 131, 1044, 166, 965, 1301, 1274, 823, 720, 253, 1262, 89, 1496, 246, 183, 1142, 1207, 1464, 0, 0],
[990, 131, 1060, 933, 573, 1589, 1184, 0, 0, 0, 0, 0, 0, 0, 0, 0, 0, 0, 0, 0],
[990, 131, 1102, 321, 78, 1027, 650, 0, 0, 0, 0, 0, 0, 0, 0, 0, 0, 0, 0, 0],
[990, 131, 854, 1024, 1591, 687, 1361, 722, 512, 1254, 1215, 30, 904, 750, 68, 0, 0, 0, 0, 0],
[990, 131, 1606, 573, 842, 262, 1361, 1611, 1315, 384, 920, 0, 0, 0, 0, 0, 0, 0, 0, 0],
[990, 131, 1234, 1131, 189, 1287, 0, 0, 0, 0, 0, 0, 0, 0, 0, 0, 0, 0, 0, 0],
[990, 131, 809, 217, 720, 706, 0, 0, 0, 0, 0, 0, 0, 0, 0, 0, 0, 0, 0, 0],
[990, 131, 1117, 971, 1023, 933, 573, 169, 0, 0, 0, 0, 0, 0, 0, 0, 0, 0, 0, 0],
[990, 131, 849, 891, 1422, 1218, 329, 422, 931, 0, 0, 0, 0, 0, 0, 0, 0, 0, 0, 0],
[990, 131, 1574, 1464, 1185, 0, 0, 0, 0, 0, 0, 0, 0, 0, 0, 0, 0, 0, 0, 0],
[990, 131, 1218, 0, 0, 0, 0, 0, 0, 0, 0, 0, 0, 0, 0, 0, 0, 0, 0, 0],
[990, 131, 1060, 933, 720, 392, 1430, 0, 0, 0, 0, 0, 0, 0, 0, 0, 0, 0, 0, 0],
[990, 131, 557, 1349, 1144, 393, 442, 333, 1218, 1589, 1184, 967, 1265, 1254, 630, 1589, 0, 0, 0, 0],
[1430, 931, 321, 1530, 209, 653, 1591, 348, 1508, 107, 1361, 1611, 1491, 720, 392, 749, 0, 0, 0, 0],
[990, 131, 720, 138, 1083, 1274, 509, 931, 720, 0, 0, 0, 0, 0, 0, 0, 0, 0, 0, 0],
[990, 131, 59, 720, 706, 124, 1539, 0, 0, 0, 0, 0, 0, 0, 0, 0, 0, 0, 0, 0],
[990, 131, 1303, 929, 720, 515, 1110, 487, 0, 0, 0, 0, 0, 0, 0, 0, 0, 0, 0, 0],
[990, 131, 720, 859, 1568, 1506, 835, 957, 571, 1325, 0, 0, 0, 0, 0, 0, 0, 0, 0, 0],
[990, 131, 595, 725, 124, 446, 750, 1611, 0, 0, 0, 0, 0, 0, 0, 0, 0, 0, 0, 0],
[990, 131, 1508, 730, 426, 882, 1108, 661, 1579, 0, 0, 0, 0, 0, 0, 0, 0, 0, 0, 0],
[990, 131, 321, 191, 871, 167, 395, 1574, 230, 515, 601, 0, 0, 0, 0, 0, 0, 0, 0, 0],
[990, 131, 782, 1279, 262, 1361, 1611, 1262, 298, 859, 1037, 321, 1462, 446, 6, 0, 0, 0, 0, 0],
[990, 131, 1095, 1301, 850, 32, 1154, 379, 435, 527, 0, 0, 0, 0, 0, 0, 0, 0, 0, 0],
[990, 131, 60, 706, 720, 778, 1186, 1109, 823, 1111, 880, 823, 967, 823, 875, 452, 0, 0, 0, 0],
[990, 131, 661, 393, 442, 333, 1218, 0, 0, 0, 0, 0, 0, 0, 0, 0, 0, 0, 0, 0],
[990, 131, 849, 864, 772, 1178, 1221, 661, 1508, 1359, 4, 971, 616, 517, 0, 0, 0, 0, 0, 0],
[990, 131, 1493, 990, 953, 935, 515, 1140, 695, 549, 1407, 54, 1422, 541, 0, 0, 0, 0, 0, 0],
[990, 131, 1496, 772, 706, 720, 0, 0, 0, 0, 0, 0, 0, 0, 0, 0, 0, 0, 0, 0],
[990, 131, 509, 720, 392, 1430, 1206, 931, 0, 0, 0, 0, 0, 0, 0, 0, 0, 0, 0, 0],
[990, 131, 565, 393, 720, 806, 0, 0, 0, 0, 0, 0, 0, 0, 0, 0, 0, 0, 0, 0],
[990, 131, 135, 1489, 661, 894, 1381, 404, 735, 879, 1083, 1326, 1264, 0, 0, 0, 0, 0, 0, 0],
[990, 131, 720, 1508, 393, 209, 706, 599, 0, 0, 0, 0, 0, 0, 0, 0, 0, 0, 0, 0],
[990, 131, 720, 1491, 1083, 930, 475, 692, 720, 1491, 235, 235, 0, 0, 0, 0, 0, 0, 0, 0],
[990, 131, 442, 1568, 1060, 933, 573, 393, 846, 0, 0, 0, 0, 0, 0, 0, 0, 0, 0, 0],
[990, 131, 1514, 1417, 938, 666, 28, 360, 1121, 0, 0, 0, 0, 0, 0, 0, 0, 0, 0, 0],
[990, 131, 395, 1569, 491, 0, 0, 0, 0, 0, 0, 0, 0, 0, 0, 0, 0, 0, 0, 0],
[990, 131, 364, 284, 990, 131, 1301, 865, 226, 148, 659, 0, 0, 0, 0, 0, 0, 0, 0, 0],
[990, 131, 163, 875, 720, 706, 0, 0, 0, 0, 0, 0, 0, 0, 0, 0, 0, 0, 0, 0],
[990, 131, 595, 393, 650, 944, 0, 0, 0, 0, 0, 0, 0, 0, 0, 0, 0, 0, 0, 0],
[990, 131, 1589, 145, 1063, 392, 1027, 1328, 0, 0, 0, 0, 0, 0, 0, 0, 0, 0, 0, 0],
[990, 131, 1496, 247, 1058, 1349, 888, 0, 0, 0, 0, 0, 0, 0, 0, 0, 0, 0, 0, 0],
[1420, 967, 576, 899, 967, 392, 0, 0, 0, 0, 0, 0, 0, 0, 0, 0, 0, 0, 0, 0],
[990, 131, 772, 200, 1096, 661, 308, 509, 0, 0, 0, 0, 0, 0, 0, 0, 0, 0, 0, 0],
[990, 131, 553, 1256, 846, 0, 0, 0, 0, 0, 0, 0, 0, 0, 0, 0, 0, 0, 0, 0],
[990, 131, 1456, 509, 1476, 0, 0, 0, 0, 0, 0, 0, 0, 0, 0, 0, 0, 0, 0, 0],
[990, 131, 661, 720, 1274, 913, 1060, 933, 1430, 1392, 1482, 412, 0, 0, 0, 0, 0, 0, 0, 0],
[990, 131, 1400, 124, 138, 806, 27, 1508, 1166, 1506, 321, 326, 1171, 931, 0, 0, 0, 0, 0, 0],
[990, 131, 321, 814, 166, 1058, 720, 849, 13, 0, 0, 0, 0, 0, 0, 0, 0, 0, 0, 0],
[990, 131, 112, 1398, 1589, 597, 1077, 0, 0, 0, 0, 0, 0, 0, 0, 0, 0, 0, 0, 0],
[990, 131, 138, 124, 806, 509, 172, 960, 124, 553, 1218, 172, 0, 0, 0, 0, 0, 0, 0, 0],
[990, 131, 720, 772, 51, 1234, 0, 0, 0, 0, 0, 0, 0, 0, 0, 0, 0, 0, 0, 0],
[990, 131, 1508, 1506, 1570, 661, 393, 59, 699, 1591, 806, 0, 0, 0, 0, 0, 0, 0, 0, 0],
[990, 131, 720, 163, 1506, 835, 957, 0, 0, 0, 0, 0, 0, 0, 0, 0, 0, 0, 0, 0],
[990, 131, 349, 666, 725, 1591, 124, 138, 333, 1218, 138, 0, 0, 0, 0, 0, 0, 0, 0, 0],
[990, 131, 393, 1311, 730, 961, 209, 0, 0, 0, 0, 0, 0, 0, 0, 0, 0, 0, 0, 0],
[990, 131, 1127, 661, 509, 1397, 611, 124, 1581, 1254, 1472, 172, 1397, 1218, 1328, 0, 0, 0, 0, 0],
[990, 131, 849, 13, 806, 584, 475, 1349, 1475, 0, 0, 0, 0, 0, 0, 0, 0, 0, 0, 0],
[990, 131, 882, 525, 376, 1269, 1035, 0, 0, 0, 0, 0, 0, 0, 0, 0, 0, 0, 0, 0],
[990, 131, 1274, 1443, 1127, 1591, 262, 1361, 1491, 1083, 930, 1218, 1163, 0, 0, 0, 0, 0, 0, 0],
[990, 131, 1206, 158, 700, 1506, 509, 1491, 730, 318, 172, 1530, 124, 653, 1591, 854, 0, 0, 0, 0],
[990, 131, 304, 1153, 1162, 1353, 1323, 654, 720, 138, 1491, 1083, 0, 0, 0, 0, 0, 0, 0, 0],
[990, 131, 383, 1316, 1038, 1507, 206, 1491, 0, 0, 0, 0, 0, 0, 0, 0, 0, 0, 0, 0],
[990, 131, 1131, 317, 1439, 573, 26, 450, 235, 706, 793, 1166, 772, 0, 0, 0, 0, 0, 0, 0],
[990, 131, 1398, 1589, 597, 407, 1566, 426, 395, 0, 0, 0, 0, 0, 0, 0, 0, 0, 0, 0],
[990, 131, 158, 1508, 1506, 785, 393, 0, 0, 0, 0, 0, 0, 0, 0, 0, 0, 0, 0, 0],
[990, 131, 536, 38, 477, 1083, 89, 384, 0, 0, 0, 0, 0, 0, 0, 0, 0, 0, 0, 0],
[990, 131, 1417, 950, 720, 412, 228, 1574, 720, 587, 412, 1482, 0, 0, 0, 0, 0, 0, 0, 0],
[990, 131, 1361, 259, 0, 0, 0, 0, 0, 0, 0, 0, 0, 0, 0, 0, 0, 0, 0, 0],
[990, 131, 486, 393, 200, 1440, 1166, 725, 0, 0, 0, 0, 0, 0, 0, 0, 0, 0, 0, 0],
[1430, 931, 1589, 257, 967, 392, 749, 290, 348, 0, 0, 0, 0, 0, 0, 0, 0, 0, 0, 0],
[990, 131, 1479, 653, 650, 1568, 1060, 573, 1361, 1491, 720, 392, 138, 107, 153, 0, 0, 0, 0, 0],
[990, 131, 720, 217, 677, 909, 1407, 512, 711, 1536, 0, 0, 0, 0, 0, 0, 0, 0, 0, 0],
[990, 131, 1361, 1611, 1392, 823, 585, 1536, 1215, 1108, 364, 865, 1611, 1284, 0, 0, 0, 0, 0, 0],
[990, 131, 321, 1220, 1399, 1265, 1262, 1530, 209, 661, 772, 313, 209, 1400, 0, 0, 0, 0, 0, 0],
[990, 131, 155, 743, 1206, 172, 720, 571, 571, 0, 0, 0, 0, 0, 0, 0, 0, 0, 0, 0],
[990, 131, 1470, 1496, 198, 280, 817, 1371, 852, 0, 0, 0, 0, 0, 0, 0, 0, 0, 0, 0],
[990, 131, 509, 138, 720, 0, 0, 0, 0, 0, 0, 0, 0, 0, 0, 0, 0, 0, 0, 0],
[990, 131, 1479, 653, 650, 1568, 841, 573, 1361, 1491, 720, 392, 138, 107, 153, 0, 0, 0, 0, 0],
[990, 131, 1254, 750, 1361, 1611, 30, 0, 0, 0, 0, 0, 0, 0, 0, 0, 0, 0, 0, 0],
[990, 131, 321, 1574, 1464, 1185, 684, 971, 280, 1610, 0, 0, 0, 0, 0, 0, 0, 0, 0, 0],
[990, 131, 197, 676, 708, 720, 84, 460, 0, 0, 0, 0, 0, 0, 0, 0, 0, 0, 0, 0],
[990, 131, 393, 730, 450, 553, 1350, 595, 719, 553, 0, 0, 0, 0, 0, 0, 0, 0, 0, 0],
[990, 131, 1508, 1506, 393, 80, 0, 0, 0, 0, 0, 0, 0, 0, 0, 0, 0, 0, 0, 0],
[990, 131, 1361, 259, 0, 0, 0, 0, 0, 0, 0, 0, 0, 0, 0, 0, 0, 0, 0, 0],
[990, 131, 1402, 1361, 259, 0, 0, 0, 0, 0, 0, 0, 0, 0, 0, 0, 0, 0, 0, 0],
[990, 131, 827, 772, 450, 1608, 845, 55, 509, 172, 940, 1255, 836, 0, 0, 0, 0, 0, 0, 0],
[990, 131, 806, 393, 720, 689, 1206, 784, 547, 136, 1591, 0, 0, 0, 0, 0, 0, 0, 0, 0],
[990, 131, 1606, 999, 797, 875, 512, 253, 0, 0, 0, 0, 0, 0, 0, 0, 0, 0, 0, 0],
[990, 131, 1574, 1588, 1363, 1588, 1431, 777, 1103, 0, 0, 0, 0, 0, 0, 0, 0, 0, 0, 0],
[990, 131, 990, 1574, 362, 1185, 0, 0, 0, 0, 0, 0, 0, 0, 0, 0, 0, 0, 0, 0],
[990, 131, 54, 0, 0, 0, 0, 0, 0, 0, 0, 0, 0, 0, 0, 0, 0, 0, 0, 0],
[990, 131, 124, 0, 0, 0, 0, 0, 0, 0, 0, 0, 0, 0, 0, 0, 0, 0, 0, 0],
[990, 131, 573, 1131, 571, 450, 317, 1439, 1381, 124, 11, 0, 0, 0, 0, 0, 0, 0, 0, 0],
[990, 131, 517, 1536, 720, 392, 772, 1233, 1350, 1325, 232, 187, 0, 0, 0, 0, 0, 0, 0, 0],
[990, 131, 1126, 1386, 990, 1488, 1126, 1361, 1491, 1407, 1083, 330, 859, 515, 859, 765, 0, 0, 0, 0],
[990, 131, 806, 553, 0, 0, 0, 0, 0, 0, 0, 0, 0, 0, 0, 0, 0, 0, 0, 0],
[990, 131, 938, 1397, 960, 124, 653, 1591, 124, 1497, 172, 124, 189, 1459, 0, 0, 0, 0, 0, 0],
[990, 131, 411, 526, 1361, 1491, 0, 0, 0, 0, 0, 0, 0, 0, 0, 0, 0, 0, 0, 0],
[990, 131, 509, 720, 392, 2, 1506, 835, 957, 0, 0, 0, 0, 0, 0, 0, 0, 0, 0, 0],
[1430, 107, 262, 1361, 1611, 1491, 1311, 1608, 845, 55, 321, 1530, 209, 653, 1591, 158, 1508, 1506, 835, 957],
[990, 131, 831, 317, 835, 971, 720, 1491, 0, 0, 0, 0, 0, 0, 0, 0, 0, 0, 0, 0],
[990, 131, 1033, 1361, 1491, 684, 971, 0, 0, 0, 0, 0, 0, 0, 0, 0, 0, 0, 0, 0],
[990, 131, 1083, 317, 835, 971, 0, 0, 0, 0, 0, 0, 0, 0, 0, 0, 0, 0, 0, 0],
[990, 131, 189, 1417, 733, 664, 0, 0, 0, 0, 0, 0, 0, 0, 0, 0, 0, 0, 0, 0],
[715, 1446, 321, 1260, 386, 1313, 859, 0, 0, 0, 0, 0, 0, 0, 0, 0, 0, 0, 0, 0],
[990, 131, 349, 1423, 0, 0, 0, 0, 0, 0, 0, 0, 0, 0, 0, 0, 0, 0, 0, 0],
[990, 131, 932, 192, 1250, 990, 860, 343, 1047, 1591, 931, 1553, 1607, 1047, 1591, 493, 383, 0, 0, 0],
[990, 131, 1496, 1108, 964, 228, 1574, 205, 150, 1158, 34, 589, 1313, 1378, 110, 0, 0, 0, 0, 0],
[990, 131, 1083, 1430, 343, 931, 990, 0, 0, 0, 0, 0, 0, 0, 0, 0, 0, 0, 0, 0],
[990, 131, 836, 684, 1255, 124, 197, 938, 1251, 0, 0, 0, 0, 0, 0, 0, 0, 0, 0, 0],
[990, 131, 517, 1033, 859, 1430, 971, 1568, 1506, 1088, 155, 859, 553, 1582, 0, 0, 0, 0, 0, 0],
[990, 131, 393, 720, 450, 859, 0, 0, 0, 0, 0, 0, 0, 0, 0, 0, 0, 0, 0, 0],
[990, 131, 1491, 1117, 971, 0, 0, 0, 0, 0, 0, 0, 0, 0, 0, 0, 0, 0, 0, 0],
[990, 131, 814, 412, 766, 0, 0, 0, 0, 0, 0, 0, 0, 0, 0, 0, 0, 0, 0, 0],
[990, 131, 1008, 1058, 783, 879, 124, 1313, 967, 1162, 0, 0, 0, 0, 0, 0, 0, 0, 0, 0],
[990, 131, 321, 169, 720, 412, 1279, 1100, 317, 835, 971, 0, 0, 0, 0, 0, 0, 0, 0, 0],
[990, 131, 111, 191, 1288, 515, 924, 378, 859, 742, 653, 1591, 1186, 1207, 1430, 0, 0, 0, 0, 0],
[990, 131, 573, 706, 377, 796, 874, 1381, 874, 0, 0, 0, 0, 0, 0, 0, 0, 0, 0, 0],
[990, 131, 831, 217, 1035, 1190, 670, 720, 1491, 1127, 1414, 1142, 741, 990, 0, 0, 0, 0, 0, 0],
[990, 131, 772, 217, 753, 509, 1496, 26, 720, 879, 1116, 1313, 843, 0, 0, 0, 0, 0, 0, 0],
[990, 131, 1313, 1142, 138, 698, 1081, 1558, 1110, 278, 1588, 1142, 633, 859, 1365, 0, 0, 0, 0, 0],
[990, 131, 148, 297, 1309, 990, 131, 831, 1083, 933, 1586, 971, 720, 1491, 1574, 183, 989, 0, 0, 0],
[990, 131, 1005, 365, 1378, 1497, 1570, 197, 1147, 58, 21, 0, 0, 0, 0, 0, 0, 0, 0, 0],
[990, 131, 967, 197, 1222, 1141, 429, 104, 1273, 967, 967, 197, 859, 912, 0, 0, 0, 0, 0, 0],
[715, 1446, 823, 1110, 445, 768, 1524, 235, 197, 1460, 603, 1144, 427, 741, 972, 0, 0, 0, 0, 0],
[967, 392, 823, 1078, 1184, 392, 299, 321, 1363, 514, 967, 772, 1198, 542, 975, 1538, 661, 107, 170, 1387],
[990, 131, 321, 397, 113, 1292, 720, 217, 1517, 720, 872, 515, 0, 0, 0, 0, 0, 0, 0, 0],
[990, 131, 1325, 859, 1117, 971, 1075, 1218, 0, 0, 0, 0, 0, 0, 0, 0, 0, 0, 0, 0],
[967, 392, 1002, 392, 984, 1458, 107, 170, 1387, 1356, 131, 1088, 1273, 537, 333, 1199, 0, 0, 0, 0],
[990, 131, 1060, 933, 796, 738, 1116, 720, 1506, 124, 1186, 0, 0, 0, 0, 0, 0, 0, 0, 0],
[967, 392, 967, 392, 1131, 170, 1387, 1356, 131, 1088, 1273, 537, 333, 1199, 299, 1002, 235, 0, 0, 0],
[990, 131, 1574, 166, 1464, 1185, 0, 0, 0, 0, 0, 0, 0, 0, 0, 0, 0, 0, 0, 0],
[715, 1446, 917, 1567, 1560, 1083, 1274, 508, 636, 967, 942, 217, 0, 0, 0, 0, 0, 0, 0, 0],
[715, 1446, 831, 392, 772, 386, 1315, 114, 657, 1588, 628, 935, 774, 1231, 392, 176, 0, 0, 0, 0],
[990, 131, 772, 138, 711, 228, 94, 515, 1587, 0, 0, 0, 0, 0, 0, 0, 0, 0, 0, 0],
[990, 131, 1430, 720, 1491, 321, 1332, 1570, 558, 1089, 961, 402, 909, 720, 426, 1477, 454, 71, 0, 0],
[990, 131, 1083, 1430, 209, 275, 85, 1495, 68, 549, 0, 0, 0, 0, 0, 0, 0, 0, 0, 0],
[990, 131, 1407, 739, 1349, 1274, 30, 721, 0, 0, 0, 0, 0, 0, 0, 0, 0, 0, 0, 0],
[990, 131, 720, 1491, 720, 706, 1143, 582, 1430, 0, 0, 0, 0, 0, 0, 0, 0, 0, 0, 0],
[990, 131, 572, 1354, 990, 1326, 1103, 34, 368, 0, 0, 0, 0, 0, 0, 0, 0, 0, 0, 0],
[990, 131, 361, 1354, 1326, 1103, 34, 1392, 368, 752, 0, 0, 0, 0, 0, 0, 0, 0, 0, 0],
[715, 1446, 509, 84, 392, 0, 0, 0, 0, 0, 0, 0, 0, 0, 0, 0, 0, 0, 0, 0],
[990, 131, 280, 1345, 410, 0, 0, 0, 0, 0, 0, 0, 0, 0, 0, 0, 0, 0, 0, 0],
[990, 131, 1550, 0, 0, 0, 0, 0, 0, 0, 0, 0, 0, 0, 0, 0, 0, 0, 0, 0],
[990, 131, 815, 990, 720, 1574, 183, 989, 814, 0, 0, 0, 0, 0, 0, 0, 0, 0, 0, 0],
[1366, 710, 720, 392, 392, 477, 1273, 923, 0, 0, 0, 0, 0, 0, 0, 0, 0, 0, 0, 0],
[990, 131, 392, 477, 1273, 6, 1282, 815, 1283, 1435, 321, 103, 1171, 1033, 0, 0, 0, 0, 0, 0],
[990, 131, 933, 1439, 720, 1093, 971, 573, 138, 674, 0, 0, 0, 0, 0, 0, 0, 0, 0, 0],
[990, 131, 842, 1536, 0, 0, 0, 0, 0, 0, 0, 0, 0, 0, 0, 0, 0, 0, 0, 0],
[990, 131, 392, 477, 0, 0, 0, 0, 0, 0, 0, 0, 0, 0, 0, 0, 0, 0, 0, 0],
[990, 131, 189, 1156, 0, 0, 0, 0, 0, 0, 0, 0, 0, 0, 0, 0, 0, 0, 0, 0],
[1366, 107, 720, 1491, 392, 477, 424, 1286, 392, 1273, 0, 0, 0, 0, 0, 0, 0, 0, 0, 0],
[967, 392, 321, 1033, 500, 392, 707, 0, 0, 0, 0, 0, 0, 0, 0, 0, 0, 0, 0, 0],
[990, 131, 743, 321, 0, 0, 0, 0, 0, 0, 0, 0, 0, 0, 0, 0, 0, 0, 0, 0],
[715, 1446, 879, 124, 967, 772, 772, 1223, 386, 913, 774, 1591, 0, 0, 0, 0, 0, 0, 0, 0],
[967, 392, 321, 1033, 392, 514, 967, 772, 1100, 461, 201, 948, 1304, 1586, 1018, 107, 869, 683, 1304, 480],
[990, 131, 34, 1573, 710, 1019, 720, 1098, 0, 0, 0, 0, 0, 0, 0, 0, 0, 0, 0, 0],
[990, 131, 720, 918, 837, 1568, 505, 772, 124, 0, 0, 0, 0, 0, 0, 0, 0, 0, 0, 0],
[990, 131, 849, 1470, 814, 851, 425, 1237, 851, 467, 720, 308, 502, 0, 0, 0, 0, 0, 0, 0],
[990, 131, 720, 772, 846, 1457, 1392, 671, 132, 0, 0, 0, 0, 0, 0, 0, 0, 0, 0, 0],
[990, 131, 1589, 1288, 944, 144, 1142, 1400, 814, 720, 1470, 0, 0, 0, 0, 0, 0, 0, 0, 0],
[990, 131, 854, 1574, 446, 814, 720, 280, 0, 0, 0, 0, 0, 0, 0, 0, 0, 0, 0, 0],
[1160, 144, 1142, 131, 990, 276, 100, 618, 131, 637, 0, 0, 0, 0, 0, 0, 0, 0, 0, 0],
[715, 1446, 1565, 960, 653, 1591, 1471, 1496, 1127, 1142, 759, 0, 0, 0, 0, 0, 0, 0, 0, 0],
[715, 1446, 321, 720, 166, 197, 566, 917, 737, 1568, 696, 1394, 269, 1496, 1486, 1558, 1392, 1256, 1476, 0],
[990, 131, 1265, 426, 599, 1244, 0, 0, 0, 0, 0, 0, 0, 0, 0, 0, 0, 0, 0, 0],
[967, 392, 235, 455, 446, 257, 392, 1620, 1125, 507, 0, 0, 0, 0, 0, 0, 0, 0, 0, 0],
[967, 392, 235, 455, 392, 33, 138, 107, 1361, 1491, 786, 661, 321, 1397, 138, 209, 571, 0, 0, 0],
[967, 392, 235, 455, 392, 138, 107, 1361, 1491, 786, 661, 960, 653, 1591, 209, 1397, 571, 0, 0, 0],
[967, 392, 455, 392, 1568, 786, 138, 107, 1361, 1491, 960, 653, 1591, 209, 1563, 1397, 1439, 0, 0, 0],
[715, 1446, 1221, 144, 1142, 0, 0, 0, 0, 0, 0, 0, 0, 0, 0, 0, 0, 0, 0, 0],
[990, 131, 1282, 961, 333, 1308, 653, 661, 509, 1537, 766, 0, 0, 0, 0, 0, 0, 0, 0, 0],
[990, 131, 333, 1218, 101, 1064, 1339, 661, 509, 197, 0, 0, 0, 0, 0, 0, 0, 0, 0, 0],
[990, 131, 1479, 1117, 971, 393, 457, 124, 725, 0, 0, 0, 0, 0, 0, 0, 0, 0, 0, 0],
[990, 131, 1574, 1464, 1185, 772, 101, 689, 104, 1574, 720, 1574, 1410, 1574, 393, 0, 0, 0, 0, 0],
[990, 131, 720, 138, 1064, 1339, 0, 0, 0, 0, 0, 0, 0, 0, 0, 0, 0, 0, 0, 0],
[990, 131, 720, 1491, 1030, 980, 432, 1291, 598, 1568, 1506, 209, 879, 131, 0, 0, 0, 0, 0, 0],
[990, 131, 720, 1491, 1117, 971, 720, 0, 0, 0, 0, 0, 0, 0, 0, 0, 0, 0, 0, 0],
[990, 131, 602, 691, 509, 202, 720, 772, 168, 209, 0, 0, 0, 0, 0, 0, 0, 0, 0, 0],
[990, 131, 393, 720, 168, 124, 1064, 1339, 1030, 980, 1262, 553, 1148, 823, 0, 0, 0, 0, 0, 0],
[990, 131, 1265, 321, 509, 654, 720, 1491, 681, 619, 633, 280, 0, 0, 0, 0, 0, 0, 0, 0],
[990, 131, 1551, 990, 131, 720, 392, 1574, 183, 623, 34, 1145, 0, 0, 0, 0, 0, 0, 0, 0],
[990, 131, 882, 172, 747, 1146, 64, 792, 0, 0, 0, 0, 0, 0, 0, 0, 0, 0, 0, 0],
[715, 1446, 674, 969, 86, 1302, 0, 0, 0, 0, 0, 0, 0, 0, 0, 0, 0, 0, 0, 0],
[990, 131, 336, 440, 1059, 339, 246, 1477, 0, 0, 0, 0, 0, 0, 0, 0, 0, 0, 0, 0],
[990, 131, 1265, 196, 1496, 1265, 719, 549, 166, 392, 445, 104, 304, 132, 865, 0, 0, 0, 0, 0],
[990, 131, 1274, 253, 426, 739, 18, 823, 720, 1209, 170, 739, 720, 573, 426, 739, 0, 0, 0, 0],
[990, 131, 1430, 515, 1048, 0, 0, 0, 0, 0, 0, 0, 0, 0, 0, 0, 0, 0, 0, 0],
[967, 392, 392, 514, 967, 772, 1594, 235, 235, 107, 170, 1387, 0, 0, 0, 0, 0, 0, 0, 0],
[990, 131, 138, 509, 97, 1125, 88, 1433, 1186, 1186, 1125, 1604, 705, 0, 0, 0, 0, 0, 0, 0],
[990, 131, 831, 107, 739, 18, 720, 772, 1127, 661, 88, 101, 0, 0, 0, 0, 0, 0, 0, 0],
[990, 131, 1116, 720, 124, 36, 720, 124, 595, 923, 392, 0, 0, 0, 0, 0, 0, 0, 0, 0],
[715, 1446, 917, 1524, 1151, 1574, 967, 1420, 967, 932, 76, 1003, 1022, 76, 883, 175, 269, 0, 0, 0],
[990, 131, 13, 1300, 454, 371, 515, 1617, 1461, 832, 235, 1619, 885, 0, 0, 0, 0, 0, 0, 0],
[715, 1446, 197, 937, 859, 550, 1478, 791, 772, 706, 967, 104, 1403, 1496, 77, 0, 0, 0, 0, 0],
[967, 392, 392, 514, 967, 772, 1594, 235, 107, 170, 1387, 0, 0, 0, 0, 0, 0, 0, 0, 0],
[990, 131, 111, 1288, 191, 1430, 0, 0, 0, 0, 0, 0, 0, 0, 0, 0, 0, 0, 0, 0],
[967, 392, 392, 514, 967, 772, 1311, 40, 853, 1002, 0, 0, 0, 0, 0, 0, 0, 0, 0, 0],
[990, 131, 760, 316, 0, 0, 0, 0, 0, 0, 0, 0, 0, 0, 0, 0, 0, 0, 0, 0],
[990, 131, 967, 649, 799, 1213, 1428, 17, 884, 1477, 1490, 426, 1180, 666, 1148, 1570, 1142, 0, 0, 0],
[990, 131, 1289, 1570, 1378, 1313, 1142, 859, 0, 0, 0, 0, 0, 0, 0, 0, 0, 0, 0, 0],
[715, 1446, 563, 690, 972, 1105, 1385, 967, 917, 914, 445, 0, 0, 0, 0, 0, 0, 0, 0, 0],
[990, 131, 1599, 1285, 1583, 720, 1111, 1254, 923, 1043, 931, 0, 0, 0, 0, 0, 0, 0, 0, 0],
[990, 131, 1265, 196, 0, 0, 0, 0, 0, 0, 0, 0, 0, 0, 0, 0, 0, 0, 0, 0],
[715, 1446, 1570, 1300, 321, 662, 1119, 1033, 1110, 1164, 83, 1136, 967, 0, 0, 0, 0, 0, 0, 0],
[990, 131, 931, 720, 138, 1110, 1206, 944, 1142, 1497, 0, 0, 0, 0, 0, 0, 0, 0, 0, 0],
[990, 131, 111, 1288, 191, 1430, 0, 0, 0, 0, 0, 0, 0, 0, 0, 0, 0, 0, 0, 0],
[990, 131, 1507, 931, 875, 138, 889, 463, 444, 1095, 593, 0, 0, 0, 0, 0, 0, 0, 0, 0],
[990, 131, 209, 879, 1591, 720, 1568, 1060, 933, 930, 1308, 0, 0, 0, 0, 0, 0, 0, 0, 0],
[990, 131, 1614, 1265, 313, 1, 708, 178, 0, 0, 0, 0, 0, 0, 0, 0, 0, 0, 0, 0],
[990, 131, 933, 1439, 720, 138, 509, 280, 507, 1588, 0, 0, 0, 0, 0, 0, 0, 0, 0, 0],
[990, 131, 720, 1491, 44, 879, 682, 1306, 209, 509, 172, 823, 1623, 209, 0, 0, 0, 0, 0, 0],
[990, 131, 720, 393, 311, 875, 1093, 971, 595, 923, 1066, 0, 0, 0, 0, 0, 0, 0, 0, 0],
[990, 131, 721, 0, 0, 0, 0, 0, 0, 0, 0, 0, 0, 0, 0, 0, 0, 0, 0, 0],
[990, 131, 859, 246, 0, 0, 0, 0, 0, 0, 0, 0, 0, 0, 0, 0, 0, 0, 0, 0],
[990, 131, 1276, 0, 0, 0, 0, 0, 0, 0, 0, 0, 0, 0, 0, 0, 0, 0, 0, 0],
[990, 131, 123, 166, 720, 1274, 621, 0, 0, 0, 0, 0, 0, 0, 0, 0, 0, 0, 0, 0],
[990, 131, 720, 138, 720, 772, 209, 44, 875, 509, 0, 0, 0, 0, 0, 0, 0, 0, 0, 0],
[967, 392, 392, 514, 967, 772, 1594, 235, 235, 107, 170, 1387, 0, 0, 0, 0, 0, 0, 0, 0],
[990, 131, 1265, 196, 0, 0, 0, 0, 0, 0, 0, 0, 0, 0, 0, 0, 0, 0, 0, 0],
[990, 131, 1182, 1525, 1149, 0, 0, 0, 0, 0, 0, 0, 0, 0, 0, 0, 0, 0, 0, 0],
[990, 131, 60, 0, 0, 0, 0, 0, 0, 0, 0, 0, 0, 0, 0, 0, 0, 0, 0, 0],
[990, 131, 60, 449, 1083, 1525, 1149, 442, 149, 386, 0, 0, 0, 0, 0, 0, 0, 0, 0, 0],
[715, 1446, 967, 392, 0, 0, 0, 0, 0, 0, 0, 0, 0, 0, 0, 0, 0, 0, 0, 0],
[715, 1446, 1205, 642, 1611, 1247, 392, 1589, 295, 521, 392, 645, 1362, 0, 0, 0, 0, 0, 0, 0],
[990, 131, 1, 708, 720, 1491, 1448, 199, 138, 124, 124, 0, 0, 0, 0, 0, 0, 0, 0, 0],
[990, 131, 124, 1116, 720, 1572, 930, 1218, 189, 1156, 0, 0, 0, 0, 0, 0, 0, 0, 0, 0],
[990, 131, 166, 875, 1588, 0, 0, 0, 0, 0, 0, 0, 0, 0, 0, 0, 0, 0, 0, 0],
[967, 392, 1458, 1218, 967, 392, 524, 456, 144, 1142, 0, 0, 0, 0, 0, 0, 0, 0, 0, 0],
[967, 392, 1458, 1308, 1078, 455, 382, 43, 815, 392, 524, 456, 144, 1142, 1002, 0, 0, 0, 0, 0],
[967, 392, 392, 514, 967, 772, 1311, 40, 853, 1002, 0, 0, 0, 0, 0, 0, 0, 0, 0, 0],
[990, 131, 851, 720, 450, 1506, 835, 957, 1067, 1125, 0, 0, 0, 0, 0, 0, 0, 0, 0, 0],
[715, 1446, 1077, 0, 0, 0, 0, 0, 0, 0, 0, 0, 0, 0, 0, 0, 0, 0, 0, 0],
[715, 1446, 1278, 392, 0, 0, 0, 0, 0, 0, 0, 0, 0, 0, 0, 0, 0, 0, 0, 0],
[967, 392, 1082, 901, 908, 1589, 929, 26, 62, 392, 386, 1483, 62, 1545, 1071, 289, 1519, 0, 0, 0],
[967, 392, 321, 1033, 500, 392, 1100, 1377, 170, 461, 201, 948, 707, 0, 0, 0, 0, 0, 0, 0],
[967, 392, 321, 1033, 392, 514, 967, 772, 1100, 1377, 170, 461, 201, 948, 1568, 1389, 779, 107, 1021, 512],
[990, 131, 473, 1588, 515, 1590, 280, 392, 0, 0, 0, 0, 0, 0, 0, 0, 0, 0, 0, 0],
[990, 131, 1325, 1601, 720, 392, 0, 0, 0, 0, 0, 0, 0, 0, 0, 0, 0, 0, 0, 0],
[990, 131, 1058, 990, 217, 1058, 511, 385, 1430, 971, 138, 413, 971, 0, 0, 0, 0, 0, 0, 0],
[990, 131, 567, 187, 1111, 1600, 772, 321, 0, 0, 0, 0, 0, 0, 0, 0, 0, 0, 0, 0],
[990, 131, 1102, 321, 550, 851, 1312, 990, 831, 0, 0, 0, 0, 0, 0, 0, 0, 0, 0, 0],
[990, 131, 330, 821, 579, 1580, 867, 438, 1430, 720, 680, 1623, 0, 0, 0, 0, 0, 0, 0, 0],
[990, 131, 330, 821, 579, 1580, 867, 438, 1430, 720, 680, 1211, 0, 0, 0, 0, 0, 0, 0, 0],
[990, 131, 509, 882, 550, 851, 831, 0, 0, 0, 0, 0, 0, 0, 0, 0, 0, 0, 0, 0],
[990, 131, 573, 1273, 454, 1138, 720, 447, 668, 265, 1496, 803, 1028, 0, 0, 0, 0, 0, 0, 0],
[990, 131, 599, 968, 1265, 772, 138, 447, 1596, 661, 321, 910, 202, 0, 0, 0, 0, 0, 0, 0],
[990, 131, 148, 875, 392, 974, 0, 0, 0, 0, 0, 0, 0, 0, 0, 0, 0, 0, 0, 0],
[990, 131, 124, 1234, 275, 719, 31, 946, 601, 0, 0, 0, 0, 0, 0, 0, 0, 0, 0, 0],
[990, 131, 720, 958, 522, 678, 124, 661, 0, 0, 0, 0, 0, 0, 0, 0, 0, 0, 0, 0],
[990, 131, 720, 1279, 372, 1332, 851, 622, 1067, 1166, 1137, 228, 1602, 1046, 369, 636, 469, 1312, 990, 0],
[990, 131, 720, 1600, 772, 286, 5, 41, 0, 0, 0, 0, 0, 0, 0, 0, 0, 0, 0, 0],
[990, 131, 123, 1058, 0, 0, 0, 0, 0, 0, 0, 0, 0, 0, 0, 0, 0, 0, 0, 0],
[990, 131, 851, 515, 1476, 1430, 1390, 1596, 1608, 730, 55, 104, 1186, 648, 321, 546, 255, 0, 0, 0],
[990, 131, 169, 720, 138, 0, 0, 0, 0, 0, 0, 0, 0, 0, 0, 0, 0, 0, 0, 0],
[990, 131, 706, 584, 720, 0, 0, 0, 0, 0, 0, 0, 0, 0, 0, 0, 0, 0, 0, 0],
[990, 131, 1058, 392, 1502, 0, 0, 0, 0, 0, 0, 0, 0, 0, 0, 0, 0, 0, 0, 0],
[990, 131, 1282, 720, 51, 1568, 1506, 1088, 720, 772, 661, 1083, 0, 0, 0, 0, 0, 0, 0, 0],
[990, 131, 1265, 706, 806, 393, 846, 1134, 124, 54, 0, 0, 0, 0, 0, 0, 0, 0, 0, 0],
[990, 131, 473, 515, 187, 1511, 1520, 1474, 1027, 0, 0, 0, 0, 0, 0, 0, 0, 0, 0, 0],
[990, 131, 51, 442, 1358, 1249, 1033, 1035, 26, 661, 0, 0, 0, 0, 0, 0, 0, 0, 0, 0],
[990, 131, 809, 1600, 720, 706, 1328, 772, 1465, 1107, 470, 0, 0, 0, 0, 0, 0, 0, 0, 0],
[990, 131, 1623, 124, 1508, 0, 0, 0, 0, 0, 0, 0, 0, 0, 0, 0, 0, 0, 0, 0],
[990, 131, 1574, 1464, 1185, 0, 0, 0, 0, 0, 0, 0, 0, 0, 0, 0, 0, 0, 0, 0],
[990, 131, 321, 6, 262, 1378, 262, 1142, 852, 1265, 1407, 1570, 783, 103, 935, 183, 1142, 0, 0, 0],
[990, 131, 1265, 1425, 172, 720, 1491, 823, 522, 971, 1588, 1265, 353, 1417, 0, 0, 0, 0, 0, 0],
[990, 131, 442, 59, 823, 124, 1265, 509, 0, 0, 0, 0, 0, 0, 0, 0, 0, 0, 0, 0],
[990, 131, 720, 706, 582, 1430, 0, 0, 0, 0, 0, 0, 0, 0, 0, 0, 0, 0, 0, 0],
[990, 131, 1265, 321, 1111, 772, 879, 661, 879, 661, 875, 1491, 1425, 719, 619, 633, 321, 0, 0, 0],
[990, 131, 1362, 720, 684, 971, 706, 0, 0, 0, 0, 0, 0, 0, 0, 0, 0, 0, 0, 0],
[990, 131, 930, 1308, 859, 1238, 0, 0, 0, 0, 0, 0, 0, 0, 0, 0, 0, 0, 0, 0],
[990, 131, 931, 321, 706, 944, 209, 1497, 0, 0, 0, 0, 0, 0, 0, 0, 0, 0, 0, 0],
[990, 131, 202, 739, 720, 1491, 687, 1292, 187, 720, 1361, 0, 0, 0, 0, 0, 0, 0, 0, 0],
[990, 131, 1430, 720, 560, 755, 107, 833, 302, 1192, 449, 0, 0, 0, 0, 0, 0, 0, 0, 0],
[990, 131, 730, 720, 951, 1305, 26, 720, 124, 720, 412, 1235, 990, 934, 1114, 773, 1035, 0, 0, 0],
[990, 131, 1574, 1464, 1185, 321, 0, 0, 0, 0, 0, 0, 0, 0, 0, 0, 0, 0, 0, 0],
[715, 1446, 815, 1457, 1491, 1568, 1584, 218, 1189, 250, 1326, 321, 877, 175, 1009, 136, 0, 0, 0, 0],
[990, 131, 720, 772, 1508, 275, 183, 88, 958, 859, 1588, 515, 0, 0, 0, 0, 0, 0, 0, 0],
[990, 131, 217, 166, 875, 706, 621, 766, 0, 0, 0, 0, 0, 0, 0, 0, 0, 0, 0, 0],
[990, 131, 1146, 1457, 1491, 1448, 1265, 313, 172, 992, 601, 0, 0, 0, 0, 0, 0, 0, 0, 0],
[990, 131, 944, 720, 1608, 845, 55, 796, 94, 191, 1600, 203, 720, 313, 191, 0, 0, 0, 0, 0],
[990, 131, 349, 1058, 967, 879, 1058, 124, 0, 0, 0, 0, 0, 0, 0, 0, 0, 0, 0, 0],
[990, 131, 1313, 153, 1060, 933, 1439, 720, 1527, 163, 603, 304, 775, 1361, 1611, 0, 0, 0, 0, 0],
[990, 131, 772, 802, 1606, 364, 1164, 488, 919, 1194, 898, 704, 248, 0, 0, 0, 0, 0, 0, 0],
[990, 131, 720, 392, 196, 0, 0, 0, 0, 0, 0, 0, 0, 0, 0, 0, 0, 0, 0, 0],
[990, 131, 104, 719, 169, 94, 515, 1475, 515, 1464, 778, 321, 0, 0, 0, 0, 0, 0, 0, 0],
[990, 131, 1232, 0, 0, 0, 0, 0, 0, 0, 0, 0, 0, 0, 0, 0, 0, 0, 0, 0],
[990, 131, 1232, 0, 0, 0, 0, 0, 0, 0, 0, 0, 0, 0, 0, 0, 0, 0, 0, 0],
[990, 131, 1265, 1262, 0, 0, 0, 0, 0, 0, 0, 0, 0, 0, 0, 0, 0, 0, 0, 0],
[990, 131, 720, 1067, 1137, 1196, 992, 1143, 454, 1138, 0, 0, 0, 0, 0, 0, 0, 0, 0, 0],
[990, 131, 226, 1070, 938, 549, 0, 0, 0, 0, 0, 0, 0, 0, 0, 0, 0, 0, 0, 0],
[990, 131, 1076, 1427, 677, 1004, 1577, 661, 1142, 212, 315, 428, 0, 0, 0, 0, 0, 0, 0, 0],
[990, 131, 1313, 1621, 1561, 0, 0, 0, 0, 0, 0, 0, 0, 0, 0, 0, 0, 0, 0, 0],
[990, 131, 544, 1422, 453, 1496, 881, 0, 0, 0, 0, 0, 0, 0, 0, 0, 0, 0, 0, 0],
[990, 131, 321, 241, 0, 0, 0, 0, 0, 0, 0, 0, 0, 0, 0, 0, 0, 0, 0, 0],
[990, 131, 1392, 54, 321, 0, 0, 0, 0, 0, 0, 0, 0, 0, 0, 0, 0, 0, 0, 0],
[990, 131, 557, 0, 0, 0, 0, 0, 0, 0, 0, 0, 0, 0, 0, 0, 0, 0, 0, 0],
[990, 131, 859, 1351, 0, 0, 0, 0, 0, 0, 0, 0, 0, 0, 0, 0, 0, 0, 0, 0],
[990, 131, 419, 851, 750, 815, 557, 0, 0, 0, 0, 0, 0, 0, 0, 0, 0, 0, 0, 0],
[715, 1446, 270, 967, 879, 1496, 124, 124, 879, 967, 572, 0, 0, 0, 0, 0, 0, 0, 0, 0],
[715, 1446, 1043, 599, 987, 386, 1591, 285, 1108, 1313, 1242, 0, 0, 0, 0, 0, 0, 0, 0, 0],
[715, 1446, 967, 298, 661, 308, 772, 1575, 760, 197, 879, 697, 1472, 29, 831, 990, 131, 0, 0, 0],
[990, 131, 896, 1035, 1589, 1288, 1378, 0, 0, 0, 0, 0, 0, 0, 0, 0, 0, 0, 0, 0],
[990, 131, 187, 0, 0, 0, 0, 0, 0, 0, 0, 0, 0, 0, 0, 0, 0, 0, 0, 0],
[990, 131, 1548, 0, 0, 0, 0, 0, 0, 0, 0, 0, 0, 0, 0, 0, 0, 0, 0, 0],
[990, 131, 723, 0, 0, 0, 0, 0, 0, 0, 0, 0, 0, 0, 0, 0, 0, 0, 0, 0],
[990, 131, 1186, 0, 0, 0, 0, 0, 0, 0, 0, 0, 0, 0, 0, 0, 0, 0, 0, 0],
[990, 131, 393, 1461, 832, 0, 0, 0, 0, 0, 0, 0, 0, 0, 0, 0, 0, 0, 0, 0],
[715, 1446, 1346, 1279, 562, 393, 223, 661, 944, 235, 0, 0, 0, 0, 0, 0, 0, 0, 0, 0],
[990, 131, 720, 1491, 1078, 129, 191, 0, 0, 0, 0, 0, 0, 0, 0, 0, 0, 0, 0, 0],
[990, 131, 262, 720, 540, 1054, 619, 720, 859, 1343, 1508, 509, 172, 720, 772, 1508, 491, 0, 0, 0],
[990, 131, 720, 1491, 933, 1586, 971, 1592, 0, 0, 0, 0, 0, 0, 0, 0, 0, 0, 0, 0],
[990, 131, 720, 540, 275, 997, 228, 736, 1413, 644, 1157, 1067, 0, 0, 0, 0, 0, 0, 0, 0],
[990, 131, 1265, 1362, 1612, 343, 1358, 720, 392, 124, 1302, 930, 1218, 321, 139, 396, 946, 831, 0, 0],
[990, 131, 192, 844, 1313, 1224, 446, 667, 0, 0, 0, 0, 0, 0, 0, 0, 0, 0, 0, 0],
[990, 131, 1313, 994, 1457, 0, 0, 0, 0, 0, 0, 0, 0, 0, 0, 0, 0, 0, 0, 0],
[990, 131, 84, 395, 935, 1037, 200, 1435, 874, 0, 0, 0, 0, 0, 0, 0, 0, 0, 0, 0],
[990, 131, 1307, 549, 1058, 484, 0, 0, 0, 0, 0, 0, 0, 0, 0, 0, 0, 0, 0, 0],
[990, 131, 1218, 0, 0, 0, 0, 0, 0, 0, 0, 0, 0, 0, 0, 0, 0, 0, 0, 0],
[1366, 710, 720, 392, 392, 1273, 923, 0, 0, 0, 0, 0, 0, 0, 0, 0, 0, 0, 0, 0],
[1366, 931, 720, 1491, 72, 90, 392, 392, 477, 595, 1273, 0, 0, 0, 0, 0, 0, 0, 0, 0],
[990, 131, 1095, 512, 859, 990, 1297, 1171, 0, 0, 0, 0, 0, 0, 0, 0, 0, 0, 0, 0],
[1366, 107, 720, 1491, 392, 477, 595, 1273, 392, 1131, 0, 0, 0, 0, 0, 0, 0, 0, 0, 0],
[990, 131, 1008, 0, 0, 0, 0, 0, 0, 0, 0, 0, 0, 0, 0, 0, 0, 0, 0, 0],
[990, 131, 262, 0, 0, 0, 0, 0, 0, 0, 0, 0, 0, 0, 0, 0, 0, 0, 0, 0],
[1366, 107, 720, 1491, 392, 477, 595, 1273, 392, 1131, 0, 0, 0, 0, 0, 0, 0, 0, 0, 0],
[990, 131, 879, 1591, 1471, 66, 1216, 1546, 419, 22, 768, 661, 308, 0, 0, 0, 0, 0, 0, 0],
[967, 392, 653, 1078, 1184, 392, 299, 321, 1363, 514, 967, 772, 437, 975, 1538, 661, 107, 170, 1387, 0],
[990, 131, 720, 138, 1093, 971, 1381, 1268, 321, 1340, 192, 0, 0, 0, 0, 0, 0, 0, 0, 0],
[715, 1446, 809, 787, 1055, 481, 395, 1260, 486, 879, 967, 486, 1588, 515, 730, 0, 0, 0, 0, 0],
[990, 131, 143, 1193, 315, 469, 1508, 875, 661, 1381, 321, 1373, 601, 0, 0, 0, 0, 0, 0, 0],
[990, 131, 1601, 720, 1461, 832, 661, 1529, 191, 1075, 1218, 0, 0, 0, 0, 0, 0, 0, 0, 0],
[990, 131, 1577, 1439, 720, 997, 1100, 1150, 282, 650, 275, 1361, 1491, 712, 0, 0, 0, 0, 0, 0],
[990, 131, 1466, 1148, 1534, 0, 0, 0, 0, 0, 0, 0, 0, 0, 0, 0, 0, 0, 0, 0],
[990, 131, 107, 739, 18, 720, 1563, 138, 1212, 1515, 0, 0, 0, 0, 0, 0, 0, 0, 0, 0],
[967, 392, 392, 514, 967, 772, 1100, 317, 1295, 170, 1002, 0, 0, 0, 0, 0, 0, 0, 0, 0],
[990, 131, 854, 26, 1281, 1622, 0, 0, 0, 0, 0, 0, 0, 0, 0, 0, 0, 0, 0, 0],
[990, 131, 343, 931, 26, 720, 0, 0, 0, 0, 0, 0, 0, 0, 0, 0, 0, 0, 0, 0],
[990, 131, 78, 167, 720, 1273, 810, 930, 1218, 0, 0, 0, 0, 0, 0, 0, 0, 0, 0, 0],
[990, 131, 58, 990, 131, 155, 1033, 1035, 1591, 179, 839, 0, 0, 0, 0, 0, 0, 0, 0, 0],
[990, 131, 970, 792, 512, 0, 0, 0, 0, 0, 0, 0, 0, 0, 0, 0, 0, 0, 0, 0],
[990, 131, 1117, 317, 835, 1093, 933, 1586, 392, 971, 1422, 1100, 1591, 1475, 0, 0, 0, 0, 0, 0],
[967, 392, 321, 1033, 5, 1100, 233, 170, 1235, 1131, 392, 232, 967, 772, 0, 0, 0, 0, 0, 0],
[967, 392, 321, 1033, 107, 1050, 1034, 5, 1100, 233, 170, 392, 232, 1131, 967, 772, 0, 0, 0, 0],
[990, 131, 814, 739, 922, 1060, 557, 0, 0, 0, 0, 0, 0, 0, 0, 0, 0, 0, 0, 0],
[990, 131, 720, 454, 371, 0, 0, 0, 0, 0, 0, 0, 0, 0, 0, 0, 0, 0, 0, 0],
[990, 131, 220, 491, 866, 0, 0, 0, 0, 0, 0, 0, 0, 0, 0, 0, 0, 0, 0, 0],
[990, 131, 593, 1015, 879, 1235, 1381, 1574, 1046, 720, 648, 872, 0, 0, 0, 0, 0, 0, 0, 0],
[990, 131, 1479, 560, 720, 1430, 397, 191, 0, 0, 0, 0, 0, 0, 0, 0, 0, 0, 0, 0],
[990, 131, 720, 393, 275, 661, 398, 1588, 1202, 1591, 1378, 814, 1143, 922, 0, 0, 0, 0, 0, 0],
[990, 131, 720, 138, 706, 275, 209, 1381, 1268, 104, 57, 1578, 1574, 720, 0, 0, 0, 0, 0, 0],
[990, 131, 1254, 719, 169, 1457, 1491, 992, 720, 275, 706, 0, 0, 0, 0, 0, 0, 0, 0, 0],
[990, 131, 1117, 971, 720, 1127, 578, 124, 191, 1566, 0, 0, 0, 0, 0, 0, 0, 0, 0, 0],
[990, 131, 321, 29, 1216, 560, 967, 1574, 1186, 1046, 243, 668, 137, 858, 0, 0, 0, 0, 0, 0],
[990, 131, 717, 1302, 955, 0, 0, 0, 0, 0, 0, 0, 0, 0, 0, 0, 0, 0, 0, 0],
[990, 131, 46, 720, 1527, 631, 720, 848, 1143, 1067, 1582, 1500, 1133, 0, 0, 0, 0, 0, 0, 0],
[990, 131, 831, 74, 510, 1449, 1168, 47, 767, 996, 633, 149, 994, 1368, 0, 0, 0, 0, 0, 0],
[990, 131, 1433, 262, 923, 299, 1274, 1586, 1399, 987, 859, 1378, 308, 922, 720, 0, 0, 0, 0, 0],
[990, 131, 262, 253, 875, 573, 512, 392, 1131, 170, 1387, 1390, 1589, 299, 42, 235, 0, 0, 0, 0],
[990, 131, 990, 1620, 172, 48, 1570, 1374, 131, 0, 0, 0, 0, 0, 0, 0, 0, 0, 0, 0],
[715, 1446, 967, 807, 124, 1591, 1527, 967, 796, 386, 1274, 377, 188, 0, 0, 0, 0, 0, 0, 0],
[990, 131, 593, 231, 0, 0, 0, 0, 0, 0, 0, 0, 0, 0, 0, 0, 0, 0, 0, 0],
[990, 131, 1265, 1362, 323, 768, 859, 801, 350, 828, 540, 765, 0, 0, 0, 0, 0, 0, 0, 0],
[990, 131, 244, 590, 1361, 1491, 217, 1392, 193, 953, 484, 0, 0, 0, 0, 0, 0, 0, 0, 0],
[501, 931, 923, 720, 392, 1239, 1568, 786, 1589, 257, 967, 392, 595, 749, 1082, 235, 0, 0, 0, 0],
[967, 392, 321, 1033, 392, 208, 1100, 1487, 170, 107, 1161, 1034, 310, 1295, 0, 0, 0, 0, 0, 0],
[990, 131, 831, 447, 512, 748, 1361, 1361, 1204, 398, 1214, 932, 287, 0, 0, 0, 0, 0, 0, 0],
[990, 131, 673, 971, 512, 45, 0, 0, 0, 0, 0, 0, 0, 0, 0, 0, 0, 0, 0, 0],
[990, 131, 124, 598, 6, 0, 0, 0, 0, 0, 0, 0, 0, 0, 0, 0, 0, 0, 0, 0],
[990, 131, 270, 1010, 1077, 450, 209, 1497, 267, 1392, 1596, 822, 0, 0, 0, 0, 0, 0, 0, 0],
[501, 931, 720, 392, 754, 1518, 0, 0, 0, 0, 0, 0, 0, 0, 0, 0, 0, 0, 0, 0],
[990, 131, 270, 1010, 1077, 450, 209, 1497, 267, 1392, 1596, 822, 0, 0, 0, 0, 0, 0, 0, 0],
[990, 131, 497, 786, 1082, 1272, 769, 134, 497, 786, 878, 661, 1364, 0, 0, 0, 0, 0, 0, 0],
[990, 131, 1591, 1453, 1128, 877, 1047, 1307, 965, 1243, 1610, 377, 1574, 515, 1156, 0, 0, 0, 0, 0],
[990, 131, 221, 107, 495, 1454, 1452, 195, 283, 0, 0, 0, 0, 0, 0, 0, 0, 0, 0, 0],
[990, 131, 1606, 1463, 1457, 1491, 0, 0, 0, 0, 0, 0, 0, 0, 0, 0, 0, 0, 0, 0],
[990, 131, 304, 1512, 569, 298, 1313, 101, 1310, 1522, 1182, 168, 1371, 0, 0, 0, 0, 0, 0, 0],
[990, 131, 593, 629, 1216, 1082, 1268, 1329, 1116, 493, 1313, 206, 183, 392, 283, 0, 0, 0, 0, 0],
[1420, 967, 576, 899, 967, 392, 0, 0, 0, 0, 0, 0, 0, 0, 0, 0, 0, 0, 0, 0],
[990, 131, 666, 1265, 1282, 1127, 209, 1235, 630, 412, 1482, 630, 412, 859, 823, 967, 0, 0, 0, 0],
[1420, 967, 576, 899, 967, 392, 0, 0, 0, 0, 0, 0, 0, 0, 0, 0, 0, 0, 0, 0],
[990, 131, 1229, 719, 454, 371, 1143, 720, 778, 0, 0, 0, 0, 0, 0, 0, 0, 0, 0, 0],
[1448, 931, 1457, 1491, 710, 720, 392, 754, 1329, 0, 0, 0, 0, 0, 0, 0, 0, 0, 0, 0],
[1448, 107, 1457, 1491, 474, 262, 1361, 1611, 321, 1530, 209, 653, 1591, 258, 3, 1568, 416, 0, 0, 0],
[990, 131, 990, 131, 1574, 1610, 128, 956, 1491, 1142, 189, 1156, 0, 0, 0, 0, 0, 0, 0, 0],
[990, 131, 990, 1143, 1548, 1494, 1407, 1591, 1313, 930, 1218, 663, 663, 426, 720, 1491, 0, 0, 0, 0],
[990, 131, 474, 262, 1361, 1491, 592, 0, 0, 0, 0, 0, 0, 0, 0, 0, 0, 0, 0, 0],
[1448, 931, 1457, 1491, 710, 720, 392, 754, 1329, 0, 0, 0, 0, 0, 0, 0, 0, 0, 0, 0],
[990, 131, 1457, 1491, 1181, 1496, 124, 1497, 1501, 473, 0, 0, 0, 0, 0, 0, 0, 0, 0, 0],
[990, 131, 121, 804, 1457, 0, 0, 0, 0, 0, 0, 0, 0, 0, 0, 0, 0, 0, 0, 0],
[1448, 107, 1457, 1491, 474, 262, 1361, 1611, 321, 1530, 209, 653, 1591, 258, 3, 1568, 416, 0, 0, 0],
[990, 131, 1591, 1118, 930, 1218, 966, 1053, 1042, 1430, 426, 52, 426, 823, 967, 0, 0, 0, 0, 0],
[990, 131, 868, 868, 447, 1070, 240, 1235, 161, 270, 1570, 875, 1083, 268, 0, 0, 0, 0, 0, 0],
[1448, 107, 1457, 1491, 474, 262, 1361, 1611, 321, 1530, 209, 653, 1591, 258, 3, 1568, 416, 0, 0, 0],
[990, 131, 313, 877, 209, 138, 1099, 1317, 478, 26, 1328, 923, 0, 0, 0, 0, 0, 0, 0, 0],
[990, 131, 1614, 357, 1601, 720, 756, 582, 1496, 1067, 661, 0, 0, 0, 0, 0, 0, 0, 0, 0],
[715, 1446, 650, 1223, 124, 595, 248, 1444, 0, 0, 0, 0, 0, 0, 0, 0, 0, 0, 0, 0],
[990, 131, 338, 65, 262, 720, 0, 0, 0, 0, 0, 0, 0, 0, 0, 0, 0, 0, 0, 0],
[990, 131, 1265, 321, 969, 798, 1425, 1430, 138, 619, 633, 0, 0, 0, 0, 0, 0, 0, 0, 0],
[990, 131, 854, 509, 720, 138, 668, 730, 118, 313, 611, 124, 653, 1591, 0, 0, 0, 0, 0, 0],
[990, 131, 720, 1491, 1608, 845, 55, 288, 509, 587, 609, 192, 0, 0, 0, 0, 0, 0, 0, 0],
[990, 131, 720, 1491, 450, 288, 509, 587, 609, 192, 0, 0, 0, 0, 0, 0, 0, 0, 0, 0],
[990, 131, 720, 1491, 450, 0, 0, 0, 0, 0, 0, 0, 0, 0, 0, 0, 0, 0, 0, 0],
[990, 131, 103, 412, 1482, 1392, 991, 987, 1574, 1476, 104, 961, 1197, 412, 1430, 650, 0, 0, 0, 0],
[990, 131, 987, 1574, 197, 119, 656, 906, 1496, 1112, 483, 603, 641, 104, 1403, 0, 0, 0, 0, 0],
[715, 1446, 1261, 517, 1074, 386, 342, 1142, 321, 992, 0, 0, 0, 0, 0, 0, 0, 0, 0, 0],
[967, 392, 967, 392, 1131, 170, 1387, 100, 519, 42, 0, 0, 0, 0, 0, 0, 0, 0, 0, 0],
[715, 1446, 0, 0, 0, 0, 0, 0, 0, 0, 0, 0, 0, 0, 0, 0, 0, 0, 0, 0],
[715, 1446, 1262, 417, 0, 0, 0, 0, 0, 0, 0, 0, 0, 0, 0, 0, 0, 0, 0, 0],
[990, 131, 246, 455, 124, 138, 1110, 509, 192, 1367, 1514, 0, 0, 0, 0, 0, 0, 0, 0, 0],
[715, 1446, 831, 1620, 1620, 463, 1201, 0, 0, 0, 0, 0, 0, 0, 0, 0, 0, 0, 0, 0],
[990, 131, 569, 14, 364, 406, 0, 0, 0, 0, 0, 0, 0, 0, 0, 0, 0, 0, 0, 0],
[990, 131, 1265, 1262, 1265, 710, 327, 0, 0, 0, 0, 0, 0, 0, 0, 0, 0, 0, 0, 0],
[990, 131, 317, 835, 971, 1273, 810, 1183, 931, 0, 0, 0, 0, 0, 0, 0, 0, 0, 0, 0],
[990, 131, 1093, 971, 1604, 758, 1491, 0, 0, 0, 0, 0, 0, 0, 0, 0, 0, 0, 0, 0],
[990, 131, 831, 1349, 877, 1533, 564, 1166, 591, 1616, 264, 0, 0, 0, 0, 0, 0, 0, 0, 0],
[990, 131, 1230, 432, 1291, 0, 0, 0, 0, 0, 0, 0, 0, 0, 0, 0, 0, 0, 0, 0],
[990, 131, 1265, 666, 990, 1058, 0, 0, 0, 0, 0, 0, 0, 0, 0, 0, 0, 0, 0, 0],
[990, 131, 312, 1448, 509, 514, 661, 412, 1235, 1547, 96, 1535, 191, 131, 0, 0, 0, 0, 0, 0],
[990, 131, 246, 0, 0, 0, 0, 0, 0, 0, 0, 0, 0, 0, 0, 0, 0, 0, 0, 0],
[990, 131, 1491, 0, 0, 0, 0, 0, 0, 0, 0, 0, 0, 0, 0, 0, 0, 0, 0, 0],
[990, 131, 198, 1513, 922, 0, 0, 0, 0, 0, 0, 0, 0, 0, 0, 0, 0, 0, 0, 0],
[990, 131, 879, 720, 1496, 1127, 209, 1127, 209, 0, 0, 0, 0, 0, 0, 0, 0, 0, 0, 0],
[990, 131, 823, 1363, 202, 720, 512, 0, 0, 0, 0, 0, 0, 0, 0, 0, 0, 0, 0, 0],
[990, 131, 1337, 512, 1118, 604, 1469, 120, 1589, 1288, 0, 0, 0, 0, 0, 0, 0, 0, 0, 0],
[990, 131, 280, 555, 967, 20, 0, 0, 0, 0, 0, 0, 0, 0, 0, 0, 0, 0, 0, 0],
[990, 131, 674, 814, 138, 922, 1336, 1577, 684, 971, 1266, 0, 0, 0, 0, 0, 0, 0, 0, 0],
[990, 131, 1, 88, 1458, 1304, 1586, 870, 1110, 0, 0, 0, 0, 0, 0, 0, 0, 0, 0, 0],
[990, 131, 1507, 0, 0, 0, 0, 0, 0, 0, 0, 0, 0, 0, 0, 0, 0, 0, 0, 0],
[990, 131, 1574, 166, 720, 515, 1496, 944, 271, 0, 0, 0, 0, 0, 0, 0, 0, 0, 0, 0],
[715, 1446, 831, 1588, 967, 1519, 217, 1588, 1152, 138, 774, 0, 0, 0, 0, 0, 0, 0, 0, 0],
[990, 131, 509, 428, 138, 772, 0, 0, 0, 0, 0, 0, 0, 0, 0, 0, 0, 0, 0, 0],
[990, 131, 486, 462, 720, 772, 1591, 388, 200, 1096, 1060, 933, 772, 1613, 209, 0, 0, 0, 0, 0],
[715, 1446, 831, 917, 719, 37, 774, 1519, 0, 0, 0, 0, 0, 0, 0, 0, 0, 0, 0, 0],
[990, 131, 720, 772, 706, 209, 284, 1574, 1183, 599, 1083, 0, 0, 0, 0, 0, 0, 0, 0, 0],
[715, 1446, 831, 967, 133, 917, 1472, 1011, 967, 772, 194, 1011, 294, 1183, 599, 115, 1588, 1527, 0, 0],
[715, 1446, 831, 497, 256, 1152, 138, 967, 1315, 114, 572, 1015, 499, 1208, 1075, 1183, 1373, 0, 0, 0],
[990, 131, 1574, 1520, 1185, 778, 0, 0, 0, 0, 0, 0, 0, 0, 0, 0, 0, 0, 0, 0],
[990, 131, 990, 595, 304, 929, 560, 1438, 840, 321, 227, 30, 1361, 1611, 0, 0, 0, 0, 0, 0],
[990, 131, 875, 392, 354, 553, 879, 1591, 342, 1378, 1392, 930, 1218, 1182, 866, 0, 0, 0, 0, 0],
[990, 131, 87, 452, 770, 823, 865, 1426, 183, 0, 0, 0, 0, 0, 0, 0, 0, 0, 0, 0],
[990, 131, 426, 916, 804, 1024, 34, 623, 720, 1375, 1289, 18, 1101, 1509, 412, 0, 0, 0, 0, 0],
[990, 131, 138, 879, 1116, 720, 668, 1608, 845, 55, 661, 720, 1375, 63, 1481, 0, 0, 0, 0, 0],
[990, 131, 78, 199, 354, 866, 1108, 971, 1508, 450, 1574, 0, 0, 0, 0, 0, 0, 0, 0, 0],
[990, 131, 990, 88, 1133, 1591, 1326, 1216, 629, 0, 0, 0, 0, 0, 0, 0, 0, 0, 0, 0],
[990, 131, 990, 629, 183, 392, 0, 0, 0, 0, 0, 0, 0, 0, 0, 0, 0, 0, 0, 0],
[990, 131, 720, 275, 124, 1457, 879, 1596, 1381, 0, 0, 0, 0, 0, 0, 0, 0, 0, 0, 0],
[990, 131, 1372, 0, 0, 0, 0, 0, 0, 0, 0, 0, 0, 0, 0, 0, 0, 0, 0, 0],
[990, 131, 189, 1156, 477, 153, 1263, 0, 0, 0, 0, 0, 0, 0, 0, 0, 0, 0, 0, 0],
[990, 131, 138, 595, 1083, 1430, 509, 0, 0, 0, 0, 0, 0, 0, 0, 0, 0, 0, 0, 0],
[990, 131, 1448, 931, 720, 392, 50, 1382, 1304, 830, 1239, 1589, 967, 392, 595, 0, 0, 0, 0, 0],
[990, 131, 254, 1610, 179, 109, 875, 14, 720, 1392, 1176, 195, 0, 0, 0, 0, 0, 0, 0, 0],
[990, 131, 814, 277, 971, 1421, 262, 1313, 0, 0, 0, 0, 0, 0, 0, 0, 0, 0, 0, 0],
[990, 131, 426, 1308, 138, 515, 280, 798, 206, 1408, 151, 246, 624, 0, 0, 0, 0, 0, 0, 0],
[990, 131, 30, 1549, 396, 374, 433, 1022, 720, 879, 1268, 582, 1216, 629, 196, 392, 0, 0, 0, 0],
[990, 131, 720, 504, 930, 1218, 4, 1142, 0, 0, 0, 0, 0, 0, 0, 0, 0, 0, 0, 0],
[990, 131, 930, 1218, 0, 0, 0, 0, 0, 0, 0, 0, 0, 0, 0, 0, 0, 0, 0, 0],
[990, 131, 859, 246, 1407, 945, 721, 930, 1218, 1464, 0, 0, 0, 0, 0, 0, 0, 0, 0, 0],
[990, 131, 1144, 617, 393, 485, 0, 0, 0, 0, 0, 0, 0, 0, 0, 0, 0, 0, 0, 0],
[990, 131, 520, 1265, 1555, 166, 1174, 183, 0, 0, 0, 0, 0, 0, 0, 0, 0, 0, 0, 0],
[990, 131, 166, 297, 321, 0, 0, 0, 0, 0, 0, 0, 0, 0, 0, 0, 0, 0, 0, 0],
[990, 131, 0, 0, 0, 0, 0, 0, 0, 0, 0, 0, 0, 0, 0, 0, 0, 0, 0, 0],
[990, 131, 393, 720, 1455, 1253, 1389, 779, 209, 1177, 587, 1027, 823, 865, 1097, 1464, 0, 0, 0, 0],
[990, 131, 280, 217, 68, 611, 107, 720, 772, 124, 0, 0, 0, 0, 0, 0, 0, 0, 0, 0],
[990, 131, 1581, 1591, 859, 1525, 923, 716, 595, 923, 0, 0, 0, 0, 0, 0, 0, 0, 0, 0],
[990, 131, 1350, 1573, 1310, 191, 138, 0, 0, 0, 0, 0, 0, 0, 0, 0, 0, 0, 0, 0],
[990, 131, 674, 1156, 187, 1361, 1611, 930, 1218, 248, 0, 0, 0, 0, 0, 0, 0, 0, 0, 0],
[990, 131, 321, 992, 258, 682, 1306, 209, 595, 1062, 509, 138, 1574, 1464, 1185, 0, 0, 0, 0, 0],
[990, 131, 1485, 0, 0, 0, 0, 0, 0, 0, 0, 0, 0, 0, 0, 0, 0, 0, 0, 0],
[990, 131, 962, 981, 1210, 124, 732, 661, 1060, 933, 50, 1382, 0, 0, 0, 0, 0, 0, 0, 0],
[990, 131, 260, 1600, 1477, 396, 720, 1072, 1536, 1142, 0, 0, 0, 0, 0, 0, 0, 0, 0, 0],
[990, 131, 393, 720, 1482, 124, 720, 706, 1577, 682, 1306, 394, 859, 0, 0, 0, 0, 0, 0, 0],
[990, 131, 1035, 515, 1433, 590, 1146, 172, 304, 1162, 875, 0, 0, 0, 0, 0, 0, 0, 0, 0],
[990, 131, 1252, 1093, 971, 1574, 1192, 806, 1292, 124, 653, 1591, 1110, 283, 713, 805, 0, 0, 0, 0],
[990, 131, 1292, 661, 933, 1586, 971, 204, 1292, 209, 1581, 292, 1530, 772, 0, 0, 0, 0, 0, 0],
[990, 131, 1274, 1420, 1060, 933, 875, 1513, 935, 879, 26, 392, 1574, 623, 0, 0, 0, 0, 0, 0],
[990, 131, 377, 796, 874, 1060, 933, 1381, 0, 0, 0, 0, 0, 0, 0, 0, 0, 0, 0, 0],
[990, 131, 888, 859, 307, 720, 138, 124, 209, 1253, 311, 169, 1588, 202, 0, 0, 0, 0, 0, 0],
[990, 131, 990, 131, 849, 1412, 1215, 509, 1361, 1491, 321, 823, 865, 595, 661, 1093, 0, 0, 0, 0],
[990, 131, 665, 809, 384, 1041, 1464, 1265, 166, 1443, 0, 0, 0, 0, 0, 0, 0, 0, 0, 0],
[990, 131, 990, 209, 1093, 1093, 1274, 1267, 772, 661, 720, 595, 1116, 661, 0, 0, 0, 0, 0, 0],
[990, 131, 1027, 530, 509, 922, 659, 1588, 1243, 1027, 209, 930, 1308, 1313, 0, 0, 0, 0, 0, 0],
[990, 131, 702, 191, 879, 124, 720, 0, 0, 0, 0, 0, 0, 0, 0, 0, 0, 0, 0, 0],
[990, 131, 209, 1082, 1116, 720, 1075, 1218, 426, 1566, 0, 0, 0, 0, 0, 0, 0, 0, 0, 0],
[990, 131, 1589, 1288, 0, 0, 0, 0, 0, 0, 0, 0, 0, 0, 0, 0, 0, 0, 0, 0],
[990, 131, 738, 1083, 233, 720, 197, 181, 199, 473, 1574, 720, 0, 0, 0, 0, 0, 0, 0, 0],
[990, 131, 1325, 1117, 971, 691, 0, 0, 0, 0, 0, 0, 0, 0, 0, 0, 0, 0, 0, 0],
[990, 131, 61, 0, 0, 0, 0, 0, 0, 0, 0, 0, 0, 0, 0, 0, 0, 0, 0, 0],
[990, 131, 1574, 351, 1464, 1185, 0, 0, 0, 0, 0, 0, 0, 0, 0, 0, 0, 0, 0, 0],
[990, 131, 1623, 1313, 0, 0, 0, 0, 0, 0, 0, 0, 0, 0, 0, 0, 0, 0, 0, 0],
[990, 131, 886, 1140, 1568, 171, 1605, 79, 124, 313, 78, 1027, 791, 92, 661, 1600, 523, 0, 0, 0],
[990, 131, 720, 1491, 859, 198, 449, 0, 0, 0, 0, 0, 0, 0, 0, 0, 0, 0, 0, 0],
[990, 131, 665, 1265, 1041, 1464, 1265, 719, 1299, 452, 0, 0, 0, 0, 0, 0, 0, 0, 0, 0],
[990, 131, 575, 0, 0, 0, 0, 0, 0, 0, 0, 0, 0, 0, 0, 0, 0, 0, 0, 0],
[990, 131, 665, 809, 1041, 1464, 1265, 441, 905, 0, 0, 0, 0, 0, 0, 0, 0, 0, 0, 0],
[990, 131, 823, 124, 653, 1060, 933, 1389, 779, 875, 772, 1593, 0, 0, 0, 0, 0, 0, 0, 0],
[990, 131, 935, 452, 146, 580, 1279, 0, 0, 0, 0, 0, 0, 0, 0, 0, 0, 0, 0, 0],
[990, 131, 199, 935, 166, 1457, 1491, 720, 1491, 1361, 1491, 1464, 1025, 1124, 360, 0, 0, 0, 0, 0],
[990, 131, 1235, 262, 661, 1392, 1120, 1175, 1313, 814, 600, 1611, 1108, 0, 0, 0, 0, 0, 0, 0],
[990, 131, 1083, 682, 1306, 720, 393, 0, 0, 0, 0, 0, 0, 0, 0, 0, 0, 0, 0, 0],
[990, 131, 1412, 1058, 1056, 0, 0, 0, 0, 0, 0, 0, 0, 0, 0, 0, 0, 0, 0, 0],
[990, 131, 1261, 1024, 104, 75, 412, 979, 879, 1083, 0, 0, 0, 0, 0, 0, 0, 0, 0, 0],
[990, 131, 1046, 720, 1268, 341, 103, 104, 1591, 791, 1325, 778, 772, 496, 34, 0, 0, 0, 0, 0],
[990, 131, 1324, 303, 720, 412, 1482, 545, 727, 1325, 0, 0, 0, 0, 0, 0, 0, 0, 0, 0],
[990, 131, 1046, 720, 1268, 341, 103, 104, 1591, 791, 1325, 778, 772, 496, 34, 0, 0, 0, 0, 0],
[990, 131, 1324, 303, 720, 412, 1482, 545, 727, 1325, 0, 0, 0, 0, 0, 0, 0, 0, 0, 0],
[990, 131, 280, 1273, 923, 1415, 823, 1511, 720, 138, 0, 0, 0, 0, 0, 0, 0, 0, 0, 0],
[990, 131, 156, 169, 492, 324, 658, 1146, 473, 666, 1464, 0, 0, 0, 0, 0, 0, 0, 0, 0],
[990, 131, 1430, 720, 1568, 681, 869, 269, 913, 1127, 661, 321, 1373, 0, 0, 0, 0, 0, 0, 0],
[990, 131, 612, 1458, 1491, 595, 1109, 945, 1491, 990, 0, 0, 0, 0, 0, 0, 0, 0, 0, 0],
[990, 131, 364, 284, 990, 1533, 34, 1541, 1024, 512, 138, 1364, 0, 0, 0, 0, 0, 0, 0, 0],
[990, 131, 384, 1041, 380, 0, 0, 0, 0, 0, 0, 0, 0, 0, 0, 0, 0, 0, 0, 0],
[990, 131, 559, 990, 1265, 557, 196, 0, 0, 0, 0, 0, 0, 0, 0, 0, 0, 0, 0, 0],
[990, 131, 1086, 1610, 1349, 251, 783, 0, 0, 0, 0, 0, 0, 0, 0, 0, 0, 0, 0, 0],
[990, 131, 1317, 478, 476, 874, 1392, 454, 371, 1148, 1442, 10, 1067, 0, 0, 0, 0, 0, 0, 0],
[990, 131, 375, 1236, 449, 191, 0, 0, 0, 0, 0, 0, 0, 0, 0, 0, 0, 0, 0, 0],
[990, 131, 271, 1082, 1110, 1531, 965, 0, 0, 0, 0, 0, 0, 0, 0, 0, 0, 0, 0, 0],
[990, 131, 167, 1511, 1110, 0, 0, 0, 0, 0, 0, 0, 0, 0, 0, 0, 0, 0, 0, 0],
[990, 131, 849, 1609, 599, 209, 1588, 284, 0, 0, 0, 0, 0, 0, 0, 0, 0, 0, 0, 0],
[990, 131, 720, 138, 1430, 1002, 191, 189, 1156, 990, 1265, 982, 491, 392, 610, 0, 0, 0, 0, 0],
[990, 131, 666, 418, 720, 582, 0, 0, 0, 0, 0, 0, 0, 0, 0, 0, 0, 0, 0, 0],
[990, 131, 720, 867, 1110, 0, 0, 0, 0, 0, 0, 0, 0, 0, 0, 0, 0, 0, 0, 0],
[990, 131, 297, 473, 1588, 515, 720, 1273, 923, 990, 131, 392, 293, 0, 0, 0, 0, 0, 0, 0],
[990, 131, 931, 34, 315, 469, 531, 0, 0, 0, 0, 0, 0, 0, 0, 0, 0, 0, 0, 0],
[990, 131, 796, 531, 661, 315, 469, 321, 931, 34, 0, 0, 0, 0, 0, 0, 0, 0, 0, 0],
[990, 131, 879, 553, 1117, 971, 101, 1122, 720, 516, 0, 0, 0, 0, 0, 0, 0, 0, 0, 0],
[990, 131, 666, 1216, 629, 1241, 814, 166, 1058, 1361, 720, 1491, 384, 1141, 0, 0, 0, 0, 0, 0],
[990, 131, 1186, 1574, 1464, 1185, 614, 1564, 720, 1491, 694, 452, 0, 0, 0, 0, 0, 0, 0, 0],
[990, 131, 262, 1457, 1491, 1361, 1279, 1381, 922, 1383, 466, 0, 0, 0, 0, 0, 0, 0, 0, 0],
[990, 131, 1614, 317, 835, 971, 1568, 1060, 933, 1058, 1083, 0, 0, 0, 0, 0, 0, 0, 0, 0],
[715, 1446, 927, 115, 1591, 1274, 126, 398, 859, 765, 0, 0, 0, 0, 0, 0, 0, 0, 0, 0],
[990, 131, 1063, 990, 370, 262, 234, 640, 1065, 653, 0, 0, 0, 0, 0, 0, 0, 0, 0, 0],
[990, 131, 1186, 343, 1589, 1073, 1288, 512, 157, 0, 0, 0, 0, 0, 0, 0, 0, 0, 0, 0],
[990, 131, 138, 1270, 1274, 1341, 191, 1588, 515, 1371, 1588, 765, 990, 992, 116, 0, 0, 0, 0, 0],
[990, 131, 813, 5, 775, 166, 840, 1058, 313, 304, 775, 922, 0, 0, 0, 0, 0, 0, 0, 0],
[990, 131, 1095, 138, 1491, 220, 707, 721, 138, 772, 463, 1166, 0, 0, 0, 0, 0, 0, 0, 0],
[990, 131, 954, 298, 393, 789, 875, 1457, 859, 1568, 50, 459, 412, 0, 0, 0, 0, 0, 0, 0],
[990, 131, 963, 613, 235, 1591, 235, 765, 248, 280, 0, 0, 0, 0, 0, 0, 0, 0, 0, 0],
[990, 131, 131, 890, 1090, 1436, 932, 131, 890, 581, 1436, 1374, 751, 392, 0, 0, 0, 0, 0, 0],
[967, 392, 321, 1033, 1608, 845, 55, 532, 594, 683, 500, 392, 381, 0, 0, 0, 0, 0, 0, 0],
[990, 131, 1613, 235, 1566, 998, 0, 0, 0, 0, 0, 0, 0, 0, 0, 0, 0, 0, 0, 0],
[990, 131, 167, 956, 922, 604, 1083, 1613, 1127, 1378, 0, 0, 0, 0, 0, 0, 0, 0, 0, 0],
[990, 131, 384, 1574, 183, 989, 1493, 990, 274, 30, 952, 0, 0, 0, 0, 0, 0, 0, 0, 0],
[990, 131, 1574, 362, 1185, 0, 0, 0, 0, 0, 0, 0, 0, 0, 0, 0, 0, 0, 0, 0],
[990, 131, 498, 283, 1612, 230, 720, 1491, 1279, 1600, 1083, 30, 1299, 0, 0, 0, 0, 0, 0, 0],
[990, 131, 1574, 1464, 1185, 0, 0, 0, 0, 0, 0, 0, 0, 0, 0, 0, 0, 0, 0, 0],
[990, 131, 448, 573, 1457, 1491, 1361, 1491, 720, 1491, 0, 0, 0, 0, 0, 0, 0, 0, 0, 0],
[990, 131, 1492, 18, 1496, 1340, 1116, 1492, 1142, 936, 0, 0, 0, 0, 0, 0, 0, 0, 0, 0],
[990, 131, 593, 990, 720, 823, 1568, 1508, 426, 315, 469, 321, 1373, 0, 0, 0, 0, 0, 0, 0],
[990, 131, 138, 1127, 1122, 1142, 86, 1407, 191, 1392, 930, 1218, 153, 0, 0, 0, 0, 0, 0, 0],
[990, 131, 464, 1491, 721, 880, 103, 217, 395, 623, 426, 772, 355, 0, 0, 0, 0, 0, 0, 0],
[990, 131, 990, 131, 115, 865, 1024, 1591, 720, 1491, 1397, 990, 1301, 0, 0, 0, 0, 0, 0, 0],
[990, 131, 831, 814, 990, 321, 0, 0, 0, 0, 0, 0, 0, 0, 0, 0, 0, 0, 0, 0],
[990, 131, 1221, 993, 661, 1381, 749, 0, 0, 0, 0, 0, 0, 0, 0, 0, 0, 0, 0, 0],
[990, 131, 1588, 607, 191, 1265, 553, 1142, 1265, 118, 1596, 765, 94, 0, 0, 0, 0, 0, 0, 0],
[990, 131, 1588, 607, 553, 1142, 1265, 118, 1596, 765, 94, 0, 0, 0, 0, 0, 0, 0, 0, 0],
[990, 131, 280, 862, 189, 862, 985, 0, 0, 0, 0, 0, 0, 0, 0, 0, 0, 0, 0, 0],
[967, 392, 321, 1033, 1608, 845, 55, 532, 1482, 107, 99, 1365, 392, 208, 0, 0, 0, 0, 0, 0],
[715, 1446, 674, 0, 0, 0, 0, 0, 0, 0, 0, 0, 0, 0, 0, 0, 0, 0, 0, 0],
[967, 392, 321, 1033, 1608, 845, 55, 532, 1568, 532, 1482, 107, 99, 1365, 392, 1131, 0, 0, 0, 0],
[990, 131, 509, 1457, 1491, 1060, 933, 0, 0, 0, 0, 0, 0, 0, 0, 0, 0, 0, 0, 0],
[990, 131, 1574, 717, 445, 138, 512, 666, 992, 924, 1574, 717, 0, 0, 0, 0, 0, 0, 0, 0],
[990, 131, 60, 262, 0, 0, 0, 0, 0, 0, 0, 0, 0, 0, 0, 0, 0, 0, 0, 0],
[990, 131, 990, 131, 994, 1457, 0, 0, 0, 0, 0, 0, 0, 0, 0, 0, 0, 0, 0, 0],
[990, 131, 990, 1275, 1291, 831, 29, 1498, 125, 539, 1006, 0, 0, 0, 0, 0, 0, 0, 0, 0],
[990, 131, 798, 938, 321, 78, 1330, 823, 280, 928, 0, 0, 0, 0, 0, 0, 0, 0, 0, 0],
[990, 131, 990, 131, 1265, 1591, 1118, 930, 1308, 88, 426, 922, 1177, 78, 352, 814, 235, 235, 452, 0],
[990, 131, 469, 1595, 1430, 1568, 1506, 1088, 1175, 442, 661, 1618, 1274, 1434, 0, 0, 0, 0, 0, 0],
[990, 131, 33, 0, 0, 0, 0, 0, 0, 0, 0, 0, 0, 0, 0, 0, 0, 0, 0, 0],
[990, 131, 990, 131, 1061, 1313, 472, 794, 1279, 720, 669, 88, 1027, 0, 0, 0, 0, 0, 0, 0],
[990, 131, 1447, 446, 493, 1313, 1381, 0, 0, 0, 0, 0, 0, 0, 0, 0, 0, 0, 0, 0],
[990, 131, 573, 321, 814, 851, 1123, 720, 691, 851, 398, 138, 771, 0, 0, 0, 0, 0, 0, 0],
[990, 131, 962, 862, 0, 0, 0, 0, 0, 0, 0, 0, 0, 0, 0, 0, 0, 0, 0, 0],
[715, 1446, 884, 197, 967, 879, 1392, 1287, 646, 0, 0, 0, 0, 0, 0, 0, 0, 0, 0, 0],
[990, 131, 191, 138, 1392, 573, 138, 0, 0, 0, 0, 0, 0, 0, 0, 0, 0, 0, 0, 0],
[990, 131, 182, 1262, 423, 1577, 0, 0, 0, 0, 0, 0, 0, 0, 0, 0, 0, 0, 0, 0],
[990, 131, 875, 1574, 490, 1613, 1407, 491, 930, 1218, 816, 1052, 0, 0, 0, 0, 0, 0, 0, 0],
[990, 131, 1604, 941, 0, 0, 0, 0, 0, 0, 0, 0, 0, 0, 0, 0, 0, 0, 0, 0],
[990, 131, 849, 1412, 0, 0, 0, 0, 0, 0, 0, 0, 0, 0, 0, 0, 0, 0, 0, 0],
[1430, 931, 321, 1397, 33, 717, 720, 653, 1591, 73, 1012, 1430, 1392, 0, 0, 0, 0, 0, 0, 0],
[990, 131, 38, 616, 306, 0, 0, 0, 0, 0, 0, 0, 0, 0, 0, 0, 0, 0, 0, 0],
[990, 131, 432, 1291, 450, 922, 321, 249, 235, 528, 859, 1582, 0, 0, 0, 0, 0, 0, 0, 0],
[990, 131, 270, 0, 0, 0, 0, 0, 0, 0, 0, 0, 0, 0, 0, 0, 0, 0, 0, 0],
[990, 131, 486, 340, 486, 765, 0, 0, 0, 0, 0, 0, 0, 0, 0, 0, 0, 0, 0, 0],
[990, 131, 1313, 1381, 304, 1328, 1414, 317, 835, 971, 1060, 933, 0, 0, 0, 0, 0, 0, 0, 0],
[990, 131, 1404, 930, 475, 0, 0, 0, 0, 0, 0, 0, 0, 0, 0, 0, 0, 0, 0, 0],
[990, 131, 616, 611, 653, 1591, 1313, 1381, 1458, 1012, 875, 661, 0, 0, 0, 0, 0, 0, 0, 0],
[990, 131, 728, 859, 765, 1591, 0, 0, 0, 0, 0, 0, 0, 0, 0, 0, 0, 0, 0, 0],
[990, 131, 1363, 280, 854, 0, 0, 0, 0, 0, 0, 0, 0, 0, 0, 0, 0, 0, 0, 0],
[990, 131, 616, 0, 0, 0, 0, 0, 0, 0, 0, 0, 0, 0, 0, 0, 0, 0, 0, 0],
[990, 131, 325, 1110, 707, 1418, 1335, 0, 0, 0, 0, 0, 0, 0, 0, 0, 0, 0, 0, 0],
[1430, 107, 1457, 184, 1491, 1311, 1012, 1313, 661, 1381, 1458, 1430, 720, 392, 1012, 1392, 0, 0, 0, 0],
[990, 131, 1073, 1288, 1574, 1555, 0, 0, 0, 0, 0, 0, 0, 0, 0, 0, 0, 0, 0, 0],
[990, 131, 930, 1218, 1407, 796, 435, 879, 1591, 992, 1254, 262, 374, 0, 0, 0, 0, 0, 0, 0],
[990, 131, 1102, 301, 851, 720, 598, 59, 1508, 0, 0, 0, 0, 0, 0, 0, 0, 0, 0, 0],
[990, 131, 1349, 994, 1254, 621, 0, 0, 0, 0, 0, 0, 0, 0, 0, 0, 0, 0, 0, 0],
[990, 131, 1565, 1600, 1083, 729, 720, 0, 0, 0, 0, 0, 0, 0, 0, 0, 0, 0, 0, 0],
[990, 131, 552, 552, 0, 0, 0, 0, 0, 0, 0, 0, 0, 0, 0, 0, 0, 0, 0, 0],
[990, 131, 720, 1574, 623, 253, 1142, 1371, 313, 512, 4, 1142, 1613, 1127, 661, 0, 0, 0, 0, 0],
[715, 1446, 967, 1029, 1420, 503, 0, 0, 0, 0, 0, 0, 0, 0, 0, 0, 0, 0, 0, 0],
[990, 131, 391, 115, 460, 830, 262, 1361, 818, 849, 854, 0, 0, 0, 0, 0, 0, 0, 0, 0],
[990, 131, 307, 1125, 1294, 0, 0, 0, 0, 0, 0, 0, 0, 0, 0, 0, 0, 0, 0, 0],
[990, 131, 1475, 720, 988, 922, 1283, 1047, 922, 990, 239, 0, 0, 0, 0, 0, 0, 0, 0, 0],
[990, 131, 1144, 1069, 173, 518, 1473, 0, 0, 0, 0, 0, 0, 0, 0, 0, 0, 0, 0, 0],
[990, 131, 394, 183, 392, 73, 0, 0, 0, 0, 0, 0, 0, 0, 0, 0, 0, 0, 0, 0],
[990, 131, 1574, 166, 1464, 1185, 393, 399, 1195, 124, 0, 0, 0, 0, 0, 0, 0, 0, 0, 0],
[990, 131, 321, 1044, 795, 635, 965, 956, 1279, 1254, 1024, 493, 643, 0, 0, 0, 0, 0, 0, 0],
[990, 131, 1574, 183, 989, 990, 0, 0, 0, 0, 0, 0, 0, 0, 0, 0, 0, 0, 0, 0],
[715, 1446, 674, 0, 0, 0, 0, 0, 0, 0, 0, 0, 0, 0, 0, 0, 0, 0, 0, 0],
[990, 131, 876, 720, 1611, 1129, 1610, 1159, 1187, 215, 414, 875, 1279, 0, 0, 0, 0, 0, 0, 0],
[990, 131, 1004, 1457, 1407, 504, 0, 0, 0, 0, 0, 0, 0, 0, 0, 0, 0, 0, 0, 0],
[990, 131, 316, 220, 1492, 936, 0, 0, 0, 0, 0, 0, 0, 0, 0, 0, 0, 0, 0, 0],
[990, 131, 426, 238, 1115, 364, 805, 66, 512, 0, 0, 0, 0, 0, 0, 0, 0, 0, 0, 0],
[990, 131, 1268, 1464, 0, 0, 0, 0, 0, 0, 0, 0, 0, 0, 0, 0, 0, 0, 0, 0],
[990, 131, 1135, 875, 1611, 1571, 250, 144, 1142, 1552, 1131, 1259, 977, 513, 0, 0, 0, 0, 0, 0],
[990, 131, 593, 1265, 434, 1530, 994, 515, 1570, 190, 638, 513, 0, 0, 0, 0, 0, 0, 0, 0],
[990, 131, 830, 262, 1361, 818, 703, 487, 0, 0, 0, 0, 0, 0, 0, 0, 0, 0, 0, 0],
[990, 131, 1491, 1491, 214, 750, 262, 1361, 0, 0, 0, 0, 0, 0, 0, 0, 0, 0, 0, 0],
[990, 131, 823, 209, 200, 1096, 1577, 191, 321, 1172, 1047, 1591, 0, 0, 0, 0, 0, 0, 0, 0],
[967, 392, 165, 365, 106, 967, 1288, 30, 607, 1027, 1035, 296, 1002, 235, 235, 730, 1223, 0, 0, 0],
[990, 131, 1412, 1412, 374, 1320, 214, 451, 262, 1361, 818, 104, 1109, 1037, 1037, 0, 0, 0, 0, 0],
[990, 131, 426, 1591, 30, 720, 396, 967, 649, 1326, 875, 1475, 152, 122, 551, 396, 0, 0, 0, 0],
[967, 392, 392, 514, 967, 772, 1100, 1557, 1357, 906, 1594, 0, 0, 0, 0, 0, 0, 0, 0, 0],
[715, 1446, 990, 131, 967, 1407, 1588, 0, 0, 0, 0, 0, 0, 0, 0, 0, 0, 0, 0, 0],
[990, 131, 931, 1292, 611, 209, 1588, 515, 124, 1507, 991, 1320, 599, 1392, 304, 1379, 0, 0, 0, 0],
[990, 131, 1470, 452, 1448, 706, 1282, 449, 1362, 1026, 258, 1060, 907, 990, 131, 0, 0, 0, 0, 0],
[990, 131, 831, 39, 591, 184, 830, 262, 1361, 818, 595, 995, 1491, 987, 1457, 1491, 0, 0, 0, 0],
[990, 131, 1092, 1265, 1101, 1206, 0, 0, 0, 0, 0, 0, 0, 0, 0, 0, 0, 0, 0, 0],
[990, 131, 1111, 1425, 1251, 814, 630, 875, 0, 0, 0, 0, 0, 0, 0, 0, 0, 0, 0, 0],
[990, 131, 750, 1416, 922, 0, 0, 0, 0, 0, 0, 0, 0, 0, 0, 0, 0, 0, 0, 0],
[990, 131, 189, 1156, 1615, 1475, 805, 1461, 832, 50, 1382, 1218, 124, 0, 0, 0, 0, 0, 0, 0],
[990, 131, 933, 1586, 971, 1577, 216, 1143, 1344, 0, 0, 0, 0, 0, 0, 0, 0, 0, 0, 0],
[990, 131, 930, 1008, 0, 0, 0, 0, 0, 0, 0, 0, 0, 0, 0, 0, 0, 0, 0, 0],
[990, 131, 593, 1613, 733, 1140, 720, 851, 0, 0, 0, 0, 0, 0, 0, 0, 0, 0, 0, 0],
[1430, 710, 720, 392, 73, 1012, 1273, 923, 0, 0, 0, 0, 0, 0, 0, 0, 0, 0, 0, 0],
[990, 131, 538, 971, 731, 706, 653, 1586, 806, 183, 0, 0, 0, 0, 0, 0, 0, 0, 0, 0],
[990, 131, 856, 1127, 1591, 720, 138, 1248, 124, 1035, 1316, 1589, 798, 896, 1588, 535, 0, 0, 0, 0],
[990, 131, 1282, 917, 573, 138, 107, 720, 739, 1274, 1292, 1392, 1591, 653, 0, 0, 0, 0, 0, 0],
[990, 131, 1012, 216, 573, 1386, 479, 45, 860, 0, 0, 0, 0, 0, 0, 0, 0, 0, 0, 0],
[990, 131, 1012, 216, 573, 1386, 1203, 1298, 860, 0, 0, 0, 0, 0, 0, 0, 0, 0, 0, 0],
[990, 131, 593, 849, 241, 250, 1361, 818, 1254, 0, 0, 0, 0, 0, 0, 0, 0, 0, 0, 0],
[990, 131, 1012, 216, 573, 1386, 1203, 45, 860, 0, 0, 0, 0, 0, 0, 0, 0, 0, 0, 0],
[990, 131, 1325, 1611, 0, 0, 0, 0, 0, 0, 0, 0, 0, 0, 0, 0, 0, 0, 0, 0],
[990, 131, 809, 990, 262, 721, 616, 1024, 493, 1457, 1491, 1441, 0, 0, 0, 0, 0, 0, 0, 0],
[990, 131, 313, 395, 512, 1316, 1009, 0, 0, 0, 0, 0, 0, 0, 0, 0, 0, 0, 0, 0],
[990, 131, 1039, 1265, 297, 0, 0, 0, 0, 0, 0, 0, 0, 0, 0, 0, 0, 0, 0, 0],
[990, 131, 814, 851, 808, 796, 720, 0, 0, 0, 0, 0, 0, 0, 0, 0, 0, 0, 0, 0],
[990, 131, 814, 851, 808, 796, 556, 0, 0, 0, 0, 0, 0, 0, 0, 0, 0, 0, 0, 0],
[990, 131, 1254, 830, 45, 0, 0, 0, 0, 0, 0, 0, 0, 0, 0, 0, 0, 0, 0, 0],
[990, 131, 464, 1563, 1457, 1491, 1361, 1491, 464, 1464, 1348, 0, 0, 0, 0, 0, 0, 0, 0, 0],
[990, 131, 509, 1448, 1577, 50, 1382, 1577, 682, 1306, 393, 1307, 209, 1143, 0, 0, 0, 0, 0, 0],
[990, 131, 1170, 1361, 922, 573, 1279, 0, 0, 0, 0, 0, 0, 0, 0, 0, 0, 0, 0, 0],
[990, 131, 187, 278, 864, 790, 587, 1116, 1591, 281, 0, 0, 0, 0, 0, 0, 0, 0, 0, 0],
[990, 131, 851, 720, 573, 515, 453, 59, 1060, 933, 0, 0, 0, 0, 0, 0, 0, 0, 0, 0],
[990, 131, 124, 196, 124, 806, 1384, 199, 1027, 1251, 0, 0, 0, 0, 0, 0, 0, 0, 0, 0],
[990, 131, 509, 960, 653, 1591, 933, 1586, 971, 1568, 50, 1382, 189, 0, 0, 0, 0, 0, 0, 0],
[990, 131, 1457, 1491, 892, 401, 743, 222, 806, 309, 489, 568, 261, 0, 0, 0, 0, 0, 0, 0],
[990, 131, 829, 830, 1361, 818, 0, 0, 0, 0, 0, 0, 0, 0, 0, 0, 0, 0, 0, 0],
[990, 131, 894, 789, 405, 727, 1142, 67, 720, 1268, 1343, 608, 859, 0, 0, 0, 0, 0, 0, 0],
[990, 131, 843, 1425, 1588, 0, 0, 0, 0, 0, 0, 0, 0, 0, 0, 0, 0, 0, 0, 0],
[990, 131, 1349, 343, 1033, 1577, 50, 1382, 26, 661, 1510, 0, 0, 0, 0, 0, 0, 0, 0, 0],
[990, 131, 1496, 166, 1528, 1610, 1392, 523, 308, 1165, 724, 1424, 1496, 0, 0, 0, 0, 0, 0, 0],
[990, 131, 666, 1001, 1591, 7, 493, 750, 806, 1210, 124, 895, 0, 0, 0, 0, 0, 0, 0, 0],
[990, 131, 136, 1610, 1591, 720, 1591, 490, 0, 0, 0, 0, 0, 0, 0, 0, 0, 0, 0, 0],
[990, 131, 88, 1526, 814, 720, 922, 429, 104, 719, 859, 515, 1204, 0, 0, 0, 0, 0, 0, 0],
[990, 131, 1265, 1260, 504, 720, 720, 412, 1482, 0, 0, 0, 0, 0, 0, 0, 0, 0, 0, 0],
[990, 131, 1392, 343, 392, 1533, 1027, 1533, 503, 138, 1576, 401, 790, 0, 0, 0, 0, 0, 0, 0],
[990, 131, 1058, 1058, 973, 1058, 0, 0, 0, 0, 0, 0, 0, 0, 0, 0, 0, 0, 0, 0],
[990, 131, 1445, 507, 1217, 1313, 1320, 764, 620, 166, 931, 604, 1219, 610, 895, 0, 0, 0, 0, 0],
[990, 131, 1430, 931, 107, 1457, 1491, 321, 1530, 209, 720, 653, 1591, 73, 1012, 990, 1491, 0, 0, 0],
[990, 131, 877, 675, 943, 0, 0, 0, 0, 0, 0, 0, 0, 0, 0, 0, 0, 0, 0, 0],
[990, 131, 104, 577, 185, 464, 445, 990, 343, 0, 0, 0, 0, 0, 0, 0, 0, 0, 0, 0],
[990, 131, 1430, 107, 1457, 1491, 321, 1574, 720, 418, 1209, 347, 543, 0, 0, 0, 0, 0, 0, 0],
[990, 131, 84, 1621, 1561, 104, 1423, 1598, 761, 1280, 825, 992, 1386, 776, 0, 0, 0, 0, 0, 0],
[1430, 931, 107, 1457, 1491, 321, 1530, 209, 720, 653, 1591, 73, 1012, 830, 262, 1361, 818, 0, 0, 0],
[990, 131, 990, 1464, 1110, 781, 266, 335, 1110, 830, 1468, 1464, 1083, 168, 1378, 0, 0, 0, 0, 0],
[990, 131, 708, 632, 1589, 1295, 967, 392, 0, 0, 0, 0, 0, 0, 0, 0, 0, 0, 0, 0],
[990, 131, 138, 1060, 933, 50, 1382, 189, 0, 0, 0, 0, 0, 0, 0, 0, 0, 0, 0, 0],
[990, 131, 59, 1304, 830, 653, 1591, 1218, 124, 0, 0, 0, 0, 0, 0, 0, 0, 0, 0, 0],
[990, 131, 672, 0, 0, 0, 0, 0, 0, 0, 0, 0, 0, 0, 0, 0, 0, 0, 0, 0],
[990, 131, 217, 104, 1254, 990, 783, 189, 0, 0, 0, 0, 0, 0, 0, 0, 0, 0, 0, 0],
[990, 131, 280, 431, 720, 789, 661, 710, 553, 971, 1521, 0, 0, 0, 0, 0, 0, 0, 0, 0],
[990, 131, 124, 1355, 720, 124, 785, 1596, 1577, 248, 0, 0, 0, 0, 0, 0, 0, 0, 0, 0],
[990, 131, 247, 719, 1480, 1331, 1574, 1492, 1156, 820, 345, 0, 0, 0, 0, 0, 0, 0, 0, 0],
[990, 131, 262, 0, 0, 0, 0, 0, 0, 0, 0, 0, 0, 0, 0, 0, 0, 0, 0, 0],
[990, 131, 253, 1392, 558, 15, 515, 989, 610, 865, 364, 0, 0, 0, 0, 0, 0, 0, 0, 0],
[990, 131, 1565, 217, 861, 214, 1393, 1314, 164, 314, 623, 0, 0, 0, 0, 0, 0, 0, 0, 0],
[990, 131, 1340, 610, 823, 1117, 971, 137, 1234, 81, 1093, 971, 585, 1503, 0, 0, 0, 0, 0, 0],
[990, 131, 124, 785, 1577, 806, 124, 595, 68, 1381, 0, 0, 0, 0, 0, 0, 0, 0, 0, 0],
[990, 131, 107, 262, 1361, 818, 616, 1188, 1279, 138, 720, 0, 0, 0, 0, 0, 0, 0, 0, 0],
[990, 131, 1274, 509, 138, 933, 1586, 971, 0, 0, 0, 0, 0, 0, 0, 0, 0, 0, 0, 0],
[990, 131, 720, 392, 859, 160, 421, 0, 0, 0, 0, 0, 0, 0, 0, 0, 0, 0, 0, 0],
[990, 131, 335, 1420, 1215, 965, 1127, 191, 823, 729, 1457, 507, 504, 0, 0, 0, 0, 0, 0, 0],
[990, 131, 451, 1604, 1190, 550, 162, 0, 0, 0, 0, 0, 0, 0, 0, 0, 0, 0, 0, 0],
[990, 131, 199, 1027, 1348, 1361, 1611, 573, 1024, 874, 0, 0, 0, 0, 0, 0, 0, 0, 0, 0],
[107, 739, 1568, 1060, 933, 1208, 653, 1568, 81, 1340, 823, 720, 571, 801, 1234, 1568, 348, 0, 0, 0],
[990, 131, 720, 560, 1093, 971, 124, 930, 1218, 1601, 104, 0, 0, 0, 0, 0, 0, 0, 0, 0],
[990, 131, 199, 1027, 138, 191, 107, 1361, 1279, 217, 377, 1130, 0, 0, 0, 0, 0, 0, 0, 0],
[990, 131, 679, 213, 1296, 745, 387, 534, 1434, 0, 0, 0, 0, 0, 0, 0, 0, 0, 0, 0],
[990, 131, 1254, 166, 262, 1361, 1611, 981, 21, 187, 253, 966, 1142, 1010, 1611, 0, 0, 0, 0, 0],
[990, 131, 1110, 607, 1142, 1334, 512, 1110, 0, 0, 0, 0, 0, 0, 0, 0, 0, 0, 0, 0],
[990, 131, 389, 507, 170, 739, 321, 1574, 1464, 1185, 0, 0, 0, 0, 0, 0, 0, 0, 0, 0],
[990, 131, 990, 131, 1082, 1327, 292, 1265, 1111, 1166, 1482, 720, 1611, 0, 0, 0, 0, 0, 0, 0],
[990, 131, 88, 262, 1361, 818, 358, 331, 573, 236, 1125, 331, 0, 0, 0, 0, 0, 0, 0, 0],
[990, 131, 407, 1464, 392, 587, 1432, 719, 1591, 458, 740, 0, 0, 0, 0, 0, 0, 0, 0, 0],
[990, 131, 1430, 491, 1600, 613, 1218, 1496, 0, 0, 0, 0, 0, 0, 0, 0, 0, 0, 0, 0],
[990, 131, 1142, 1229, 138, 839, 1574, 446, 990, 493, 1497, 0, 0, 0, 0, 0, 0, 0, 0, 0],
[990, 131, 1104, 967, 0, 0, 0, 0, 0, 0, 0, 0, 0, 0, 0, 0, 0, 0, 0, 0],
[990, 131, 253, 653, 1430, 1123, 1101, 613, 865, 107, 720, 922, 0, 0, 0, 0, 0, 0, 0, 0],
[990, 131, 60, 651, 1206, 1360, 0, 0, 0, 0, 0, 0, 0, 0, 0, 0, 0, 0, 0, 0],
[990, 131, 399, 1195, 1131, 1361, 1611, 166, 933, 1586, 971, 1131, 964, 262, 1361, 1611, 0, 0, 0, 0],
[990, 131, 1392, 1411, 248, 720, 1375, 734, 1574, 1464, 1185, 0, 0, 0, 0, 0, 0, 0, 0, 0],
[990, 131, 166, 933, 1586, 971, 573, 1058, 1127, 661, 772, 209, 138, 1127, 661, 107, 19, 0, 0, 0],
[990, 131, 920, 393, 720, 124, 806, 0, 0, 0, 0, 0, 0, 0, 0, 0, 0, 0, 0, 0],
[990, 131, 1392, 1411, 248, 720, 1375, 734, 0, 0, 0, 0, 0, 0, 0, 0, 0, 0, 0, 0],
[990, 131, 1457, 1491, 1430, 1131, 1448, 720, 706, 1457, 209, 300, 0, 0, 0, 0, 0, 0, 0, 0],
[990, 131, 1142, 1573, 1229, 1142, 720, 1475, 0, 0, 0, 0, 0, 0, 0, 0, 0, 0, 0, 0],
[990, 131, 990, 131, 520, 1265, 172, 0, 0, 0, 0, 0, 0, 0, 0, 0, 0, 0, 0, 0],
[990, 131, 318, 0, 0, 0, 0, 0, 0, 0, 0, 0, 0, 0, 0, 0, 0, 0, 0, 0],
[990, 131, 1060, 933, 1501, 923, 1186, 0, 0, 0, 0, 0, 0, 0, 0, 0, 0, 0, 0, 0],
[990, 131, 45, 1502, 0, 0, 0, 0, 0, 0, 0, 0, 0, 0, 0, 0, 0, 0, 0, 0],
[990, 131, 907, 719, 772, 318, 610, 232, 262, 1361, 718, 0, 0, 0, 0, 0, 0, 0, 0, 0],
[990, 131, 280, 111, 1246, 1288, 66, 1475, 1293, 1610, 1574, 1464, 1185, 0, 0, 0, 0, 0, 0, 0],
[990, 131, 770, 904, 140, 1395, 1369, 104, 131, 0, 0, 0, 0, 0, 0, 0, 0, 0, 0, 0],
[990, 131, 1265, 1407, 922, 1313, 0, 0, 0, 0, 0, 0, 0, 0, 0, 0, 0, 0, 0, 0],
[990, 131, 0, 0, 0, 0, 0, 0, 0, 0, 0, 0, 0, 0, 0, 0, 0, 0, 0, 0],
[990, 131, 117, 1611, 498, 283, 1571, 959, 1049, 0, 0, 0, 0, 0, 0, 0, 0, 0, 0, 0],
[990, 131, 990, 772, 1058, 187, 0, 0, 0, 0, 0, 0, 0, 0, 0, 0, 0, 0, 0, 0],
[1430, 107, 1457, 1491, 321, 1530, 209, 720, 653, 1591, 73, 1012, 830, 262, 1361, 818, 0, 0, 0, 0],
[990, 131, 1496, 1597, 824, 297, 1060, 933, 0, 0, 0, 0, 0, 0, 0, 0, 0, 0, 0, 0],
[990, 131, 49, 1397, 739, 1507, 796, 860, 1127, 278, 0, 0, 0, 0, 0, 0, 0, 0, 0, 0],
[990, 131, 1325, 1325, 1127, 191, 0, 0, 0, 0, 0, 0, 0, 0, 0, 0, 0, 0, 0, 0],
[107, 1397, 739, 1568, 1012, 1234, 1208, 653, 1568, 81, 1340, 823, 917, 720, 1568, 348, 0, 0, 0, 0],
[990, 131, 720, 859, 582, 772, 1127, 1380, 138, 1262, 1345, 1575, 0, 0, 0, 0, 0, 0, 0, 0],
[990, 131, 94, 191, 1334, 436, 1132, 812, 0, 0, 0, 0, 0, 0, 0, 0, 0, 0, 0, 0],
[990, 131, 217, 1588, 515, 447, 0, 0, 0, 0, 0, 0, 0, 0, 0, 0, 0, 0, 0, 0],
[990, 131, 16, 403, 0, 0, 0, 0, 0, 0, 0, 0, 0, 0, 0, 0, 0, 0, 0, 0],
[990, 131, 322, 897, 1405, 242, 46, 897, 0, 0, 0, 0, 0, 0, 0, 0, 0, 0, 0, 0],
[990, 131, 1623, 138, 1334, 1001, 971, 0, 0, 0, 0, 0, 0, 0, 0, 0, 0, 0, 0, 0],
[990, 131, 739, 1611, 1491, 0, 0, 0, 0, 0, 0, 0, 0, 0, 0, 0, 0, 0, 0, 0],
[990, 131, 917, 720, 1568, 1506, 1088, 739, 0, 0, 0, 0, 0, 0, 0, 0, 0, 0, 0, 0],
[990, 131, 739, 107, 0, 0, 0, 0, 0, 0, 0, 0, 0, 0, 0, 0, 0, 0, 0, 0],
[107, 1397, 739, 1568, 1012, 1234, 1208, 653, 1568, 81, 1340, 823, 917, 720, 1568, 348, 0, 0, 0, 0],
[990, 131, 902, 1559, 280, 263, 679, 1139, 1406, 0, 0, 0, 0, 0, 0, 0, 0, 0, 0, 0],
[990, 131, 1261, 30, 1142, 393, 1430, 1058, 209, 0, 0, 0, 0, 0, 0, 0, 0, 0, 0, 0],
[990, 131, 1407, 860, 1328, 0, 0, 0, 0, 0, 0, 0, 0, 0, 0, 0, 0, 0, 0, 0],
[990, 131, 280, 619, 1027, 1083, 222, 393, 1140, 720, 1350, 1106, 0, 0, 0, 0, 0, 0, 0, 0],
[990, 131, 990, 228, 1425, 992, 1008, 0, 0, 0, 0, 0, 0, 0, 0, 0, 0, 0, 0, 0],
[990, 131, 814, 720, 1108, 0, 0, 0, 0, 0, 0, 0, 0, 0, 0, 0, 0, 0, 0, 0],
[990, 131, 1437, 220, 1261, 1328, 860, 1613, 253, 0, 0, 0, 0, 0, 0, 0, 0, 0, 0, 0],
[990, 131, 720, 138, 1117, 971, 1206, 1328, 384, 844, 0, 0, 0, 0, 0, 0, 0, 0, 0, 0],
[990, 131, 1430, 965, 515, 1558, 203, 1420, 1373, 1326, 105, 1167, 0, 0, 0, 0, 0, 0, 0, 0],
[990, 131, 262, 720, 26, 384, 1523, 714, 1347, 0, 0, 0, 0, 0, 0, 0, 0, 0, 0, 0]
