[710, 1727, 1586, 286, 1416, 1029, 558, 558, 1648, 847, 991, 0, 0, 0, 0, 0, 0, 0, 0, 0],
[710, 1727, 1719, 90, 51, 1649, 1719, 600, 310, 1219, 1719, 0, 0, 0, 0, 0, 0, 0, 0, 0],
[710, 1727, 286, 1386, 985, 161, 1769, 704, 0, 0, 0, 0, 0, 0, 0, 0, 0, 0, 0, 0],
[710, 1727, 1169, 577, 464, 306, 0, 0, 0, 0, 0, 0, 0, 0, 0, 0, 0, 0, 0, 0],
[129, 1290, 286, 518, 1280, 938, 282, 902, 1504, 1027, 260, 1504, 1720, 260, 518, 1719, 0, 0, 0, 0],
[710, 1727, 1181, 451, 416, 1038, 1004, 1404, 495, 747, 744, 0, 0, 0, 0, 0, 0, 0, 0, 0],
[1149, 779, 683, 544, 961, 506, 1091, 286, 51, 1700, 113, 464, 71, 1149, 779, 0, 0, 0, 0, 0],
[710, 1727, 1773, 1088, 306, 1610, 1386, 403, 516, 681, 0, 0, 0, 0, 0, 0, 0, 0, 0, 0],
[710, 1727, 602, 942, 991, 306, 1022, 403, 1006, 1025, 306, 147, 332, 0, 0, 0, 0, 0, 0, 0],
[710, 1727, 980, 1504, 596, 1751, 1283, 0, 0, 0, 0, 0, 0, 0, 0, 0, 0, 0, 0, 0],
[710, 1727, 1437, 1172, 423, 1295, 231, 710, 0, 0, 0, 0, 0, 0, 0, 0, 0, 0, 0, 0],
[710, 1727, 1537, 799, 1226, 1237, 1316, 0, 0, 0, 0, 0, 0, 0, 0, 0, 0, 0, 0, 0],
[710, 1727, 910, 1563, 866, 378, 603, 711, 710, 1727, 472, 0, 0, 0, 0, 0, 0, 0, 0, 0],
[710, 1727, 1405, 1519, 1003, 1026, 292, 136, 0, 0, 0, 0, 0, 0, 0, 0, 0, 0, 0, 0],
[710, 1727, 987, 710, 1727, 1706, 1006, 728, 7, 1514, 69, 0, 0, 0, 0, 0, 0, 0, 0, 0],
[710, 1727, 1434, 592, 1579, 1206, 1088, 0, 0, 0, 0, 0, 0, 0, 0, 0, 0, 0, 0, 0],
[710, 1727, 231, 260, 518, 0, 0, 0, 0, 0, 0, 0, 0, 0, 0, 0, 0, 0, 0, 0],
[710, 1727, 413, 1591, 1418, 364, 306, 1218, 914, 1610, 0, 0, 0, 0, 0, 0, 0, 0, 0, 0],
[1149, 779, 1537, 1771, 1049, 646, 1170, 430, 0, 0, 0, 0, 0, 0, 0, 0, 0, 0, 0, 0],
[710, 1727, 1648, 558, 1755, 0, 0, 0, 0, 0, 0, 0, 0, 0, 0, 0, 0, 0, 0, 0],
[710, 1727, 792, 1357, 1564, 286, 518, 592, 246, 430, 423, 596, 277, 0, 0, 0, 0, 0, 0, 0],
[129, 460, 1181, 456, 1434, 286, 985, 577, 1280, 938, 282, 1504, 1027, 260, 1504, 1720, 260, 518, 1386, 1686],
[1149, 779, 619, 430, 104, 1537, 844, 11, 0, 0, 0, 0, 0, 0, 0, 0, 0, 0, 0, 0],
[710, 1727, 730, 319, 577, 0, 0, 0, 0, 0, 0, 0, 0, 0, 0, 0, 0, 0, 0, 0],
[710, 1727, 1540, 321, 931, 1009, 156, 456, 413, 0, 0, 0, 0, 0, 0, 0, 0, 0, 0, 0],
[710, 1727, 192, 1521, 1398, 1124, 1386, 1598, 443, 0, 0, 0, 0, 0, 0, 0, 0, 0, 0, 0],
[710, 1727, 1504, 1751, 672, 132, 1085, 0, 0, 0, 0, 0, 0, 0, 0, 0, 0, 0, 0, 0],
[710, 1727, 1141, 460, 424, 989, 286, 518, 1141, 129, 686, 1227, 132, 1622, 989, 602, 0, 0, 0, 0],
[710, 1727, 1210, 1576, 486, 620, 1227, 1150, 1025, 271, 0, 0, 0, 0, 0, 0, 0, 0, 0, 0],
[260, 518, 286, 1170, 430, 620, 1227, 1525, 1396, 1602, 0, 0, 0, 0, 0, 0, 0, 0, 0, 0],
[710, 1727, 361, 1602, 736, 286, 1271, 773, 1578, 990, 180, 686, 1227, 132, 1622, 989, 0, 0, 0, 0],
[710, 1727, 1586, 577, 387, 1773, 1103, 1386, 923, 213, 1504, 998, 244, 322, 0, 0, 0, 0, 0, 0],
[1149, 779, 1746, 780, 617, 1267, 286, 676, 668, 1674, 1647, 286, 516, 0, 0, 0, 0, 0, 0, 0],
[710, 1727, 452, 17, 1563, 57, 1434, 57, 1181, 456, 1773, 286, 985, 577, 0, 0, 0, 0, 0, 0],
[710, 1727, 1423, 567, 1399, 1474, 284, 77, 0, 0, 0, 0, 0, 0, 0, 0, 0, 0, 0, 0],
[710, 1727, 1522, 148, 1187, 1012, 286, 1515, 1751, 1610, 1363, 1249, 1012, 286, 1786, 0, 0, 0, 0, 0],
[710, 1727, 360, 710, 1727, 1181, 667, 129, 931, 1775, 931, 1228, 620, 1227, 0, 0, 0, 0, 0, 0],
[710, 1727, 619, 1141, 16, 474, 92, 0, 0, 0, 0, 0, 0, 0, 0, 0, 0, 0, 0, 0],
[1149, 779, 647, 177, 873, 931, 88, 1537, 0, 0, 0, 0, 0, 0, 0, 0, 0, 0, 0, 0],
[710, 1727, 1169, 306, 11, 1141, 1605, 857, 77, 751, 0, 0, 0, 0, 0, 0, 0, 0, 0, 0],
[710, 1727, 1386, 992, 1206, 1743, 1185, 121, 286, 991, 754, 25, 1342, 560, 928, 0, 0, 0, 0, 0],
[710, 1727, 752, 286, 453, 1652, 1421, 1769, 704, 1537, 0, 0, 0, 0, 0, 0, 0, 0, 0, 0],
[710, 1727, 630, 149, 1702, 362, 1467, 1226, 1540, 84, 0, 0, 0, 0, 0, 0, 0, 0, 0, 0],
[710, 1727, 620, 1227, 548, 1660, 707, 0, 0, 0, 0, 0, 0, 0, 0, 0, 0, 0, 0, 0],
[710, 1727, 839, 0, 0, 0, 0, 0, 0, 0, 0, 0, 0, 0, 0, 0, 0, 0, 0, 0],
[710, 1727, 620, 1227, 548, 1660, 0, 0, 0, 0, 0, 0, 0, 0, 0, 0, 0, 0, 0, 0],
[710, 1727, 1012, 707, 175, 1249, 1637, 364, 1504, 1012, 614, 1172, 11, 1674, 0, 0, 0, 0, 0, 0],
[710, 1727, 1141, 74, 77, 1012, 286, 74, 1476, 1674, 1610, 992, 0, 0, 0, 0, 0, 0, 0, 0],
[710, 1727, 1715, 286, 1138, 592, 1264, 1517, 974, 1386, 1206, 0, 0, 0, 0, 0, 0, 0, 0, 0],
[710, 1727, 754, 649, 592, 306, 231, 710, 1727, 0, 0, 0, 0, 0, 0, 0, 0, 0, 0, 0],
[710, 1727, 1338, 681, 592, 992, 839, 1490, 923, 213, 381, 1285, 1271, 508, 710, 1448, 0, 0, 0, 0],
[710, 1727, 592, 12, 1747, 1761, 0, 0, 0, 0, 0, 0, 0, 0, 0, 0, 0, 0, 0, 0],
[710, 1727, 923, 213, 286, 1721, 707, 175, 672, 994, 707, 83, 0, 0, 0, 0, 0, 0, 0, 0],
[710, 1727, 195, 1697, 1488, 1227, 1170, 430, 0, 0, 0, 0, 0, 0, 0, 0, 0, 0, 0, 0],
[710, 1727, 839, 1537, 0, 0, 0, 0, 0, 0, 0, 0, 0, 0, 0, 0, 0, 0, 0, 0],
[710, 1727, 1034, 276, 766, 1131, 1266, 1563, 698, 55, 1360, 1206, 1674, 0, 0, 0, 0, 0, 0, 0],
[710, 1727, 0, 0, 0, 0, 0, 0, 0, 0, 0, 0, 0, 0, 0, 0, 0, 0, 0, 0],
[260, 518, 286, 1170, 620, 1227, 1365, 985, 577, 1251, 1537, 1181, 162, 120, 1423, 89, 0, 0, 0, 0],
[710, 1727, 397, 888, 1088, 306, 69, 1428, 91, 1621, 238, 1773, 1786, 0, 0, 0, 0, 0, 0, 0],
[710, 1727, 1527, 931, 1388, 649, 1702, 1537, 1537, 886, 1551, 888, 1779, 0, 0, 0, 0, 0, 0, 0],
[710, 1727, 260, 417, 592, 290, 1069, 1402, 629, 0, 0, 0, 0, 0, 0, 0, 0, 0, 0, 0],
[1149, 779, 231, 120, 844, 1674, 341, 369, 416, 307, 213, 1504, 868, 0, 0, 0, 0, 0, 0, 0],
[710, 1727, 958, 1244, 12, 581, 485, 1563, 931, 1537, 469, 12, 85, 485, 1563, 931, 1537, 1605, 1584, 0],
[710, 1727, 231, 1504, 260, 596, 599, 1403, 1602, 602, 286, 342, 555, 306, 894, 1088, 0, 0, 0, 0],
[260, 518, 286, 1170, 620, 1227, 1181, 776, 1365, 985, 577, 1537, 1181, 162, 120, 1423, 89, 0, 0, 0],
[710, 1727, 1715, 1141, 1563, 456, 1773, 286, 1089, 1386, 1674, 612, 1390, 0, 0, 0, 0, 0, 0, 0],
[710, 1727, 129, 1441, 1671, 90, 51, 235, 1579, 322, 92, 676, 1731, 649, 1786, 0, 0, 0, 0, 0],
[710, 1727, 1423, 260, 985, 124, 0, 0, 0, 0, 0, 0, 0, 0, 0, 0, 0, 0, 0, 0],
[710, 1727, 1531, 188, 1783, 565, 77, 592, 306, 577, 710, 1727, 1469, 533, 0, 0, 0, 0, 0, 0],
[1149, 779, 1569, 104, 577, 1537, 48, 892, 286, 0, 0, 0, 0, 0, 0, 0, 0, 0, 0, 0],
[710, 1727, 1182, 1623, 733, 1124, 1776, 1598, 364, 567, 0, 0, 0, 0, 0, 0, 0, 0, 0, 0],
[710, 1727, 710, 214, 433, 1338, 592, 992, 286, 105, 1504, 0, 0, 0, 0, 0, 0, 0, 0, 0],
[710, 1727, 1103, 1331, 733, 1047, 286, 548, 279, 1257, 0, 0, 0, 0, 0, 0, 0, 0, 0, 0],
[710, 1727, 158, 1227, 1012, 397, 1724, 744, 277, 1781, 744, 518, 0, 0, 0, 0, 0, 0, 0, 0],
[710, 1727, 987, 1226, 1141, 776, 826, 294, 408, 1124, 0, 0, 0, 0, 0, 0, 0, 0, 0, 0],
[710, 1727, 1667, 792, 418, 464, 0, 0, 0, 0, 0, 0, 0, 0, 0, 0, 0, 0, 0, 0],
[710, 1727, 602, 907, 264, 286, 260, 177, 477, 0, 0, 0, 0, 0, 0, 0, 0, 0, 0, 0],
[710, 1727, 791, 710, 1727, 619, 527, 286, 51, 1697, 1226, 0, 0, 0, 0, 0, 0, 0, 0, 0],
[710, 1727, 1423, 1476, 1114, 1504, 260, 518, 286, 700, 636, 0, 0, 0, 0, 0, 0, 0, 0, 0],
[710, 1727, 1423, 961, 286, 1168, 1668, 0, 0, 0, 0, 0, 0, 0, 0, 0, 0, 0, 0, 0],
[710, 1727, 0, 0, 0, 0, 0, 0, 0, 0, 0, 0, 0, 0, 0, 0, 0, 0, 0, 0],
[710, 1727, 904, 1504, 260, 0, 0, 0, 0, 0, 0, 0, 0, 0, 0, 0, 0, 0, 0, 0],
[1149, 779, 387, 512, 543, 424, 1537, 0, 0, 0, 0, 0, 0, 0, 0, 0, 0, 0, 0, 0],
[710, 1727, 132, 918, 90, 51, 1072, 707, 991, 286, 96, 1150, 826, 0, 0, 0, 0, 0, 0, 0],
[710, 1727, 1141, 1576, 486, 620, 1227, 1660, 1441, 0, 0, 0, 0, 0, 0, 0, 0, 0, 0, 0],
[710, 1727, 894, 1088, 306, 1338, 1780, 0, 0, 0, 0, 0, 0, 0, 0, 0, 0, 0, 0, 0],
[710, 1727, 602, 0, 0, 0, 0, 0, 0, 0, 0, 0, 0, 0, 0, 0, 0, 0, 0, 0],
[1149, 779, 992, 753, 1674, 1537, 1386, 930, 923, 1622, 1537, 1032, 0, 0, 0, 0, 0, 0, 0, 0],
[710, 1727, 619, 1537, 456, 1622, 1537, 0, 0, 0, 0, 0, 0, 0, 0, 0, 0, 0, 0, 0],
[710, 1727, 1088, 32, 0, 0, 0, 0, 0, 0, 0, 0, 0, 0, 0, 0, 0, 0, 0, 0],
[710, 1727, 838, 7, 548, 1386, 187, 563, 681, 1012, 423, 1249, 1172, 838, 681, 1141, 0, 0, 0, 0],
[710, 1727, 1184, 279, 1623, 676, 589, 260, 955, 548, 0, 0, 0, 0, 0, 0, 0, 0, 0, 0],
[710, 1727, 1066, 291, 1751, 516, 77, 1256, 676, 177, 260, 177, 0, 0, 0, 0, 0, 0, 0, 0],
[710, 1727, 1025, 710, 1123, 175, 962, 1662, 1308, 1193, 286, 51, 1441, 1306, 0, 0, 0, 0, 0, 0],
[710, 1727, 730, 1012, 996, 11, 883, 0, 0, 0, 0, 0, 0, 0, 0, 0, 0, 0, 0, 0],
[1149, 779, 1748, 1149, 779, 1504, 260, 1720, 518, 1103, 1127, 1572, 1051, 260, 177, 250, 0, 0, 0, 0],
[129, 460, 286, 518, 1304, 294, 1181, 456, 1434, 286, 985, 577, 1280, 938, 282, 0, 0, 0, 0, 0],
[710, 1727, 999, 710, 1727, 1476, 1504, 1780, 0, 0, 0, 0, 0, 0, 0, 0, 0, 0, 0, 0],
[710, 1727, 1748, 1149, 779, 1504, 260, 1720, 518, 1103, 1127, 1572, 1051, 260, 177, 250, 0, 0, 0, 0],
[710, 1727, 1226, 1103, 1322, 1565, 839, 105, 1727, 1721, 291, 518, 1181, 0, 0, 0, 0, 0, 0, 0],
[710, 1727, 1434, 704, 649, 1365, 577, 0, 0, 0, 0, 0, 0, 0, 0, 0, 0, 0, 0, 0],
[710, 1727, 231, 1504, 260, 596, 1191, 260, 1540, 378, 0, 0, 0, 0, 0, 0, 0, 0, 0, 0],
[710, 1727, 707, 175, 1181, 1476, 286, 1227, 1283, 364, 1144, 829, 0, 0, 0, 0, 0, 0, 0, 0],
[710, 1727, 1086, 1747, 1610, 1319, 0, 0, 0, 0, 0, 0, 0, 0, 0, 0, 0, 0, 0, 0],
[710, 1727, 619, 1052, 54, 1423, 1697, 1242, 1065, 1036, 1093, 1786, 0, 0, 0, 0, 0, 0, 0, 0],
[710, 1727, 646, 707, 175, 504, 752, 423, 1249, 722, 469, 1172, 0, 0, 0, 0, 0, 0, 0, 0],
[710, 1727, 968, 1025, 1745, 1606, 286, 504, 1226, 1386, 1619, 0, 0, 0, 0, 0, 0, 0, 0, 0],
[710, 1727, 1481, 973, 1088, 364, 606, 1088, 286, 888, 1388, 0, 0, 0, 0, 0, 0, 0, 0, 0],
[1149, 779, 619, 1537, 0, 0, 0, 0, 0, 0, 0, 0, 0, 0, 0, 0, 0, 0, 0, 0],
[710, 1727, 987, 531, 975, 1141, 1504, 1751, 721, 592, 306, 577, 0, 0, 0, 0, 0, 0, 0, 0],
[710, 1727, 412, 710, 617, 1265, 813, 539, 390, 881, 134, 0, 0, 0, 0, 0, 0, 0, 0, 0],
[710, 1727, 453, 547, 894, 1088, 0, 0, 0, 0, 0, 0, 0, 0, 0, 0, 0, 0, 0, 0],
[710, 1727, 232, 368, 1579, 1674, 286, 931, 0, 0, 0, 0, 0, 0, 0, 0, 0, 0, 0, 0],
[710, 1727, 1287, 12, 260, 518, 1660, 516, 77, 0, 0, 0, 0, 0, 0, 0, 0, 0, 0, 0],
[710, 1727, 1623, 592, 1268, 1317, 1315, 304, 711, 710, 1727, 0, 0, 0, 0, 0, 0, 0, 0, 0],
[710, 1727, 1141, 1181, 733, 286, 0, 0, 0, 0, 0, 0, 0, 0, 0, 0, 0, 0, 0, 0],
[710, 1727, 622, 1012, 497, 1296, 548, 11, 797, 583, 0, 0, 0, 0, 0, 0, 0, 0, 0, 0],
[1149, 779, 518, 979, 1748, 1674, 518, 1706, 1660, 707, 1660, 0, 0, 0, 0, 0, 0, 0, 0, 0],
[710, 1727, 821, 1656, 1181, 776, 1365, 1434, 577, 1536, 249, 1434, 676, 958, 1039, 1226, 0, 0, 0, 0],
[710, 1727, 12, 260, 151, 84, 416, 1685, 307, 364, 0, 0, 0, 0, 0, 0, 0, 0, 0, 0],
[710, 1727, 1485, 1036, 1124, 1719, 385, 831, 710, 1072, 548, 1497, 780, 0, 0, 0, 0, 0, 0, 0],
[710, 1727, 264, 306, 88, 91, 0, 0, 0, 0, 0, 0, 0, 0, 0, 0, 0, 0, 0, 0],
[710, 1727, 456, 641, 716, 91, 1166, 0, 0, 0, 0, 0, 0, 0, 0, 0, 0, 0, 0, 0],
[260, 518, 286, 1170, 620, 1227, 1181, 776, 1365, 985, 577, 1537, 0, 0, 0, 0, 0, 0, 0, 0],
[710, 1727, 493, 1227, 1441, 1596, 1205, 0, 0, 0, 0, 0, 0, 0, 0, 0, 0, 0, 0, 0],
[948, 260, 518, 260, 250, 0, 0, 0, 0, 0, 0, 0, 0, 0, 0, 0, 0, 0, 0, 0],
[710, 1727, 1256, 7, 214, 1606, 1227, 105, 213, 20, 178, 260, 1719, 672, 1088, 0, 0, 0, 0, 0],
[710, 1727, 860, 1075, 1752, 1606, 90, 826, 968, 232, 710, 831, 0, 0, 0, 0, 0, 0, 0, 0],
[710, 1727, 1090, 1626, 710, 12, 1538, 111, 1362, 1590, 286, 51, 931, 1181, 592, 12, 1747, 1761, 231, 0],
[710, 1727, 286, 1527, 306, 0, 0, 0, 0, 0, 0, 0, 0, 0, 0, 0, 0, 0, 0, 0],
[710, 1727, 451, 707, 175, 361, 1141, 187, 1782, 0, 0, 0, 0, 0, 0, 0, 0, 0, 0, 0],
[710, 1727, 1043, 518, 1047, 1504, 260, 1660, 1012, 431, 577, 0, 0, 0, 0, 0, 0, 0, 0, 0],
[710, 1727, 90, 1754, 1606, 1659, 269, 1724, 744, 0, 0, 0, 0, 0, 0, 0, 0, 0, 0, 0],
[1149, 779, 518, 979, 1748, 1674, 518, 1706, 1660, 0, 0, 0, 0, 0, 0, 0, 0, 0, 0, 0],
[710, 1727, 460, 909, 1721, 1206, 37, 1434, 0, 0, 0, 0, 0, 0, 0, 0, 0, 0, 0, 0],
[710, 1727, 232, 992, 1293, 1393, 104, 286, 0, 0, 0, 0, 0, 0, 0, 0, 0, 0, 0, 0],
[710, 1727, 12, 286, 1623, 930, 1062, 84, 364, 103, 364, 1266, 1610, 1354, 1283, 306, 0, 0, 0, 0],
[1149, 779, 1748, 1386, 1210, 0, 0, 0, 0, 0, 0, 0, 0, 0, 0, 0, 0, 0, 0, 0],
[710, 1727, 1388, 744, 755, 175, 834, 0, 0, 0, 0, 0, 0, 0, 0, 0, 0, 0, 0, 0],
[1149, 779, 176, 1095, 1199, 1674, 104, 577, 0, 0, 0, 0, 0, 0, 0, 0, 0, 0, 0, 0],
[129, 460, 1504, 1027, 260, 518, 1326, 828, 0, 0, 0, 0, 0, 0, 0, 0, 0, 0, 0, 0],
[1149, 779, 90, 826, 1364, 129, 0, 0, 0, 0, 0, 0, 0, 0, 0, 0, 0, 0, 0, 0],
[710, 1727, 1241, 364, 1266, 1242, 1025, 0, 0, 0, 0, 0, 0, 0, 0, 0, 0, 0, 0, 0],
[710, 1727, 1294, 232, 286, 1013, 1382, 682, 176, 216, 232, 1273, 579, 0, 0, 0, 0, 0, 0, 0],
[129, 460, 1181, 1012, 11, 1227, 451, 707, 175, 1596, 1264, 470, 0, 0, 0, 0, 0, 0, 0, 0],
[710, 1727, 187, 497, 1660, 0, 0, 0, 0, 0, 0, 0, 0, 0, 0, 0, 0, 0, 0, 0],
[710, 1727, 286, 518, 553, 0, 0, 0, 0, 0, 0, 0, 0, 0, 0, 0, 0, 0, 0, 0],
[710, 1727, 1391, 1102, 602, 955, 518, 0, 0, 0, 0, 0, 0, 0, 0, 0, 0, 0, 0, 0],
[710, 1727, 286, 518, 1686, 120, 105, 157, 485, 1293, 1393, 928, 0, 0, 0, 0, 0, 0, 0, 0],
[710, 1727, 191, 852, 960, 577, 0, 0, 0, 0, 0, 0, 0, 0, 0, 0, 0, 0, 0, 0],
[710, 1727, 364, 1776, 1747, 0, 0, 0, 0, 0, 0, 0, 0, 0, 0, 0, 0, 0, 0, 0],
[710, 1727, 1571, 710, 1141, 364, 1610, 1411, 1281, 968, 991, 1141, 1777, 1025, 1090, 0, 0, 0, 0, 0],
[710, 1727, 1619, 826, 364, 599, 0, 0, 0, 0, 0, 0, 0, 0, 0, 0, 0, 0, 0, 0],
[710, 1727, 559, 1706, 563, 1195, 710, 1476, 1502, 1504, 596, 586, 0, 0, 0, 0, 0, 0, 0, 0],
[710, 1727, 1066, 611, 0, 0, 0, 0, 0, 0, 0, 0, 0, 0, 0, 0, 0, 0, 0, 0],
[710, 1727, 284, 286, 485, 1537, 1537, 1537, 0, 0, 0, 0, 0, 0, 0, 0, 0, 0, 0, 0],
[710, 1727, 994, 710, 292, 1249, 664, 627, 277, 0, 0, 0, 0, 0, 0, 0, 0, 0, 0, 0],
[710, 1727, 1434, 403, 748, 383, 992, 1434, 79, 1738, 1434, 79, 38, 1386, 1771, 0, 0, 0, 0, 0],
[710, 1727, 1124, 1026, 1376, 1719, 814, 175, 826, 1052, 1642, 0, 0, 0, 0, 0, 0, 0, 0, 0],
[710, 1727, 60, 260, 518, 0, 0, 0, 0, 0, 0, 0, 0, 0, 0, 0, 0, 0, 0, 0],
[710, 1727, 1181, 456, 260, 104, 1434, 883, 777, 541, 75, 0, 0, 0, 0, 0, 0, 0, 0, 0],
[710, 1727, 1345, 505, 485, 460, 605, 0, 0, 0, 0, 0, 0, 0, 0, 0, 0, 0, 0, 0],
[710, 1727, 1537, 1586, 649, 0, 0, 0, 0, 0, 0, 0, 0, 0, 0, 0, 0, 0, 0, 0],
[710, 1727, 364, 1376, 1470, 590, 168, 286, 931, 364, 4, 981, 231, 0, 0, 0, 0, 0, 0, 0],
[710, 1727, 543, 98, 120, 1317, 933, 485, 1702, 518, 1358, 0, 0, 0, 0, 0, 0, 0, 0, 0],
[710, 1727, 407, 175, 826, 1508, 1223, 1274, 1052, 275, 586, 175, 1729, 0, 0, 0, 0, 0, 0, 0],
[710, 1727, 129, 518, 548, 1441, 11, 1660, 260, 518, 1751, 417, 1285, 490, 0, 0, 0, 0, 0, 0],
[710, 1727, 870, 231, 1345, 505, 801, 138, 1141, 923, 605, 0, 0, 0, 0, 0, 0, 0, 0, 0],
[710, 1727, 1447, 886, 0, 0, 0, 0, 0, 0, 0, 0, 0, 0, 0, 0, 0, 0, 0, 0],
[710, 1727, 1537, 286, 676, 932, 919, 1206, 403, 0, 0, 0, 0, 0, 0, 0, 0, 0, 0, 0],
[710, 1727, 88, 1469, 12, 518, 0, 0, 0, 0, 0, 0, 0, 0, 0, 0, 0, 0, 0, 0],
[710, 1727, 83, 650, 1417, 51, 565, 577, 1068, 0, 0, 0, 0, 0, 0, 0, 0, 0, 0, 0],
[1149, 779, 985, 694, 1714, 1283, 725, 149, 1613, 663, 0, 0, 0, 0, 0, 0, 0, 0, 0, 0],
[710, 1727, 364, 530, 405, 286, 1516, 0, 0, 0, 0, 0, 0, 0, 0, 0, 0, 0, 0, 0],
[710, 1727, 1012, 260, 1622, 1537, 931, 0, 0, 0, 0, 0, 0, 0, 0, 0, 0, 0, 0, 0],
[710, 1727, 883, 1016, 286, 1012, 1751, 1428, 1288, 810, 464, 1596, 1278, 1264, 1517, 0, 0, 0, 0, 0],
[710, 1727, 1226, 1376, 906, 286, 1566, 1012, 1747, 286, 931, 0, 0, 0, 0, 0, 0, 0, 0, 0],
[710, 1727, 212, 704, 1702, 596, 286, 0, 0, 0, 0, 0, 0, 0, 0, 0, 0, 0, 0, 0],
[710, 1727, 1537, 7, 563, 1089, 558, 485, 7, 375, 1072, 1537, 0, 0, 0, 0, 0, 0, 0, 0],
[710, 1727, 848, 681, 374, 318, 335, 12, 688, 0, 0, 0, 0, 0, 0, 0, 0, 0, 0, 0],
[710, 1727, 1254, 460, 931, 0, 0, 0, 0, 0, 0, 0, 0, 0, 0, 0, 0, 0, 0, 0],
[710, 1727, 286, 518, 260, 1686, 0, 0, 0, 0, 0, 0, 0, 0, 0, 0, 0, 0, 0, 0],
[710, 1727, 460, 1577, 286, 930, 129, 0, 0, 0, 0, 0, 0, 0, 0, 0, 0, 0, 0, 0],
[129, 460, 1181, 456, 1434, 286, 985, 577, 938, 368, 1671, 1606, 90, 826, 51, 286, 518, 1686, 0, 0],
[710, 1727, 700, 1090, 0, 0, 0, 0, 0, 0, 0, 0, 0, 0, 0, 0, 0, 0, 0, 0],
[710, 1727, 448, 633, 565, 77, 1441, 1776, 1598, 1610, 710, 0, 0, 0, 0, 0, 0, 0, 0, 0],
[710, 1727, 620, 1227, 1686, 0, 0, 0, 0, 0, 0, 0, 0, 0, 0, 0, 0, 0, 0, 0],
[710, 1727, 46, 591, 90, 203, 1731, 649, 602, 584, 592, 1747, 1761, 0, 0, 0, 0, 0, 0, 0],
[710, 1727, 371, 624, 1227, 286, 518, 1293, 1393, 1674, 592, 410, 1674, 0, 0, 0, 0, 0, 0, 0],
[710, 1727, 1702, 286, 518, 553, 0, 0, 0, 0, 0, 0, 0, 0, 0, 0, 0, 0, 0, 0],
[710, 1727, 931, 1434, 0, 0, 0, 0, 0, 0, 0, 0, 0, 0, 0, 0, 0, 0, 0, 0],
[710, 1727, 257, 0, 0, 0, 0, 0, 0, 0, 0, 0, 0, 0, 0, 0, 0, 0, 0, 0],
[710, 1727, 582, 1143, 916, 1537, 131, 1450, 1497, 0, 0, 0, 0, 0, 0, 0, 0, 0, 0, 0],
[710, 1727, 1440, 286, 5, 582, 1387, 1531, 1775, 1236, 1503, 838, 0, 0, 0, 0, 0, 0, 0, 0],
[710, 1727, 649, 1537, 763, 1579, 1386, 1266, 0, 0, 0, 0, 0, 0, 0, 0, 0, 0, 0, 0],
[710, 1727, 747, 35, 1227, 437, 286, 553, 1596, 990, 1738, 1504, 868, 518, 553, 0, 0, 0, 0, 0],
[710, 1727, 1375, 1537, 1386, 1786, 932, 1390, 1450, 1697, 1771, 0, 0, 0, 0, 0, 0, 0, 0, 0],
[710, 1727, 939, 1496, 744, 755, 90, 826, 1597, 1786, 0, 0, 0, 0, 0, 0, 0, 0, 0, 0],
[710, 1727, 286, 992, 307, 747, 97, 1227, 1579, 530, 624, 692, 1786, 0, 0, 0, 0, 0, 0, 0],
[710, 1727, 619, 710, 243, 1606, 90, 826, 1396, 314, 1271, 1371, 1731, 649, 0, 0, 0, 0, 0, 0],
[710, 1727, 1441, 1227, 518, 0, 0, 0, 0, 0, 0, 0, 0, 0, 0, 0, 0, 0, 0, 0],
[710, 1727, 1725, 286, 518, 1686, 129, 0, 0, 0, 0, 0, 0, 0, 0, 0, 0, 0, 0, 0],
[710, 1727, 286, 518, 1686, 1265, 1386, 1476, 1504, 260, 1602, 914, 1441, 376, 256, 0, 0, 0, 0, 0],
[710, 1727, 1724, 1388, 177, 0, 0, 0, 0, 0, 0, 0, 0, 0, 0, 0, 0, 0, 0, 0],
[710, 1727, 1531, 328, 1752, 1606, 90, 826, 328, 580, 1619, 0, 0, 0, 0, 0, 0, 0, 0, 0],
[710, 1727, 649, 0, 0, 0, 0, 0, 0, 0, 0, 0, 0, 0, 0, 0, 0, 0, 0, 0],
[710, 1727, 460, 371, 624, 1227, 286, 518, 0, 0, 0, 0, 0, 0, 0, 0, 0, 0, 0, 0],
[710, 1727, 448, 90, 51, 364, 344, 325, 421, 1404, 0, 0, 0, 0, 0, 0, 0, 0, 0, 0],
[710, 1727, 326, 488, 178, 1727, 710, 959, 274, 0, 0, 0, 0, 0, 0, 0, 0, 0, 0, 0],
[710, 1727, 1537, 286, 930, 688, 518, 1686, 0, 0, 0, 0, 0, 0, 0, 0, 0, 0, 0, 0],
[710, 1727, 602, 1141, 1052, 0, 0, 0, 0, 0, 0, 0, 0, 0, 0, 0, 0, 0, 0, 0],
[710, 1727, 286, 989, 1206, 710, 120, 1674, 637, 1491, 1685, 147, 307, 1504, 260, 518, 0, 0, 0, 0],
[710, 1727, 968, 1025, 1750, 311, 1226, 0, 0, 0, 0, 0, 0, 0, 0, 0, 0, 0, 0, 0],
[710, 1727, 1304, 1340, 0, 0, 0, 0, 0, 0, 0, 0, 0, 0, 0, 0, 0, 0, 0, 0],
[710, 1727, 1447, 1331, 930, 914, 1537, 931, 350, 1540, 1307, 505, 1606, 90, 826, 0, 0, 0, 0, 0],
[710, 1727, 930, 1181, 1141, 752, 1726, 197, 1303, 518, 1388, 854, 1181, 930, 1408, 494, 364, 83, 0, 0],
[710, 1727, 1181, 279, 914, 1365, 1537, 992, 909, 1089, 0, 0, 0, 0, 0, 0, 0, 0, 0, 0],
[710, 1727, 992, 1478, 1738, 1537, 914, 1769, 1674, 90, 51, 0, 0, 0, 0, 0, 0, 0, 0, 0],
[710, 1727, 874, 992, 453, 0, 0, 0, 0, 0, 0, 0, 0, 0, 0, 0, 0, 0, 0, 0],
[710, 1727, 224, 733, 424, 1598, 1306, 129, 1227, 0, 0, 0, 0, 0, 0, 0, 0, 0, 0, 0],
[710, 1727, 84, 12, 1404, 1123, 60, 1012, 286, 527, 1725, 935, 704, 599, 291, 991, 1436, 1747, 0, 0],
[710, 1727, 1293, 1393, 1660, 1504, 868, 0, 0, 0, 0, 0, 0, 0, 0, 0, 0, 0, 0, 0],
[710, 1727, 887, 1181, 780, 213, 909, 0, 0, 0, 0, 0, 0, 0, 0, 0, 0, 0, 0, 0],
[710, 1727, 1336, 565, 577, 978, 90, 1353, 548, 994, 1169, 1103, 1735, 1776, 432, 0, 0, 0, 0, 0],
[710, 1727, 346, 1660, 711, 1606, 90, 826, 1279, 1418, 1715, 0, 0, 0, 0, 0, 0, 0, 0, 0],
[710, 1727, 504, 1441, 88, 762, 0, 0, 0, 0, 0, 0, 0, 0, 0, 0, 0, 0, 0, 0],
[710, 1727, 987, 105, 286, 930, 0, 0, 0, 0, 0, 0, 0, 0, 0, 0, 0, 0, 0, 0],
[710, 1727, 97, 1227, 1743, 1393, 1660, 387, 0, 0, 0, 0, 0, 0, 0, 0, 0, 0, 0, 0],
[710, 1727, 700, 202, 1029, 649, 1063, 915, 460, 0, 0, 0, 0, 0, 0, 0, 0, 0, 0, 0],
[710, 1727, 592, 1747, 1761, 0, 0, 0, 0, 0, 0, 0, 0, 0, 0, 0, 0, 0, 0, 0],
[710, 1727, 649, 0, 0, 0, 0, 0, 0, 0, 0, 0, 0, 0, 0, 0, 0, 0, 0, 0],
[710, 1727, 1293, 1393, 286, 518, 129, 0, 0, 0, 0, 0, 0, 0, 0, 0, 0, 0, 0, 0],
[710, 1727, 839, 1226, 838, 992, 1085, 498, 649, 1504, 868, 260, 1141, 994, 1047, 1504, 0, 0, 0, 0],
[129, 460, 1181, 456, 1434, 985, 577, 938, 368, 1671, 90, 826, 51, 286, 518, 1686, 0, 0, 0, 0],
[710, 1727, 286, 931, 322, 60, 485, 460, 286, 0, 0, 0, 0, 0, 0, 0, 0, 0, 0, 0],
[710, 1727, 282, 286, 930, 1537, 1209, 0, 0, 0, 0, 0, 0, 0, 0, 0, 0, 0, 0, 0],
[710, 1727, 1392, 1774, 286, 306, 615, 1669, 0, 0, 0, 0, 0, 0, 0, 0, 0, 0, 0, 0],
[710, 1727, 286, 364, 1596, 530, 624, 692, 307, 361, 0, 0, 0, 0, 0, 0, 0, 0, 0, 0],
[710, 1727, 1386, 1771, 1537, 246, 1776, 826, 0, 0, 0, 0, 0, 0, 0, 0, 0, 0, 0, 0],
[710, 1727, 368, 1579, 752, 1, 1724, 1674, 1132, 0, 0, 0, 0, 0, 0, 0, 0, 0, 0, 0],
[710, 1727, 1181, 91, 775, 382, 244, 592, 474, 306, 247, 0, 0, 0, 0, 0, 0, 0, 0, 0],
[710, 1727, 167, 1271, 1606, 90, 826, 1725, 1216, 364, 743, 1181, 803, 246, 279, 0, 0, 0, 0, 0],
[710, 1727, 448, 1123, 905, 708, 1261, 108, 1251, 524, 0, 0, 0, 0, 0, 0, 0, 0, 0, 0],
[710, 1727, 891, 930, 286, 1018, 1540, 1242, 1012, 1450, 531, 1012, 260, 1012, 11, 1032, 0, 0, 0, 0],
[710, 1727, 1674, 992, 1085, 498, 649, 0, 0, 0, 0, 0, 0, 0, 0, 0, 0, 0, 0, 0],
[710, 1727, 700, 1090, 177, 971, 491, 1674, 368, 1361, 747, 1227, 1165, 318, 0, 0, 0, 0, 0, 0],
[710, 1727, 152, 710, 1616, 617, 306, 284, 684, 154, 672, 1019, 1029, 1786, 0, 0, 0, 0, 0, 0],
[710, 1727, 704, 177, 930, 286, 0, 0, 0, 0, 0, 0, 0, 0, 0, 0, 0, 0, 0, 0],
[710, 1727, 485, 286, 518, 129, 439, 460, 0, 0, 0, 0, 0, 0, 0, 0, 0, 0, 0, 0],
[710, 1727, 206, 992, 286, 914, 0, 0, 0, 0, 0, 0, 0, 0, 0, 0, 0, 0, 0, 0],
[710, 1727, 1349, 1604, 1674, 219, 919, 600, 146, 104, 322, 120, 1786, 0, 0, 0, 0, 0, 0, 0],
[710, 1727, 286, 368, 992, 1434, 930, 667, 0, 0, 0, 0, 0, 0, 0, 0, 0, 0, 0, 0],
[710, 1727, 286, 51, 322, 1731, 1257, 725, 286, 51, 558, 558, 0, 0, 0, 0, 0, 0, 0, 0],
[710, 1727, 1085, 1596, 1293, 1393, 1660, 992, 1126, 0, 0, 0, 0, 0, 0, 0, 0, 0, 0, 0],
[710, 1727, 840, 860, 1563, 1697, 237, 1643, 1154, 0, 0, 0, 0, 0, 0, 0, 0, 0, 0, 0],
[710, 1727, 244, 253, 1754, 0, 0, 0, 0, 0, 0, 0, 0, 0, 0, 0, 0, 0, 0, 0],
[710, 1727, 744, 755, 710, 1727, 1123, 175, 962, 1213, 63, 0, 0, 0, 0, 0, 0, 0, 0, 0],
[710, 1727, 1400, 11, 286, 930, 0, 0, 0, 0, 0, 0, 0, 0, 0, 0, 0, 0, 0, 0],
[710, 1727, 1386, 992, 909, 1089, 0, 0, 0, 0, 0, 0, 0, 0, 0, 0, 0, 0, 0, 0],
[710, 1727, 1504, 423, 1249, 518, 213, 1283, 0, 0, 0, 0, 0, 0, 0, 0, 0, 0, 0, 0],
[710, 1727, 704, 761, 602, 1226, 1260, 0, 0, 0, 0, 0, 0, 0, 0, 0, 0, 0, 0, 0],
[517, 260, 250, 948, 260, 518, 0, 0, 0, 0, 0, 0, 0, 0, 0, 0, 0, 0, 0, 0],
[710, 1727, 177, 990, 1738, 1674, 426, 485, 0, 0, 0, 0, 0, 0, 0, 0, 0, 0, 0, 0],
[710, 1727, 489, 1156, 1126, 0, 0, 0, 0, 0, 0, 0, 0, 0, 0, 0, 0, 0, 0, 0],
[710, 1727, 1074, 485, 764, 0, 0, 0, 0, 0, 0, 0, 0, 0, 0, 0, 0, 0, 0, 0],
[710, 1727, 1674, 286, 60, 1360, 1293, 1393, 129, 676, 582, 5, 0, 0, 0, 0, 0, 0, 0, 0],
[710, 1727, 126, 1537, 931, 914, 137, 368, 1610, 530, 1181, 285, 267, 460, 0, 0, 0, 0, 0, 0],
[710, 1727, 1181, 733, 12, 602, 286, 700, 543, 0, 0, 0, 0, 0, 0, 0, 0, 0, 0, 0],
[710, 1727, 865, 1253, 1504, 217, 1461, 0, 0, 0, 0, 0, 0, 0, 0, 0, 0, 0, 0, 0],
[710, 1727, 931, 1537, 914, 485, 1702, 1365, 1537, 489, 649, 1702, 0, 0, 0, 0, 0, 0, 0, 0],
[710, 1727, 286, 177, 453, 504, 0, 0, 0, 0, 0, 0, 0, 0, 0, 0, 0, 0, 0, 0],
[710, 1727, 368, 530, 968, 1674, 992, 282, 951, 577, 914, 0, 0, 0, 0, 0, 0, 0, 0, 0],
[710, 1727, 286, 1400, 530, 624, 692, 0, 0, 0, 0, 0, 0, 0, 0, 0, 0, 0, 0, 0],
[710, 1727, 1409, 1697, 1771, 577, 1537, 931, 498, 649, 931, 0, 0, 0, 0, 0, 0, 0, 0, 0],
[710, 1727, 992, 235, 1579, 528, 1434, 0, 0, 0, 0, 0, 0, 0, 0, 0, 0, 0, 0, 0],
[710, 1727, 1072, 1674, 485, 776, 1098, 1537, 1714, 994, 1265, 1702, 776, 649, 1283, 0, 0, 0, 0, 0],
[710, 1727, 700, 543, 914, 1463, 1257, 1226, 797, 0, 0, 0, 0, 0, 0, 0, 0, 0, 0, 0],
[710, 1727, 1, 26, 993, 401, 1592, 0, 0, 0, 0, 0, 0, 0, 0, 0, 0, 0, 0, 0],
[710, 1727, 60, 1599, 1072, 577, 1606, 90, 51, 322, 1731, 649, 1786, 0, 0, 0, 0, 0, 0, 0],
[710, 1727, 439, 1280, 778, 530, 485, 51, 1579, 873, 1702, 456, 1537, 985, 577, 1336, 0, 0, 0, 0],
[710, 1727, 801, 1105, 412, 229, 1136, 1764, 286, 931, 51, 322, 0, 0, 0, 0, 0, 0, 0, 0],
[710, 1727, 1648, 438, 215, 399, 1338, 51, 0, 0, 0, 0, 0, 0, 0, 0, 0, 0, 0, 0],
[710, 1727, 1441, 371, 1704, 1660, 589, 1206, 558, 930, 161, 1610, 177, 0, 0, 0, 0, 0, 0, 0],
[710, 1727, 1253, 1504, 217, 1194, 939, 752, 244, 0, 0, 0, 0, 0, 0, 0, 0, 0, 0, 0],
[710, 1727, 1280, 368, 530, 398, 992, 0, 0, 0, 0, 0, 0, 0, 0, 0, 0, 0, 0, 0],
[710, 1727, 966, 1653, 194, 322, 935, 1418, 0, 0, 0, 0, 0, 0, 0, 0, 0, 0, 0, 0],
[710, 1727, 860, 925, 286, 5, 1138, 592, 286, 898, 5, 582, 0, 0, 0, 0, 0, 0, 0, 0],
[710, 1727, 90, 1017, 0, 0, 0, 0, 0, 0, 0, 0, 0, 0, 0, 0, 0, 0, 0, 0],
[710, 1727, 894, 992, 990, 38, 1610, 1771, 0, 0, 0, 0, 0, 0, 0, 0, 0, 0, 0, 0],
[129, 460, 1504, 1027, 260, 518, 1686, 1309, 938, 0, 0, 0, 0, 0, 0, 0, 0, 0, 0, 0],
[710, 1727, 1106, 985, 909, 1596, 1293, 1660, 90, 51, 286, 518, 931, 1671, 492, 0, 0, 0, 0, 0],
[710, 1727, 286, 105, 64, 1647, 672, 548, 1033, 1765, 0, 0, 0, 0, 0, 0, 0, 0, 0, 0],
[710, 1727, 90, 826, 676, 1012, 172, 1765, 1169, 1724, 744, 175, 826, 1786, 0, 0, 0, 0, 0, 0],
[710, 1727, 1181, 1357, 632, 1141, 1725, 456, 1434, 1674, 177, 264, 1434, 126, 0, 0, 0, 0, 0, 0],
[710, 1727, 1775, 416, 439, 1702, 286, 307, 307, 0, 0, 0, 0, 0, 0, 0, 0, 0, 0, 0],
[710, 1727, 730, 704, 650, 231, 363, 1445, 1411, 0, 0, 0, 0, 0, 0, 0, 0, 0, 0, 0],
[710, 1727, 485, 931, 286, 0, 0, 0, 0, 0, 0, 0, 0, 0, 0, 0, 0, 0, 0, 0],
[710, 1727, 1106, 985, 909, 1596, 337, 1660, 90, 51, 286, 518, 931, 1671, 492, 0, 0, 0, 0, 0],
[710, 1727, 994, 1776, 90, 826, 1103, 0, 0, 0, 0, 0, 0, 0, 0, 0, 0, 0, 0, 0],
[710, 1727, 1181, 592, 1747, 1761, 35, 1227, 231, 1052, 0, 0, 0, 0, 0, 0, 0, 0, 0, 0],
[710, 1727, 151, 933, 1070, 286, 1150, 271, 0, 0, 0, 0, 0, 0, 0, 0, 0, 0, 0, 0],
[710, 1727, 992, 1579, 1206, 489, 1531, 1386, 1423, 489, 0, 0, 0, 0, 0, 0, 0, 0, 0, 0],
[710, 1727, 368, 530, 992, 1730, 0, 0, 0, 0, 0, 0, 0, 0, 0, 0, 0, 0, 0, 0],
[710, 1727, 90, 1017, 0, 0, 0, 0, 0, 0, 0, 0, 0, 0, 0, 0, 0, 0, 0, 0],
[710, 1727, 534, 90, 1017, 0, 0, 0, 0, 0, 0, 0, 0, 0, 0, 0, 0, 0, 0, 0],
[710, 1727, 1387, 177, 1206, 739, 1425, 659, 485, 1702, 225, 135, 242, 0, 0, 0, 0, 0, 0, 0],
[710, 1727, 914, 992, 286, 536, 439, 1232, 293, 319, 577, 0, 0, 0, 0, 0, 0, 0, 0, 0],
[710, 1727, 346, 920, 1639, 11, 548, 527, 0, 0, 0, 0, 0, 0, 0, 0, 0, 0, 0, 0],
[710, 1727, 592, 1088, 657, 1088, 1766, 1158, 163, 0, 0, 0, 0, 0, 0, 0, 0, 0, 0, 0],
[710, 1727, 710, 592, 1607, 1761, 0, 0, 0, 0, 0, 0, 0, 0, 0, 0, 0, 0, 0, 0],
[710, 1727, 1019, 0, 0, 0, 0, 0, 0, 0, 0, 0, 0, 0, 0, 0, 0, 0, 0, 0],
[710, 1727, 1537, 0, 0, 0, 0, 0, 0, 0, 0, 0, 0, 0, 0, 0, 0, 0, 0, 0],
[710, 1727, 1660, 1441, 307, 1206, 371, 1704, 919, 1537, 1087, 0, 0, 0, 0, 0, 0, 0, 0, 0],
[710, 1727, 318, 1765, 286, 518, 177, 841, 1531, 361, 688, 203, 0, 0, 0, 0, 0, 0, 0, 0],
[710, 1727, 720, 1626, 710, 1543, 720, 90, 51, 672, 322, 1056, 364, 306, 364, 1266, 0, 0, 0, 0],
[710, 1727, 914, 489, 0, 0, 0, 0, 0, 0, 0, 0, 0, 0, 0, 0, 0, 0, 0, 0],
[710, 1727, 1563, 776, 1365, 1537, 985, 577, 1537, 134, 1702, 1537, 88, 298, 0, 0, 0, 0, 0, 0],
[710, 1727, 1284, 1408, 90, 51, 0, 0, 0, 0, 0, 0, 0, 0, 0, 0, 0, 0, 0, 0],
[710, 1727, 485, 286, 518, 742, 530, 624, 692, 0, 0, 0, 0, 0, 0, 0, 0, 0, 0, 0],
[129, 1671, 1606, 90, 826, 51, 235, 739, 1425, 659, 1181, 456, 1434, 985, 577, 1280, 368, 530, 624, 692],
[710, 1727, 619, 371, 624, 1227, 286, 51, 0, 0, 0, 0, 0, 0, 0, 0, 0, 0, 0, 0],
[710, 1727, 74, 90, 51, 35, 1227, 0, 0, 0, 0, 0, 0, 0, 0, 0, 0, 0, 0, 0],
[710, 1727, 322, 371, 624, 1227, 0, 0, 0, 0, 0, 0, 0, 0, 0, 0, 0, 0, 0, 0],
[710, 1727, 88, 860, 1297, 1539, 0, 0, 0, 0, 0, 0, 0, 0, 0, 0, 0, 0, 0, 0],
[1149, 779, 1181, 1250, 1751, 1388, 364, 0, 0, 0, 0, 0, 0, 0, 0, 0, 0, 0, 0, 0],
[710, 1727, 1409, 900, 0, 0, 0, 0, 0, 0, 0, 0, 0, 0, 0, 0, 0, 0, 0, 0],
[710, 1727, 1006, 1538, 858, 710, 1726, 1476, 1620, 577, 460, 642, 646, 1620, 577, 1124, 1648, 0, 0, 0],
[710, 1727, 704, 1724, 824, 1138, 592, 863, 537, 200, 1685, 1783, 1388, 1615, 1545, 0, 0, 0, 0, 0],
[710, 1727, 322, 129, 1476, 460, 710, 0, 0, 0, 0, 0, 0, 0, 0, 0, 0, 0, 0, 0],
[710, 1727, 242, 35, 135, 1537, 151, 1563, 440, 0, 0, 0, 0, 0, 0, 0, 0, 0, 0, 0],
[710, 1727, 318, 74, 364, 129, 1227, 1596, 530, 405, 1775, 364, 489, 973, 0, 0, 0, 0, 0, 0],
[710, 1727, 992, 286, 1206, 364, 0, 0, 0, 0, 0, 0, 0, 0, 0, 0, 0, 0, 0, 0],
[710, 1727, 51, 97, 1227, 0, 0, 0, 0, 0, 0, 0, 0, 0, 0, 0, 0, 0, 0, 0],
[710, 1727, 733, 5, 1258, 0, 0, 0, 0, 0, 0, 0, 0, 0, 0, 0, 0, 0, 0, 0],
[710, 1727, 573, 602, 1025, 104, 1537, 1388, 260, 412, 0, 0, 0, 0, 0, 0, 0, 0, 0, 0],
[710, 1727, 1181, 387, 286, 5, 1271, 468, 371, 624, 1227, 0, 0, 0, 0, 0, 0, 0, 0, 0],
[710, 1727, 181, 91, 596, 306, 1430, 1495, 364, 520, 985, 577, 1540, 1436, 129, 0, 0, 0, 0, 0],
[710, 1727, 1660, 930, 1684, 378, 470, 919, 470, 0, 0, 0, 0, 0, 0, 0, 0, 0, 0, 0],
[710, 1727, 619, 105, 1592, 69, 1235, 286, 51, 1072, 754, 991, 257, 710, 0, 0, 0, 0, 0, 0],
[710, 1727, 177, 105, 27, 485, 704, 589, 286, 104, 1586, 1388, 143, 0, 0, 0, 0, 0, 0, 0],
[710, 1727, 1388, 991, 931, 58, 1438, 1581, 615, 1008, 1088, 991, 113, 364, 695, 0, 0, 0, 0, 0],
[710, 1727, 1213, 1493, 788, 0, 0, 0, 0, 0, 0, 0, 0, 0, 0, 0, 0, 0, 0, 0],
[710, 1727, 619, 322, 1393, 621, 1227, 286, 51, 592, 291, 407, 0, 0, 0, 0, 0, 0, 0, 0],
[710, 1727, 519, 587, 1615, 134, 968, 151, 1752, 158, 280, 0, 0, 0, 0, 0, 0, 0, 0, 0],
[710, 1727, 260, 151, 637, 494, 872, 77, 1170, 260, 260, 151, 364, 875, 0, 0, 0, 0, 0, 0],
[1149, 779, 1012, 615, 308, 1519, 1159, 558, 151, 372, 1173, 838, 842, 257, 594, 0, 0, 0, 0, 0],
[260, 518, 1012, 1748, 868, 518, 1310, 1181, 657, 222, 260, 177, 1670, 620, 94, 836, 1674, 1671, 147, 1552],
[710, 1727, 1181, 1221, 817, 1375, 286, 105, 1259, 286, 813, 306, 0, 0, 0, 0, 0, 0, 0, 0],
[710, 1727, 361, 364, 97, 1227, 712, 649, 0, 0, 0, 0, 0, 0, 0, 0, 0, 0, 0, 0],
[260, 518, 1167, 518, 1632, 1164, 1671, 147, 1552, 125, 1727, 405, 1170, 1300, 498, 771, 0, 0, 0, 0],
[710, 1727, 1293, 1393, 378, 1100, 1586, 286, 530, 1537, 1540, 0, 0, 0, 0, 0, 0, 0, 0, 0],
[260, 518, 260, 518, 1441, 147, 1552, 125, 1727, 405, 1170, 1300, 498, 771, 1310, 1167, 558, 0, 0, 0],
[710, 1727, 592, 12, 1747, 1761, 0, 0, 0, 0, 0, 0, 0, 0, 0, 0, 0, 0, 0, 0],
[1149, 779, 647, 1638, 128, 322, 60, 201, 171, 260, 610, 105, 0, 0, 0, 0, 0, 0, 0, 0],
[1149, 779, 619, 518, 177, 1751, 1279, 1487, 1243, 1088, 689, 617, 376, 1414, 518, 1057, 0, 0, 0, 0],
[710, 1727, 177, 931, 1033, 1138, 716, 306, 239, 0, 0, 0, 0, 0, 0, 0, 0, 0, 0, 0],
[710, 1727, 129, 286, 51, 1181, 1163, 968, 174, 1022, 528, 1707, 1647, 286, 752, 1709, 950, 255, 0, 0],
[710, 1727, 322, 129, 1434, 124, 1652, 1421, 432, 154, 0, 0, 0, 0, 0, 0, 0, 0, 0, 0],
[710, 1727, 672, 310, 1226, 60, 1103, 673, 0, 0, 0, 0, 0, 0, 0, 0, 0, 0, 0, 0],
[710, 1727, 286, 51, 286, 930, 424, 170, 129, 0, 0, 0, 0, 0, 0, 0, 0, 0, 0, 0],
[710, 1727, 1030, 1479, 710, 120, 163, 1685, 1691, 0, 0, 0, 0, 0, 0, 0, 0, 0, 0, 0],
[710, 1727, 552, 1479, 120, 163, 1685, 676, 1691, 431, 0, 0, 0, 0, 0, 0, 0, 0, 0, 0],
[1149, 779, 485, 1150, 518, 0, 0, 0, 0, 0, 0, 0, 0, 0, 0, 0, 0, 0, 0, 0],
[710, 1727, 231, 1446, 806, 0, 0, 0, 0, 0, 0, 0, 0, 0, 0, 0, 0, 0, 0, 0],
[710, 1727, 819, 0, 0, 0, 0, 0, 0, 0, 0, 0, 0, 0, 0, 0, 0, 0, 0, 0],
[710, 1727, 1651, 710, 286, 592, 291, 407, 733, 0, 0, 0, 0, 0, 0, 0, 0, 0, 0, 0],
[41, 1290, 286, 518, 518, 194, 1170, 430, 0, 0, 0, 0, 0, 0, 0, 0, 0, 0, 0, 0],
[710, 1727, 518, 194, 1170, 279, 773, 1651, 1478, 180, 1181, 923, 267, 74, 0, 0, 0, 0, 0, 0],
[710, 1727, 1393, 1704, 286, 1228, 1227, 1660, 931, 1034, 0, 0, 0, 0, 0, 0, 0, 0, 0, 0],
[710, 1727, 711, 1765, 0, 0, 0, 0, 0, 0, 0, 0, 0, 0, 0, 0, 0, 0, 0, 0],
[710, 1727, 518, 194, 0, 0, 0, 0, 0, 0, 0, 0, 0, 0, 0, 0, 0, 0, 0, 0],
[710, 1727, 88, 1469, 0, 0, 0, 0, 0, 0, 0, 0, 0, 0, 0, 0, 0, 0, 0, 0],
[41, 1671, 286, 51, 518, 194, 1171, 1122, 518, 1170, 0, 0, 0, 0, 0, 0, 0, 0, 0, 0],
[260, 518, 1181, 74, 705, 518, 1719, 0, 0, 0, 0, 0, 0, 0, 0, 0, 0, 0, 0, 0],
[710, 1727, 416, 1181, 0, 0, 0, 0, 0, 0, 0, 0, 0, 0, 0, 0, 0, 0, 0, 0],
[1149, 779, 104, 1537, 260, 177, 177, 463, 1751, 1360, 376, 577, 0, 0, 0, 0, 0, 0, 0, 0],
[260, 518, 1181, 74, 518, 222, 260, 177, 468, 415, 236, 44, 278, 621, 1452, 1671, 1347, 995, 278, 1351],
[710, 1727, 1685, 114, 1290, 1220, 286, 1559, 0, 0, 0, 0, 0, 0, 0, 0, 0, 0, 0, 0],
[710, 1727, 286, 1757, 442, 1596, 1681, 177, 1537, 0, 0, 0, 0, 0, 0, 0, 0, 0, 0, 0],
[710, 1727, 700, 730, 733, 1015, 367, 1196, 1015, 314, 286, 426, 867, 0, 0, 0, 0, 0, 0, 0],
[710, 1727, 286, 177, 1126, 480, 676, 330, 1198, 0, 0, 0, 0, 0, 0, 0, 0, 0, 0, 0],
[710, 1727, 1504, 596, 1089, 1026, 991, 126, 733, 286, 730, 0, 0, 0, 0, 0, 0, 0, 0, 0],
[710, 1727, 1336, 592, 246, 733, 286, 231, 0, 0, 0, 0, 0, 0, 0, 0, 0, 0, 0, 0],
[1556, 1026, 991, 1727, 710, 173, 123, 1528, 1727, 1329, 0, 0, 0, 0, 0, 0, 0, 0, 0, 0],
[1149, 779, 1498, 1365, 985, 577, 1769, 704, 1072, 991, 1222, 0, 0, 0, 0, 0, 0, 0, 0, 0],
[1149, 779, 1181, 286, 12, 151, 115, 647, 1465, 1596, 1125, 358, 1657, 704, 1145, 1581, 676, 1156, 764, 0],
[710, 1727, 1141, 752, 667, 1239, 0, 0, 0, 0, 0, 0, 0, 0, 0, 0, 0, 0, 0, 0],
[260, 518, 558, 1464, 246, 1027, 518, 1530, 1396, 1602, 0, 0, 0, 0, 0, 0, 0, 0, 0, 0],
[260, 518, 558, 1464, 518, 626, 931, 1671, 90, 51, 988, 1674, 1181, 776, 931, 1434, 307, 0, 0, 0],
[260, 518, 558, 1464, 518, 931, 1671, 90, 51, 988, 1674, 1365, 985, 577, 1434, 776, 307, 0, 0, 0],
[260, 518, 1464, 518, 1596, 988, 931, 1671, 90, 51, 1365, 985, 577, 1434, 338, 776, 1704, 0, 0, 0],
[1149, 779, 491, 1026, 991, 0, 0, 0, 0, 0, 0, 0, 0, 0, 0, 0, 0, 0, 0, 0],
[710, 1727, 773, 528, 498, 1773, 985, 1674, 485, 331, 1258, 0, 0, 0, 0, 0, 0, 0, 0, 0],
[710, 1727, 498, 649, 883, 1278, 1332, 1674, 485, 151, 0, 0, 0, 0, 0, 0, 0, 0, 0, 0],
[710, 1727, 1106, 97, 1227, 992, 70, 1537, 1771, 0, 0, 0, 0, 0, 0, 0, 0, 0, 0, 0],
[710, 1727, 592, 1747, 1761, 177, 883, 536, 77, 592, 286, 592, 1390, 592, 992, 0, 0, 0, 0, 0],
[710, 1727, 286, 931, 1278, 1332, 0, 0, 0, 0, 0, 0, 0, 0, 0, 0, 0, 0, 0, 0],
[710, 1727, 286, 51, 1264, 1517, 1358, 665, 464, 1596, 530, 1434, 104, 1727, 0, 0, 0, 0, 0, 0],
[710, 1727, 286, 51, 97, 1227, 286, 0, 0, 0, 0, 0, 0, 0, 0, 0, 0, 0, 0, 0],
[710, 1727, 818, 972, 485, 960, 286, 177, 942, 1434, 0, 0, 0, 0, 0, 0, 0, 0, 0, 0],
[710, 1727, 992, 286, 942, 1537, 1278, 1332, 1264, 1517, 1725, 489, 622, 1012, 0, 0, 0, 0, 0, 0],
[710, 1727, 1141, 1181, 485, 1764, 286, 51, 336, 837, 113, 231, 0, 0, 0, 0, 0, 0, 0, 0],
[710, 1727, 1079, 710, 1727, 286, 518, 592, 291, 390, 1685, 1786, 0, 0, 0, 0, 0, 0, 0, 0],
[710, 1727, 1, 1702, 1623, 1595, 1475, 1527, 0, 0, 0, 0, 0, 0, 0, 0, 0, 0, 0, 0],
[1149, 779, 1034, 341, 1111, 9, 0, 0, 0, 0, 0, 0, 0, 0, 0, 0, 0, 0, 0, 0],
[710, 1727, 1768, 377, 1480, 1081, 599, 1709, 0, 0, 0, 0, 0, 0, 0, 0, 0, 0, 0, 0],
[710, 1727, 1141, 1619, 704, 1141, 1423, 154, 12, 518, 308, 77, 801, 1198, 175, 0, 0, 0, 0, 0],
[710, 1727, 60, 527, 752, 310, 258, 1012, 286, 1016, 147, 310, 286, 1660, 752, 310, 0, 0, 0, 0],
[710, 1727, 129, 306, 437, 0, 0, 0, 0, 0, 0, 0, 0, 0, 0, 0, 0, 0, 0, 0],
[260, 518, 518, 222, 260, 177, 816, 558, 558, 1671, 147, 1552, 0, 0, 0, 0, 0, 0, 0, 0],
[710, 1727, 931, 485, 1525, 1396, 1331, 192, 1540, 1540, 1396, 699, 1680, 0, 0, 0, 0, 0, 0, 0],
[710, 1727, 619, 1671, 310, 258, 286, 177, 1072, 1674, 1331, 883, 0, 0, 0, 0, 0, 0, 0, 0],
[710, 1727, 1586, 286, 1537, 240, 286, 1537, 1386, 430, 518, 0, 0, 0, 0, 0, 0, 0, 0, 0],
[1149, 779, 647, 1159, 566, 592, 260, 517, 260, 1006, 1406, 106, 687, 1406, 1677, 1678, 1657, 0, 0, 0],
[710, 1727, 543, 98, 950, 1427, 306, 1420, 1212, 1574, 558, 296, 1634, 0, 0, 0, 0, 0, 0, 0],
[1149, 779, 151, 1728, 364, 287, 1051, 759, 177, 930, 260, 77, 1705, 704, 353, 0, 0, 0, 0, 0],
[260, 518, 518, 222, 260, 177, 816, 558, 1671, 147, 1552, 0, 0, 0, 0, 0, 0, 0, 0, 0],
[710, 1727, 181, 596, 91, 129, 0, 0, 0, 0, 0, 0, 0, 0, 0, 0, 0, 0, 0, 0],
[260, 518, 518, 222, 260, 177, 235, 160, 449, 1167, 0, 0, 0, 0, 0, 0, 0, 0, 0, 0],
[710, 1727, 598, 509, 0, 0, 0, 0, 0, 0, 0, 0, 0, 0, 0, 0, 0, 0, 0, 0],
[710, 1727, 260, 87, 95, 1608, 640, 1711, 929, 1709, 1021, 752, 1109, 1697, 622, 968, 991, 0, 0, 0],
[710, 1727, 1569, 968, 1615, 1388, 991, 364, 0, 0, 0, 0, 0, 0, 0, 0, 0, 0, 0, 0],
[1149, 779, 855, 1419, 594, 982, 166, 260, 647, 1636, 308, 0, 0, 0, 0, 0, 0, 0, 0, 0],
[710, 1727, 1693, 1282, 1011, 286, 1450, 994, 430, 924, 460, 0, 0, 0, 0, 0, 0, 0, 0, 0],
[710, 1727, 1141, 1619, 0, 0, 0, 0, 0, 0, 0, 0, 0, 0, 0, 0, 0, 0, 0, 0],
[1149, 779, 968, 98, 1181, 986, 949, 74, 615, 857, 1524, 144, 260, 0, 0, 0, 0, 0, 0, 0],
[710, 1727, 460, 286, 931, 615, 439, 1089, 991, 134, 0, 0, 0, 0, 0, 0, 0, 0, 0, 0],
[710, 1727, 181, 596, 91, 129, 0, 0, 0, 0, 0, 0, 0, 0, 0, 0, 0, 0, 0, 0],
[710, 1727, 399, 460, 11, 931, 579, 559, 983, 448, 452, 0, 0, 0, 0, 0, 0, 0, 0, 0],
[710, 1727, 1434, 104, 577, 286, 1596, 1293, 1393, 1731, 1773, 0, 0, 0, 0, 0, 0, 0, 0, 0],
[710, 1727, 256, 1141, 264, 889, 1070, 1104, 0, 0, 0, 0, 0, 0, 0, 0, 0, 0, 0, 0],
[710, 1727, 1393, 1704, 286, 931, 485, 231, 1602, 1088, 0, 0, 0, 0, 0, 0, 0, 0, 0, 0],
[710, 1727, 286, 51, 23, 104, 85, 718, 1434, 485, 1702, 1012, 1622, 1434, 0, 0, 0, 0, 0, 0],
[710, 1727, 286, 992, 1205, 11, 1228, 1227, 1386, 430, 1763, 0, 0, 0, 0, 0, 0, 0, 0, 0],
[710, 1727, 673, 0, 0, 0, 0, 0, 0, 0, 0, 0, 0, 0, 0, 0, 0, 0, 0, 0],
[710, 1727, 364, 599, 0, 0, 0, 0, 0, 0, 0, 0, 0, 0, 0, 0, 0, 0, 0, 0],
[710, 1727, 395, 0, 0, 0, 0, 0, 0, 0, 0, 0, 0, 0, 0, 0, 0, 0, 0, 0],
[710, 1727, 83, 12, 286, 60, 785, 0, 0, 0, 0, 0, 0, 0, 0, 0, 0, 0, 0, 0],
[710, 1727, 286, 931, 286, 177, 1434, 23, 11, 485, 0, 0, 0, 0, 0, 0, 0, 0, 0, 0],
[260, 518, 518, 222, 260, 177, 816, 558, 558, 1671, 147, 1552, 0, 0, 0, 0, 0, 0, 0, 0],
[710, 1727, 1141, 1619, 0, 0, 0, 0, 0, 0, 0, 0, 0, 0, 0, 0, 0, 0, 0, 0],
[710, 1727, 413, 419, 1673, 0, 0, 0, 0, 0, 0, 0, 0, 0, 0, 0, 0, 0, 0, 0],
[710, 1727, 891, 0, 0, 0, 0, 0, 0, 0, 0, 0, 0, 0, 0, 0, 0, 0, 0, 0],
[710, 1727, 891, 1508, 322, 419, 1673, 1085, 1722, 1751, 0, 0, 0, 0, 0, 0, 0, 0, 0, 0],
[1149, 779, 260, 518, 0, 0, 0, 0, 0, 0, 0, 0, 0, 0, 0, 0, 0, 0, 0, 0],
[1149, 779, 1486, 1225, 826, 101, 518, 1504, 1192, 1247, 518, 444, 1073, 0, 0, 0, 0, 0, 0, 0],
[710, 1727, 889, 1070, 286, 51, 1254, 975, 931, 1537, 1537, 0, 0, 0, 0, 0, 0, 0, 0, 0],
[710, 1727, 1537, 1586, 286, 922, 1731, 649, 88, 1469, 0, 0, 0, 0, 0, 0, 0, 0, 0, 0],
[710, 1727, 12, 11, 1088, 0, 0, 0, 0, 0, 0, 0, 0, 0, 0, 0, 0, 0, 0, 0],
[260, 518, 1164, 649, 260, 518, 1059, 1696, 1026, 991, 0, 0, 0, 0, 0, 0, 0, 0, 0, 0],
[260, 518, 1164, 1773, 1748, 1464, 349, 1320, 1651, 518, 1059, 1696, 1026, 991, 1167, 0, 0, 0, 0, 0],
[260, 518, 518, 222, 260, 177, 235, 160, 449, 1167, 0, 0, 0, 0, 0, 0, 0, 0, 0, 0],
[710, 1727, 1015, 286, 1206, 530, 624, 692, 765, 1396, 0, 0, 0, 0, 0, 0, 0, 0, 0, 0],
[1149, 779, 1461, 0, 0, 0, 0, 0, 0, 0, 0, 0, 0, 0, 0, 0, 0, 0, 0, 0],
[1149, 779, 365, 518, 0, 0, 0, 0, 0, 0, 0, 0, 0, 0, 0, 0, 0, 0, 0, 0],
[260, 518, 1285, 1383, 645, 1504, 1774, 589, 1045, 518, 1751, 10, 1045, 1162, 389, 917, 283, 0, 0, 0],
[260, 518, 1181, 74, 705, 518, 468, 927, 147, 415, 236, 44, 1719, 0, 0, 0, 0, 0, 0, 0],
[260, 518, 1181, 74, 518, 222, 260, 177, 468, 927, 147, 415, 236, 44, 1596, 1151, 1262, 1671, 946, 548],
[710, 1727, 281, 1088, 306, 606, 231, 518, 0, 0, 0, 0, 0, 0, 0, 0, 0, 0, 0, 0],
[710, 1727, 361, 1506, 286, 518, 0, 0, 0, 0, 0, 0, 0, 0, 0, 0, 0, 0, 0, 0],
[710, 1727, 602, 710, 105, 602, 388, 1770, 129, 1227, 931, 112, 1227, 0, 0, 0, 0, 0, 0, 0],
[710, 1727, 1566, 203, 1450, 7, 177, 1181, 0, 0, 0, 0, 0, 0, 0, 0, 0, 0, 0, 0],
[710, 1727, 887, 1181, 287, 1015, 13, 710, 619, 0, 0, 0, 0, 0, 0, 0, 0, 0, 0, 0],
[710, 1727, 1056, 1207, 43, 384, 425, 1694, 129, 286, 1509, 1622, 0, 0, 0, 0, 0, 0, 0, 0],
[710, 1727, 1056, 1207, 43, 384, 425, 1694, 129, 286, 1509, 1786, 0, 0, 0, 0, 0, 0, 0, 0],
[710, 1727, 485, 1, 287, 1015, 619, 0, 0, 0, 0, 0, 0, 0, 0, 0, 0, 0, 0, 0],
[710, 1727, 1660, 1170, 950, 248, 286, 1330, 300, 393, 704, 595, 1786, 0, 0, 0, 0, 0, 0, 0],
[710, 1727, 667, 1130, 1141, 177, 931, 1330, 932, 1674, 1181, 955, 960, 0, 0, 0, 0, 0, 0, 0],
[710, 1727, 1213, 11, 518, 1749, 0, 0, 0, 0, 0, 0, 0, 0, 0, 0, 0, 0, 0, 0],
[710, 1727, 1537, 504, 124, 1423, 1454, 1395, 247, 0, 0, 0, 0, 0, 0, 0, 0, 0, 0, 0],
[710, 1727, 286, 1614, 686, 458, 1537, 1674, 0, 0, 0, 0, 0, 0, 0, 0, 0, 0, 0, 0],
[710, 1727, 286, 1271, 1146, 1163, 1015, 1740, 765, 1610, 953, 1138, 1307, 417, 1526, 171, 261, 13, 710, 0],
[710, 1727, 286, 7, 177, 1723, 738, 588, 0, 0, 0, 0, 0, 0, 0, 0, 0, 0, 0, 0],
[710, 1727, 83, 602, 0, 0, 0, 0, 0, 0, 0, 0, 0, 0, 0, 0, 0, 0, 0, 0],
[710, 1727, 1015, 306, 764, 129, 758, 932, 739, 1579, 659, 77, 1540, 496, 1181, 542, 1215, 0, 0, 0],
[710, 1727, 387, 286, 931, 0, 0, 0, 0, 0, 0, 0, 0, 0, 0, 0, 0, 0, 0, 0],
[710, 1727, 930, 1463, 286, 0, 0, 0, 0, 0, 0, 0, 0, 0, 0, 0, 0, 0, 0, 0],
[710, 1727, 602, 518, 1102, 0, 0, 0, 0, 0, 0, 0, 0, 0, 0, 0, 0, 0, 0, 0],
[710, 1727, 773, 286, 453, 1596, 530, 405, 286, 177, 1674, 322, 0, 0, 0, 0, 0, 0, 0, 0],
[710, 1727, 1141, 930, 914, 992, 1126, 767, 1537, 1019, 0, 0, 0, 0, 0, 0, 0, 0, 0, 0],
[710, 1727, 281, 306, 203, 1356, 1366, 789, 213, 0, 0, 0, 0, 0, 0, 0, 0, 0, 0, 0],
[710, 1727, 453, 1085, 455, 1076, 74, 1592, 589, 1674, 0, 0, 0, 0, 0, 0, 0, 0, 0, 0],
[710, 1727, 987, 7, 286, 930, 1283, 177, 1644, 207, 1695, 0, 0, 0, 0, 0, 0, 0, 0, 0],
[710, 1727, 1622, 1537, 368, 0, 0, 0, 0, 0, 0, 0, 0, 0, 0, 0, 0, 0, 0, 0],
[710, 1727, 592, 1747, 1761, 0, 0, 0, 0, 0, 0, 0, 0, 0, 0, 0, 0, 0, 0, 0],
[710, 1727, 1181, 279, 1606, 1615, 1606, 991, 1411, 1141, 672, 968, 1025, 923, 617, 291, 991, 0, 0, 0],
[710, 1727, 1141, 691, 1702, 286, 51, 1012, 686, 1227, 1088, 1141, 997, 860, 0, 0, 0, 0, 0, 0],
[710, 1727, 1085, 282, 1012, 1537, 1141, 485, 0, 0, 0, 0, 0, 0, 0, 0, 0, 0, 0, 0],
[710, 1727, 286, 930, 170, 129, 0, 0, 0, 0, 0, 0, 0, 0, 0, 0, 0, 0, 0, 0],
[710, 1727, 1141, 1181, 1450, 177, 104, 1674, 104, 1674, 11, 51, 691, 1423, 837, 113, 1181, 0, 0, 0],
[710, 1727, 1073, 286, 35, 1227, 930, 0, 0, 0, 0, 0, 0, 0, 0, 0, 0, 0, 0, 0],
[710, 1727, 1731, 1773, 364, 1672, 0, 0, 0, 0, 0, 0, 0, 0, 0, 0, 0, 0, 0, 0],
[710, 1727, 460, 1181, 930, 1089, 1434, 134, 0, 0, 0, 0, 0, 0, 0, 0, 0, 0, 0, 0],
[710, 1727, 960, 310, 286, 51, 978, 1375, 203, 286, 90, 0, 0, 0, 0, 0, 0, 0, 0, 0],
[710, 1727, 129, 286, 634, 109, 1671, 1115, 40, 1037, 1508, 0, 0, 0, 0, 0, 0, 0, 0, 0],
[710, 1727, 1579, 286, 1272, 928, 589, 286, 1537, 286, 5, 214, 710, 885, 1554, 1440, 1592, 0, 0, 0],
[710, 1727, 592, 1747, 1761, 1181, 0, 0, 0, 0, 0, 0, 0, 0, 0, 0, 0, 0, 0, 0],
[1149, 779, 1651, 480, 51, 1596, 609, 638, 653, 486, 120, 1181, 652, 1678, 433, 319, 0, 0, 0, 0],
[710, 1727, 286, 177, 368, 124, 291, 1331, 1614, 364, 1088, 306, 0, 0, 0, 0, 0, 0, 0, 0],
[710, 1727, 105, 12, 11, 930, 785, 1258, 0, 0, 0, 0, 0, 0, 0, 0, 0, 0, 0, 0],
[710, 1727, 1595, 480, 51, 1254, 1141, 264, 1702, 1184, 247, 0, 0, 0, 0, 0, 0, 0, 0, 0],
[710, 1727, 1089, 286, 739, 1425, 659, 378, 716, 91, 7, 1077, 286, 264, 91, 0, 0, 0, 0, 0],
[710, 1727, 1409, 602, 260, 104, 602, 1537, 0, 0, 0, 0, 0, 0, 0, 0, 0, 0, 0, 0],
[710, 1727, 1388, 492, 1293, 1393, 1704, 286, 1099, 1400, 1173, 801, 825, 90, 826, 0, 0, 0, 0, 0],
[710, 1727, 177, 1753, 346, 744, 857, 1779, 996, 39, 434, 193, 275, 0, 0, 0, 0, 0, 0, 0],
[710, 1727, 286, 518, 1619, 0, 0, 0, 0, 0, 0, 0, 0, 0, 0, 0, 0, 0, 0, 0],
[710, 1727, 77, 1423, 387, 716, 306, 797, 306, 1747, 1018, 1181, 0, 0, 0, 0, 0, 0, 0, 0],
[710, 1727, 305, 0, 0, 0, 0, 0, 0, 0, 0, 0, 0, 0, 0, 0, 0, 0, 0, 0],
[710, 1727, 305, 0, 0, 0, 0, 0, 0, 0, 0, 0, 0, 0, 0, 0, 0, 0, 0, 0],
[710, 1727, 1141, 1725, 0, 0, 0, 0, 0, 0, 0, 0, 0, 0, 0, 0, 0, 0, 0, 0],
[710, 1727, 286, 765, 953, 1321, 1184, 424, 950, 248, 0, 0, 0, 0, 0, 0, 0, 0, 0, 0],
[710, 1727, 962, 17, 1563, 154, 0, 0, 0, 0, 0, 0, 0, 0, 0, 0, 0, 0, 0, 0],
[710, 1727, 1541, 1784, 64, 735, 553, 1674, 991, 1767, 400, 1355, 0, 0, 0, 0, 0, 0, 0, 0],
[710, 1727, 1388, 964, 1573, 0, 0, 0, 0, 0, 0, 0, 0, 0, 0, 0, 0, 0, 0, 0],
[710, 1727, 698, 1029, 697, 704, 501, 0, 0, 0, 0, 0, 0, 0, 0, 0, 0, 0, 0, 0],
[710, 1727, 1181, 1580, 0, 0, 0, 0, 0, 0, 0, 0, 0, 0, 0, 0, 0, 0, 0, 0],
[710, 1727, 676, 1019, 1181, 0, 0, 0, 0, 0, 0, 0, 0, 0, 0, 0, 0, 0, 0, 0],
[710, 1727, 839, 0, 0, 0, 0, 0, 0, 0, 0, 0, 0, 0, 0, 0, 0, 0, 0, 0],
[710, 1727, 364, 1501, 0, 0, 0, 0, 0, 0, 0, 0, 0, 0, 0, 0, 0, 0, 0, 0],
[710, 1727, 487, 1015, 1776, 1651, 839, 0, 0, 0, 0, 0, 0, 0, 0, 0, 0, 0, 0, 0],
[1149, 779, 770, 260, 104, 704, 1537, 1537, 104, 260, 1030, 0, 0, 0, 0, 0, 0, 0, 0, 0],
[1149, 779, 924, 667, 360, 1751, 577, 196, 1724, 1388, 1786, 0, 0, 0, 0, 0, 0, 0, 0, 0],
[1149, 779, 260, 1216, 1674, 426, 177, 1005, 598, 151, 104, 1378, 1265, 1706, 619, 710, 1727, 0, 0, 0],
[710, 1727, 1344, 1592, 1504, 596, 1615, 0, 0, 0, 0, 0, 0, 0, 0, 0, 0, 0, 0, 0],
[710, 1727, 203, 0, 0, 0, 0, 0, 0, 0, 0, 0, 0, 0, 0, 0, 0, 0, 0, 0],
[710, 1727, 1732, 0, 0, 0, 0, 0, 0, 0, 0, 0, 0, 0, 0, 0, 0, 0, 0, 0],
[710, 1727, 1189, 0, 0, 0, 0, 0, 0, 0, 0, 0, 0, 0, 0, 0, 0, 0, 0, 0],
[710, 1727, 1540, 0, 0, 0, 0, 0, 0, 0, 0, 0, 0, 0, 0, 0, 0, 0, 0, 0],
[710, 1727, 992, 1212, 1574, 0, 0, 0, 0, 0, 0, 0, 0, 0, 0, 0, 0, 0, 0, 0],
[1149, 779, 802, 1271, 379, 992, 844, 1674, 1089, 558, 0, 0, 0, 0, 0, 0, 0, 0, 0, 0],
[710, 1727, 286, 51, 1748, 1301, 91, 0, 0, 0, 0, 0, 0, 0, 0, 0, 0, 0, 0, 0],
[710, 1727, 1606, 286, 829, 1275, 837, 286, 364, 869, 368, 485, 1702, 286, 177, 368, 1754, 0, 0, 0],
[710, 1727, 286, 51, 1393, 621, 1227, 944, 0, 0, 0, 0, 0, 0, 0, 0, 0, 0, 0, 0],
[710, 1727, 286, 829, 124, 1402, 1138, 252, 343, 921, 556, 765, 0, 0, 0, 0, 0, 0, 0, 0],
[710, 1727, 1141, 1073, 1701, 1476, 455, 286, 518, 1537, 9, 1731, 649, 1181, 783, 881, 1395, 619, 0, 0],
[710, 1727, 1538, 199, 1388, 910, 246, 1513, 0, 0, 0, 0, 0, 0, 0, 0, 0, 0, 0, 0],
[710, 1727, 1388, 1424, 480, 0, 0, 0, 0, 0, 0, 0, 0, 0, 0, 0, 0, 0, 0, 0],
[710, 1727, 1150, 244, 617, 743, 990, 180, 470, 0, 0, 0, 0, 0, 0, 0, 0, 0, 0, 0],
[710, 1727, 47, 154, 602, 3, 0, 0, 0, 0, 0, 0, 0, 0, 0, 0, 0, 0, 0, 0],
[710, 1727, 649, 0, 0, 0, 0, 0, 0, 0, 0, 0, 0, 0, 0, 0, 0, 0, 0, 0],
[41, 1290, 286, 518, 518, 1170, 430, 0, 0, 0, 0, 0, 0, 0, 0, 0, 0, 0, 0, 0],
[41, 460, 286, 51, 228, 1397, 518, 518, 194, 1386, 1170, 0, 0, 0, 0, 0, 0, 0, 0, 0],
[710, 1727, 448, 548, 364, 710, 1455, 267, 0, 0, 0, 0, 0, 0, 0, 0, 0, 0, 0, 0],
[41, 1671, 286, 51, 518, 194, 1386, 1170, 518, 1441, 0, 0, 0, 0, 0, 0, 0, 0, 0, 0],
[710, 1727, 573, 0, 0, 0, 0, 0, 0, 0, 0, 0, 0, 0, 0, 0, 0, 0, 0, 0],
[710, 1727, 1606, 0, 0, 0, 0, 0, 0, 0, 0, 0, 0, 0, 0, 0, 0, 0, 0, 0],
[41, 1671, 286, 51, 518, 194, 1386, 1170, 518, 1441, 0, 0, 0, 0, 0, 0, 0, 0, 0, 0],
[710, 1727, 104, 577, 1769, 833, 563, 1211, 487, 110, 1519, 1674, 426, 0, 0, 0, 0, 0, 0, 0],
[260, 518, 985, 1748, 868, 518, 1310, 1181, 657, 222, 260, 177, 1708, 94, 836, 1674, 1671, 147, 1552, 0],
[710, 1727, 286, 931, 1228, 1227, 919, 516, 1181, 1658, 1538, 0, 0, 0, 0, 0, 0, 0, 0, 0],
[1149, 779, 987, 1635, 411, 980, 244, 1250, 894, 104, 260, 894, 1088, 306, 1579, 0, 0, 0, 0, 0],
[710, 1727, 150, 347, 400, 261, 368, 11, 1674, 919, 1181, 1612, 247, 0, 0, 0, 0, 0, 0, 0],
[710, 1727, 1506, 286, 1212, 1574, 1674, 1179, 91, 712, 649, 0, 0, 0, 0, 0, 0, 0, 0, 0],
[710, 1727, 553, 1704, 286, 1402, 468, 427, 745, 909, 124, 90, 51, 784, 0, 0, 0, 0, 0, 0],
[710, 1727, 1744, 622, 62, 0, 0, 0, 0, 0, 0, 0, 0, 0, 0, 0, 0, 0, 0, 0],
[710, 1727, 1671, 310, 258, 286, 338, 931, 1202, 1328, 0, 0, 0, 0, 0, 0, 0, 0, 0, 0],
[260, 518, 518, 222, 260, 177, 468, 371, 1720, 147, 1167, 0, 0, 0, 0, 0, 0, 0, 0, 0],
[710, 1727, 1336, 589, 1471, 80, 0, 0, 0, 0, 0, 0, 0, 0, 0, 0, 0, 0, 0, 0],
[710, 1727, 1476, 460, 589, 286, 0, 0, 0, 0, 0, 0, 0, 0, 0, 0, 0, 0, 0, 0],
[710, 1727, 780, 382, 286, 1170, 1698, 1731, 649, 0, 0, 0, 0, 0, 0, 0, 0, 0, 0, 0],
[710, 1727, 158, 710, 1727, 1775, 74, 1592, 577, 954, 746, 0, 0, 0, 0, 0, 0, 0, 0, 0],
[710, 1727, 1334, 1527, 548, 0, 0, 0, 0, 0, 0, 0, 0, 0, 0, 0, 0, 0, 0, 0],
[710, 1727, 97, 371, 624, 1228, 1393, 621, 518, 1227, 1029, 468, 577, 797, 0, 0, 0, 0, 0, 0],
[260, 518, 1181, 74, 738, 468, 1324, 147, 214, 1441, 518, 688, 260, 177, 0, 0, 0, 0, 0, 0],
[260, 518, 1181, 74, 1671, 957, 913, 738, 468, 1324, 147, 518, 688, 1441, 260, 177, 0, 0, 0, 0],
[710, 1727, 733, 310, 1598, 1293, 839, 0, 0, 0, 0, 0, 0, 0, 0, 0, 0, 0, 0, 0],
[710, 1727, 286, 950, 1427, 0, 0, 0, 0, 0, 0, 0, 0, 0, 0, 0, 0, 0, 0, 0],
[710, 1727, 888, 1754, 908, 0, 0, 0, 0, 0, 0, 0, 0, 0, 0, 0, 0, 0, 0, 0],
[710, 1727, 452, 321, 104, 214, 919, 592, 417, 286, 496, 813, 0, 0, 0, 0, 0, 0, 0, 0],
[710, 1727, 1106, 634, 286, 129, 1221, 91, 0, 0, 0, 0, 0, 0, 0, 0, 0, 0, 0, 0],
[710, 1727, 286, 992, 124, 1674, 187, 1088, 1781, 577, 1615, 733, 424, 1598, 0, 0, 0, 0, 0, 0],
[710, 1727, 286, 931, 930, 124, 1434, 919, 516, 77, 1042, 1597, 592, 286, 0, 0, 0, 0, 0, 0],
[710, 1727, 994, 1423, 387, 480, 51, 1184, 286, 124, 930, 0, 0, 0, 0, 0, 0, 0, 0, 0],
[710, 1727, 97, 1227, 286, 1072, 845, 1537, 91, 939, 0, 0, 0, 0, 0, 0, 0, 0, 0, 0],
[710, 1727, 1181, 1706, 563, 634, 260, 592, 1540, 417, 1736, 300, 1483, 1645, 0, 0, 0, 0, 0, 0],
[710, 1727, 54, 9, 1316, 0, 0, 0, 0, 0, 0, 0, 0, 0, 0, 0, 0, 0, 0, 0],
[710, 1727, 1558, 286, 1099, 809, 286, 1472, 424, 765, 973, 540, 683, 0, 0, 0, 0, 0, 0, 0],
[710, 1727, 619, 1507, 102, 769, 1542, 585, 604, 807, 113, 1722, 1424, 856, 0, 0, 0, 0, 0, 0],
[710, 1727, 192, 1606, 430, 1310, 60, 621, 632, 360, 364, 1615, 426, 1598, 286, 0, 0, 0, 0, 0],
[710, 1727, 1606, 527, 11, 1660, 548, 0, 0, 0, 0, 0, 0, 0, 0, 0, 0, 0, 0, 0],
[518, 1441, 147, 1552, 758, 1504, 1310, 479, 558, 0, 0, 0, 0, 0, 0, 0, 0, 0, 0, 0],
[710, 1727, 710, 1530, 1702, 495, 968, 1230, 1727, 0, 0, 0, 0, 0, 0, 0, 0, 0, 0, 0],
[1149, 779, 260, 75, 1537, 577, 1099, 260, 378, 1751, 60, 1684, 1786, 0, 0, 0, 0, 0, 0, 0],
[710, 1727, 452, 471, 0, 0, 0, 0, 0, 0, 0, 0, 0, 0, 0, 0, 0, 0, 0, 0],
[710, 1727, 1141, 1073, 1428, 1519, 364, 1060, 1270, 1082, 829, 1266, 0, 0, 0, 0, 0, 0, 0, 0],
[710, 1727, 315, 796, 90, 51, 105, 676, 340, 1616, 3, 0, 0, 0, 0, 0, 0, 0, 0, 0],
[1640, 460, 430, 286, 518, 902, 1596, 988, 1504, 1027, 260, 518, 1386, 1686, 1285, 558, 0, 0, 0, 0],
[260, 518, 1181, 74, 518, 1188, 468, 835, 147, 1671, 333, 913, 1035, 1720, 0, 0, 0, 0, 0, 0],
[710, 1727, 619, 1330, 548, 481, 90, 90, 1688, 187, 538, 1006, 654, 0, 0, 0, 0, 0, 0, 0],
[710, 1727, 1488, 1227, 548, 370, 0, 0, 0, 0, 0, 0, 0, 0, 0, 0, 0, 0, 0, 0],
[710, 1727, 1537, 464, 279, 0, 0, 0, 0, 0, 0, 0, 0, 0, 0, 0, 0, 0, 0, 0],
[710, 1727, 770, 42, 1461, 1206, 1434, 134, 1443, 676, 932, 984, 0, 0, 0, 0, 0, 0, 0, 0],
[1640, 460, 286, 518, 1304, 189, 0, 0, 0, 0, 0, 0, 0, 0, 0, 0, 0, 0, 0, 0],
[710, 1727, 770, 42, 1461, 1206, 1434, 134, 1443, 676, 932, 984, 0, 0, 0, 0, 0, 0, 0, 0],
[710, 1727, 570, 988, 1285, 1742, 36, 557, 570, 988, 50, 1674, 2, 0, 0, 0, 0, 0, 0, 0],
[710, 1727, 577, 290, 1534, 652, 1620, 47, 1404, 544, 1052, 1684, 592, 306, 1469, 0, 0, 0, 0, 0],
[710, 1727, 671, 1671, 263, 521, 601, 169, 831, 0, 0, 0, 0, 0, 0, 0, 0, 0, 0, 0],
[710, 1727, 346, 561, 480, 51, 0, 0, 0, 0, 0, 0, 0, 0, 0, 0, 0, 0, 0, 0],
[710, 1727, 801, 1433, 1654, 1216, 1388, 883, 1155, 895, 413, 942, 1445, 0, 0, 0, 0, 0, 0, 0],
[710, 1727, 452, 681, 563, 1285, 516, 294, 1586, 1124, 1388, 1338, 291, 518, 831, 0, 0, 0, 0, 0],
[517, 260, 250, 948, 260, 518, 0, 0, 0, 0, 0, 0, 0, 0, 0, 0, 0, 0, 0, 0],
[710, 1727, 1697, 1141, 773, 1072, 1434, 214, 1047, 5, 582, 1047, 5, 364, 1012, 260, 0, 0, 0, 0],
[517, 260, 250, 948, 260, 518, 0, 0, 0, 0, 0, 0, 0, 0, 0, 0, 0, 0, 0, 0],
[710, 1727, 941, 1423, 950, 1427, 424, 286, 1018, 0, 0, 0, 0, 0, 0, 0, 0, 0, 0, 0],
[1254, 460, 480, 51, 1290, 286, 518, 1304, 294, 0, 0, 0, 0, 0, 0, 0, 0, 0, 0, 0],
[1254, 1671, 480, 51, 1679, 1606, 90, 826, 1181, 456, 1434, 985, 577, 1444, 1183, 1596, 1137, 0, 0, 0],
[710, 1727, 710, 1727, 592, 1052, 1108, 508, 51, 991, 88, 1469, 0, 0, 0, 0, 0, 0, 0, 0],
[710, 1727, 710, 424, 1732, 1135, 672, 577, 1388, 1731, 649, 1712, 1712, 752, 286, 51, 0, 0, 0, 0],
[710, 1727, 1679, 1606, 90, 51, 1582, 0, 0, 0, 0, 0, 0, 0, 0, 0, 0, 0, 0, 0],
[1254, 460, 480, 51, 1290, 286, 518, 1304, 294, 0, 0, 0, 0, 0, 0, 0, 0, 0, 0, 0],
[710, 1727, 480, 51, 749, 704, 1537, 134, 1721, 281, 0, 0, 0, 0, 0, 0, 0, 0, 0, 0],
[710, 1727, 1314, 1267, 480, 0, 0, 0, 0, 0, 0, 0, 0, 0, 0, 0, 0, 0, 0, 0],
[1254, 1671, 480, 51, 1679, 1606, 90, 826, 1181, 456, 1434, 985, 577, 1444, 1183, 1596, 1137, 0, 0, 0],
[710, 1727, 577, 715, 1731, 649, 1755, 211, 999, 129, 752, 289, 752, 1012, 260, 0, 0, 0, 0, 0],
[710, 1727, 808, 808, 1330, 17, 118, 214, 204, 770, 968, 11, 322, 1624, 0, 0, 0, 0, 0, 0],
[1254, 1671, 480, 51, 1679, 1606, 90, 826, 1181, 456, 1434, 985, 577, 1444, 1183, 1596, 1137, 0, 0, 0],
[710, 1727, 264, 652, 1434, 931, 1567, 714, 18, 589, 1283, 430, 0, 0, 0, 0, 0, 0, 0, 0],
[710, 1727, 256, 355, 1506, 286, 1546, 170, 704, 765, 1674, 0, 0, 0, 0, 0, 0, 0, 0, 0],
[1149, 779, 909, 463, 1537, 1386, 275, 81, 0, 0, 0, 0, 0, 0, 0, 0, 0, 0, 0, 0],
[710, 1727, 1368, 422, 1606, 286, 0, 0, 0, 0, 0, 0, 0, 0, 0, 0, 0, 0, 0, 0],
[710, 1727, 1141, 1181, 341, 156, 691, 129, 931, 837, 113, 0, 0, 0, 0, 0, 0, 0, 0, 0],
[710, 1727, 1336, 485, 286, 931, 300, 1579, 73, 264, 1098, 1537, 985, 577, 0, 0, 0, 0, 0, 0],
[710, 1727, 286, 51, 739, 1425, 659, 976, 485, 898, 197, 1538, 0, 0, 0, 0, 0, 0, 0, 0],
[710, 1727, 286, 51, 1206, 976, 485, 898, 197, 1538, 0, 0, 0, 0, 0, 0, 0, 0, 0, 0],
[710, 1727, 286, 51, 1206, 0, 0, 0, 0, 0, 0, 0, 0, 0, 0, 0, 0, 0, 0, 0],
[710, 1727, 923, 5, 582, 676, 195, 360, 592, 764, 77, 528, 1007, 5, 129, 909, 0, 0, 0, 0],
[710, 1727, 360, 592, 151, 1492, 1489, 1277, 704, 1716, 1053, 1173, 230, 77, 1705, 0, 0, 0, 0, 0],
[1149, 779, 529, 318, 644, 1751, 1040, 991, 1181, 1184, 0, 0, 0, 0, 0, 0, 0, 0, 0, 0],
[260, 518, 260, 518, 1441, 147, 1552, 123, 1054, 479, 0, 0, 0, 0, 0, 0, 0, 0, 0, 0],
[1149, 779, 0, 0, 0, 0, 0, 0, 0, 0, 0, 0, 0, 0, 0, 0, 0, 0, 0, 0],
[1149, 779, 1725, 820, 0, 0, 0, 0, 0, 0, 0, 0, 0, 0, 0, 0, 0, 0, 0, 0],
[710, 1727, 599, 1464, 1537, 931, 615, 485, 1538, 893, 840, 0, 0, 0, 0, 0, 0, 0, 0, 0],
[1149, 779, 619, 1530, 1530, 559, 1435, 0, 0, 0, 0, 0, 0, 0, 0, 0, 0, 0, 0, 0],
[710, 1727, 1654, 1046, 744, 693, 0, 0, 0, 0, 0, 0, 0, 0, 0, 0, 0, 0, 0, 0],
[710, 1727, 1141, 1725, 1141, 1290, 843, 0, 0, 0, 0, 0, 0, 0, 0, 0, 0, 0, 0, 0],
[710, 1727, 371, 624, 1227, 1170, 1698, 316, 460, 0, 0, 0, 0, 0, 0, 0, 0, 0, 0, 0],
[710, 1727, 1228, 1227, 699, 301, 51, 0, 0, 0, 0, 0, 0, 0, 0, 0, 0, 0, 0, 0],
[710, 1727, 619, 1226, 652, 403, 1629, 1610, 1219, 459, 428, 0, 0, 0, 0, 0, 0, 0, 0, 0],
[710, 1727, 1371, 1358, 665, 0, 0, 0, 0, 0, 0, 0, 0, 0, 0, 0, 0, 0, 0, 0],
[710, 1727, 1141, 1697, 710, 602, 0, 0, 0, 0, 0, 0, 0, 0, 0, 0, 0, 0, 0, 0],
[710, 1727, 804, 1254, 485, 222, 1674, 5, 214, 317, 1381, 1199, 91, 1727, 0, 0, 0, 0, 0, 0],
[710, 1727, 599, 0, 0, 0, 0, 0, 0, 0, 0, 0, 0, 0, 0, 0, 0, 0, 0, 0],
[710, 1727, 51, 0, 0, 0, 0, 0, 0, 0, 0, 0, 0, 0, 0, 0, 0, 0, 0, 0],
[710, 1727, 650, 1246, 1598, 0, 0, 0, 0, 0, 0, 0, 0, 0, 0, 0, 0, 0, 0, 0],
[710, 1727, 104, 286, 704, 1072, 1434, 1072, 1434, 0, 0, 0, 0, 0, 0, 0, 0, 0, 0, 0],
[710, 1727, 1012, 657, 960, 286, 548, 0, 0, 0, 0, 0, 0, 0, 0, 0, 0, 0, 0, 0],
[710, 1727, 1617, 548, 715, 139, 1456, 1547, 1504, 596, 0, 0, 0, 0, 0, 0, 0, 0, 0, 0],
[710, 1727, 231, 639, 260, 93, 0, 0, 0, 0, 0, 0, 0, 0, 0, 0, 0, 0, 0, 0],
[710, 1727, 1034, 733, 931, 1598, 827, 553, 35, 1227, 1379, 0, 0, 0, 0, 0, 0, 0, 0, 0],
[710, 1727, 889, 1331, 1164, 278, 621, 790, 615, 0, 0, 0, 0, 0, 0, 0, 0, 0, 0, 0],
[710, 1727, 399, 0, 0, 0, 0, 0, 0, 0, 0, 0, 0, 0, 0, 0, 0, 0, 0, 0],
[710, 1727, 592, 12, 286, 306, 704, 1089, 92, 0, 0, 0, 0, 0, 0, 0, 0, 0, 0, 0],
[1149, 779, 619, 1088, 260, 283, 105, 1088, 724, 931, 376, 0, 0, 0, 0, 0, 0, 0, 0, 0],
[710, 1727, 485, 1355, 931, 177, 0, 0, 0, 0, 0, 0, 0, 0, 0, 0, 0, 0, 0, 0],
[710, 1727, 894, 482, 286, 177, 577, 696, 990, 1738, 1293, 1393, 177, 1377, 1434, 0, 0, 0, 0, 0],
[1149, 779, 619, 647, 1423, 1500, 376, 283, 0, 0, 0, 0, 0, 0, 0, 0, 0, 0, 0, 0],
[710, 1727, 286, 177, 930, 1434, 755, 592, 316, 667, 322, 0, 0, 0, 0, 0, 0, 0, 0, 0],
[1149, 779, 619, 260, 1413, 647, 1265, 475, 260, 177, 648, 475, 457, 316, 667, 633, 1088, 1099, 0, 0],
[1149, 779, 619, 570, 1630, 724, 931, 260, 1279, 1487, 1030, 321, 774, 288, 712, 316, 1612, 0, 0, 0],
[710, 1727, 592, 1366, 1761, 1018, 0, 0, 0, 0, 0, 0, 0, 0, 0, 0, 0, 0, 0, 0],
[710, 1727, 710, 1386, 801, 1774, 634, 1055, 53, 1181, 1477, 1103, 90, 826, 0, 0, 0, 0, 0, 0],
[710, 1727, 11, 518, 1457, 489, 104, 577, 1040, 1615, 676, 1731, 649, 413, 908, 0, 0, 0, 0, 0],
[710, 1727, 30, 1032, 1453, 1012, 175, 1664, 291, 0, 0, 0, 0, 0, 0, 0, 0, 0, 0, 0],
[710, 1727, 752, 1762, 1267, 565, 1685, 390, 286, 1429, 1569, 258, 880, 198, 5, 0, 0, 0, 0, 0],
[710, 1727, 931, 104, 1586, 286, 300, 739, 1425, 659, 1674, 286, 1429, 1564, 1161, 0, 0, 0, 0, 0],
[710, 1727, 780, 975, 1457, 908, 1724, 1227, 368, 1206, 592, 0, 0, 0, 0, 0, 0, 0, 0, 0],
[710, 1727, 710, 1331, 683, 577, 120, 563, 681, 0, 0, 0, 0, 0, 0, 0, 0, 0, 0, 0],
[710, 1727, 710, 681, 291, 518, 0, 0, 0, 0, 0, 0, 0, 0, 0, 0, 0, 0, 0, 0],
[710, 1727, 286, 124, 1537, 480, 104, 932, 919, 0, 0, 0, 0, 0, 0, 0, 0, 0, 0, 0],
[710, 1727, 782, 0, 0, 0, 0, 0, 0, 0, 0, 0, 0, 0, 0, 0, 0, 0, 0, 0],
[710, 1727, 88, 1469, 194, 492, 34, 0, 0, 0, 0, 0, 0, 0, 0, 0, 0, 0, 0, 0],
[710, 1727, 931, 1386, 322, 129, 485, 0, 0, 0, 0, 0, 0, 0, 0, 0, 0, 0, 0, 0],
[710, 1727, 1254, 460, 286, 518, 221, 613, 278, 1364, 902, 1504, 260, 518, 1386, 0, 0, 0, 0, 0],
[710, 1727, 945, 1052, 954, 1341, 11, 1046, 286, 676, 732, 169, 0, 0, 0, 0, 0, 0, 0, 0],
[710, 1727, 733, 1028, 1227, 391, 1606, 1388, 0, 0, 0, 0, 0, 0, 0, 0, 0, 0, 0, 0],
[710, 1727, 752, 1773, 931, 306, 231, 156, 1338, 245, 1627, 599, 1786, 0, 0, 0, 0, 0, 0, 0],
[710, 1727, 1103, 740, 881, 1208, 1244, 687, 286, 104, 516, 170, 563, 681, 1619, 518, 0, 0, 0, 0],
[710, 1727, 286, 989, 1731, 649, 747, 991, 0, 0, 0, 0, 0, 0, 0, 0, 0, 0, 0, 0],
[710, 1727, 1731, 649, 0, 0, 0, 0, 0, 0, 0, 0, 0, 0, 0, 0, 0, 0, 0, 0],
[710, 1727, 364, 599, 672, 132, 673, 1731, 649, 1747, 0, 0, 0, 0, 0, 0, 0, 0, 0, 0],
[710, 1727, 838, 1295, 992, 373, 0, 0, 0, 0, 0, 0, 0, 0, 0, 0, 0, 0, 0, 0],
[710, 1727, 1447, 1141, 472, 12, 670, 291, 0, 0, 0, 0, 0, 0, 0, 0, 0, 0, 0, 0],
[710, 1727, 12, 1493, 1181, 0, 0, 0, 0, 0, 0, 0, 0, 0, 0, 0, 0, 0, 0, 0],
[710, 1727, 0, 0, 0, 0, 0, 0, 0, 0, 0, 0, 0, 0, 0, 0, 0, 0, 0, 0],
[710, 1727, 992, 286, 937, 666, 1151, 1262, 1434, 1584, 898, 213, 1012, 175, 1128, 1747, 0, 0, 0, 0],
[710, 1727, 231, 105, 432, 1098, 1671, 286, 177, 1537, 0, 0, 0, 0, 0, 0, 0, 0, 0, 0],
[710, 1727, 1714, 577, 364, 419, 430, 1577, 1386, 430, 0, 0, 0, 0, 0, 0, 0, 0, 0, 0],
[710, 1727, 1531, 114, 1155, 91, 931, 0, 0, 0, 0, 0, 0, 0, 0, 0, 0, 0, 0, 0],
[710, 1727, 1034, 1469, 203, 90, 826, 1731, 649, 275, 0, 0, 0, 0, 0, 0, 0, 0, 0, 0],
[710, 1727, 1181, 1184, 1444, 85, 718, 1434, 1386, 254, 485, 931, 592, 1747, 1761, 0, 0, 0, 0, 0],
[710, 1727, 1094, 0, 0, 0, 0, 0, 0, 0, 0, 0, 0, 0, 0, 0, 0, 0, 0, 0],
[710, 1727, 680, 1587, 1129, 1537, 849, 1674, 1293, 1393, 221, 613, 0, 0, 0, 0, 0, 0, 0, 0],
[710, 1727, 1116, 7, 1709, 881, 286, 241, 1765, 991, 0, 0, 0, 0, 0, 0, 0, 0, 0, 0],
[710, 1727, 992, 286, 582, 1537, 286, 930, 553, 85, 718, 852, 364, 0, 0, 0, 0, 0, 0, 0],
[710, 1727, 1592, 306, 192, 796, 1595, 1702, 801, 412, 11, 0, 0, 0, 0, 0, 0, 0, 0, 0],
[710, 1727, 1405, 1228, 1227, 592, 1037, 914, 1375, 1537, 985, 577, 615, 831, 273, 49, 0, 0, 0, 0],
[710, 1727, 1375, 1674, 1393, 621, 1227, 1666, 1375, 1434, 1714, 1734, 1450, 456, 177, 0, 0, 0, 0, 0],
[710, 1727, 60, 517, 1293, 1393, 11, 1246, 617, 104, 589, 518, 592, 390, 0, 0, 0, 0, 0, 0],
[710, 1727, 1684, 378, 470, 1293, 1393, 919, 0, 0, 0, 0, 0, 0, 0, 0, 0, 0, 0, 0],
[710, 1727, 1260, 364, 896, 286, 931, 1537, 1434, 666, 1205, 387, 1088, 960, 0, 0, 0, 0, 0, 0],
[710, 1727, 710, 1727, 700, 870, 1169, 485, 90, 51, 1181, 1012, 175, 1386, 1674, 1228, 0, 0, 0, 0],
[710, 1727, 846, 987, 1418, 1460, 1747, 1141, 12, 1599, 0, 0, 0, 0, 0, 0, 0, 0, 0, 0],
[710, 1727, 710, 1434, 1228, 1228, 60, 1120, 177, 1674, 286, 1386, 1586, 1674, 0, 0, 0, 0, 0, 0],
[710, 1727, 213, 107, 485, 1598, 63, 1088, 544, 213, 1434, 1731, 1773, 1388, 0, 0, 0, 0, 0, 0],
[710, 1727, 1240, 91, 104, 1537, 286, 0, 0, 0, 0, 0, 0, 0, 0, 0, 0, 0, 0, 0],
[710, 1727, 1434, 1285, 1586, 286, 712, 649, 752, 939, 0, 0, 0, 0, 0, 0, 0, 0, 0, 0],
[710, 1727, 1504, 596, 0, 0, 0, 0, 0, 0, 0, 0, 0, 0, 0, 0, 0, 0, 0, 0],
[710, 1727, 1100, 322, 1324, 286, 151, 1468, 975, 281, 592, 286, 0, 0, 0, 0, 0, 0, 0, 0],
[710, 1727, 361, 97, 1227, 972, 0, 0, 0, 0, 0, 0, 0, 0, 0, 0, 0, 0, 0, 0],
[710, 1727, 1535, 0, 0, 0, 0, 0, 0, 0, 0, 0, 0, 0, 0, 0, 0, 0, 0, 0],
[710, 1727, 592, 1777, 1747, 1761, 0, 0, 0, 0, 0, 0, 0, 0, 0, 0, 0, 0, 0, 0],
[710, 1727, 1622, 1388, 0, 0, 0, 0, 0, 0, 0, 0, 0, 0, 0, 0, 0, 0, 0, 0],
[710, 1727, 562, 284, 1596, 897, 731, 1412, 1537, 264, 780, 213, 759, 1346, 1674, 7, 1591, 0, 0, 0],
[710, 1727, 286, 51, 364, 650, 1508, 0, 0, 0, 0, 0, 0, 0, 0, 0, 0, 0, 0, 0],
[710, 1727, 846, 1141, 1460, 1747, 1141, 1423, 164, 1032, 0, 0, 0, 0, 0, 0, 0, 0, 0, 0],
[710, 1727, 1322, 0, 0, 0, 0, 0, 0, 0, 0, 0, 0, 0, 0, 0, 0, 0, 0, 0],
[710, 1727, 846, 987, 1460, 1747, 1141, 1286, 1311, 0, 0, 0, 0, 0, 0, 0, 0, 0, 0, 0],
[710, 1727, 1012, 1537, 985, 1293, 1393, 1151, 1262, 11, 177, 612, 0, 0, 0, 0, 0, 0, 0, 0],
[710, 1727, 617, 1032, 1302, 876, 1271, 0, 0, 0, 0, 0, 0, 0, 0, 0, 0, 0, 0, 0],
[710, 1727, 975, 617, 12, 480, 51, 286, 51, 90, 51, 1747, 628, 262, 1643, 0, 0, 0, 0, 0],
[710, 1727, 214, 1606, 1674, 676, 186, 232, 1388, 733, 793, 826, 1724, 0, 0, 0, 0, 0, 0, 0],
[710, 1727, 322, 85, 718, 286, 992, 0, 0, 0, 0, 0, 0, 0, 0, 0, 0, 0, 0, 0],
[710, 1727, 870, 602, 546, 0, 0, 0, 0, 0, 0, 0, 0, 0, 0, 0, 0, 0, 0, 0],
[710, 1727, 529, 565, 77, 6, 5, 270, 104, 322, 0, 0, 0, 0, 0, 0, 0, 0, 0, 0],
[710, 1727, 417, 286, 516, 1118, 923, 77, 577, 759, 361, 1018, 177, 100, 1685, 0, 0, 0, 0, 0],
[710, 1727, 1646, 1550, 286, 5, 582, 1362, 822, 361, 0, 0, 0, 0, 0, 0, 0, 0, 0, 0],
[710, 1727, 417, 286, 516, 1118, 923, 77, 577, 759, 361, 1018, 177, 100, 1685, 0, 0, 0, 0, 0],
[710, 1727, 1646, 1550, 286, 5, 582, 1362, 822, 361, 0, 0, 0, 0, 0, 0, 0, 0, 0, 0],
[710, 1727, 231, 1170, 430, 786, 1012, 1356, 286, 931, 0, 0, 0, 0, 0, 0, 0, 0, 0, 0],
[710, 1727, 1426, 387, 218, 515, 1699, 1595, 281, 1697, 1747, 0, 0, 0, 0, 0, 0, 0, 0, 0],
[710, 1727, 129, 286, 1596, 336, 1347, 1657, 1360, 1072, 1674, 1181, 1612, 0, 0, 0, 0, 0, 0, 0]